Thu Apr 23 19:24:15 2026       
+-----------------------------------------------------------------------------------------+
| NVIDIA-SMI 590.48.01              Driver Version: 590.48.01      CUDA Version: 13.1     |
+-----------------------------------------+------------------------+----------------------+
| GPU  Name                 Persistence-M | Bus-Id          Disp.A | Volatile Uncorr. ECC |
| Fan  Temp   Perf          Pwr:Usage/Cap |           Memory-Usage | GPU-Util  Compute M. |
|                                         |                        |               MIG M. |
|=========================================+========================+======================|
|   0  NVIDIA H100                    On  |   00000000:26:00.0 Off |                    0 |
| N/A   33C    P0             66W /  700W |       0MiB /  95830MiB |      0%      Default |
|                                         |                        |             Disabled |
+-----------------------------------------+------------------------+----------------------+

+-----------------------------------------------------------------------------------------+
| Processes:                                                                              |
|  GPU   GI   CI              PID   Type   Process name                        GPU Memory |
|        ID   ID                                                               Usage      |
|=========================================================================================|
|  No running processes found                                                             |
+-----------------------------------------------------------------------------------------+
CUDA version: Cuda compilation tools, release 12.1, V12.1.105
[Master] Starting delta_decoding Grid Search for LLAMA.
[Master] Parameters: ['window_size', 'row_thresh']
[Master] Total Experiments: 1
[Master] Output Folder: experiment_delta_decoding_1

=== Step 1/1: {'window_size': 100, 'row_thresh': 15} ===
[Master] Running worker for {'window_size': 100, 'row_thresh': 15}
Experiment Globals: {'delta_decode': True, 'row_delta_threshold': 15.0, 'delta_pf_key_on': 1, 'flash': True, 'delta_type': 'row', 'divide_to': 16}
[Worker] Setting safe globVR defaults for model initialization...
[Worker] 'decoding' triggered. Forcing task: ['longbench_gov_report']
[Worker] Loading Model: meta-llama/Meta-Llama-3.1-8B-Instruct...
[Worker] Applying delta_decoding settings: {'delta_decode': True, 'row_delta_threshold': 15.0, 'delta_pf_key_on': 1, 'flash': True, 'delta_type': 'row', 'divide_to': 16}
[Worker] Monkey-patching model.generate() to inject HybridCompressedCache...
[Config] Created new directory: snellius_experiments/llama/experiment_delta_decoding_1/config_1
--- Running Task: longbench_gov_report ---
    - Setting time_internal: True
[KV Tracker] Step 18710 | Active Tokens: 10659 (E:50, P:10609) | Size: 1332.38 MB (vs Uncompressed 2338.75 MB) | Reduction: 43.0%
[KV Tracker] Step 18720 | Active Tokens: 10669 (E:50, P:10619) | Size: 1333.62 MB (vs Uncompressed 2340.00 MB) | Reduction: 43.0%
[KV Tracker] Step 18730 | Active Tokens: 10679 (E:50, P:10629) | Size: 1334.88 MB (vs Uncompressed 2341.25 MB) | Reduction: 43.0%
[KV Tracker] Step 18740 | Active Tokens: 10689 (E:50, P:10639) | Size: 1336.12 MB (vs Uncompressed 2342.50 MB) | Reduction: 43.0%
[KV Tracker] Step 18750 | Active Tokens: 10699 (E:50, P:10649) | Size: 1337.38 MB (vs Uncompressed 2343.75 MB) | Reduction: 42.9%
[KV Tracker] Step 18760 | Active Tokens: 10709 (E:50, P:10659) | Size: 1338.62 MB (vs Uncompressed 2345.00 MB) | Reduction: 42.9%
[KV Tracker] Step 18770 | Active Tokens: 10719 (E:50, P:10669) | Size: 1339.88 MB (vs Uncompressed 2346.25 MB) | Reduction: 42.9%
[KV Tracker] Step 18780 | Active Tokens: 10729 (E:50, P:10679) | Size: 1341.12 MB (vs Uncompressed 2347.50 MB) | Reduction: 42.9%
[KV Tracker] Step 18790 | Active Tokens: 10739 (E:50, P:10689) | Size: 1342.38 MB (vs Uncompressed 2348.75 MB) | Reduction: 42.8%
[KV Tracker] Step 18800 | Active Tokens: 10749 (E:50, P:10699) | Size: 1343.62 MB (vs Uncompressed 2350.00 MB) | Reduction: 42.8%
[KV Tracker] Step 18810 | Active Tokens: 10759 (E:50, P:10709) | Size: 1344.88 MB (vs Uncompressed 2351.25 MB) | Reduction: 42.8%
[KV Tracker] Step 18820 | Active Tokens: 10769 (E:50, P:10719) | Size: 1346.12 MB (vs Uncompressed 2352.50 MB) | Reduction: 42.8%
[KV Tracker] Step 18830 | Active Tokens: 10779 (E:50, P:10729) | Size: 1347.38 MB (vs Uncompressed 2353.75 MB) | Reduction: 42.8%
[KV Tracker] Step 18840 | Active Tokens: 10789 (E:50, P:10739) | Size: 1348.62 MB (vs Uncompressed 2355.00 MB) | Reduction: 42.7%
[KV Tracker] Step 18850 | Active Tokens: 10799 (E:50, P:10749) | Size: 1349.88 MB (vs Uncompressed 2356.25 MB) | Reduction: 42.7%
[KV Tracker] Step 18860 | Active Tokens: 10809 (E:50, P:10759) | Size: 1351.12 MB (vs Uncompressed 2357.50 MB) | Reduction: 42.7%
[KV Tracker] Step 18870 | Active Tokens: 10819 (E:50, P:10769) | Size: 1352.38 MB (vs Uncompressed 2358.75 MB) | Reduction: 42.7%
[KV Tracker] Step 18880 | Active Tokens: 10829 (E:50, P:10779) | Size: 1353.62 MB (vs Uncompressed 2360.00 MB) | Reduction: 42.6%
[KV Tracker] Step 18890 | Active Tokens: 10839 (E:50, P:10789) | Size: 1354.88 MB (vs Uncompressed 2361.25 MB) | Reduction: 42.6%
[KV Tracker] Step 18900 | Active Tokens: 10849 (E:50, P:10799) | Size: 1356.12 MB (vs Uncompressed 2362.50 MB) | Reduction: 42.6%
[KV Tracker] Step 18910 | Active Tokens: 10859 (E:50, P:10809) | Size: 1357.38 MB (vs Uncompressed 2363.75 MB) | Reduction: 42.6%
[KV Tracker] Step 18920 | Active Tokens: 10869 (E:50, P:10819) | Size: 1358.62 MB (vs Uncompressed 2365.00 MB) | Reduction: 42.6%
[KV Tracker] Step 18930 | Active Tokens: 10879 (E:50, P:10829) | Size: 1359.88 MB (vs Uncompressed 2366.25 MB) | Reduction: 42.5%
[KV Tracker] Step 18940 | Active Tokens: 10889 (E:50, P:10839) | Size: 1361.12 MB (vs Uncompressed 2367.50 MB) | Reduction: 42.5%
[KV Tracker] Step 18950 | Active Tokens: 10791 (E:50, P:10741) | Size: 1348.88 MB (vs Uncompressed 2368.75 MB) | Reduction: 43.1%
[KV Tracker] Step 18960 | Active Tokens: 10801 (E:50, P:10751) | Size: 1350.12 MB (vs Uncompressed 2370.00 MB) | Reduction: 43.0%
[KV Tracker] Step 18970 | Active Tokens: 10811 (E:50, P:10761) | Size: 1351.38 MB (vs Uncompressed 2371.25 MB) | Reduction: 43.0%
[KV Tracker] Step 18980 | Active Tokens: 10821 (E:50, P:10771) | Size: 1352.62 MB (vs Uncompressed 2372.50 MB) | Reduction: 43.0%
[KV Tracker] Step 18990 | Active Tokens: 10831 (E:50, P:10781) | Size: 1353.88 MB (vs Uncompressed 2373.75 MB) | Reduction: 43.0%
[KV Tracker] Step 19000 | Active Tokens: 10841 (E:50, P:10791) | Size: 1355.12 MB (vs Uncompressed 2375.00 MB) | Reduction: 42.9%
[KV Tracker] Step 19010 | Active Tokens: 10851 (E:50, P:10801) | Size: 1356.38 MB (vs Uncompressed 2376.25 MB) | Reduction: 42.9%
[KV Tracker] Step 19020 | Active Tokens: 10861 (E:50, P:10811) | Size: 1357.62 MB (vs Uncompressed 2377.50 MB) | Reduction: 42.9%
[KV Tracker] Step 19030 | Active Tokens: 10871 (E:50, P:10821) | Size: 1358.88 MB (vs Uncompressed 2378.75 MB) | Reduction: 42.9%
[KV Tracker] Step 19040 | Active Tokens: 10881 (E:50, P:10831) | Size: 1360.12 MB (vs Uncompressed 2380.00 MB) | Reduction: 42.9%
[KV Tracker] Step 19050 | Active Tokens: 10891 (E:50, P:10841) | Size: 1361.38 MB (vs Uncompressed 2381.25 MB) | Reduction: 42.8%
[KV Tracker] Step 19060 | Active Tokens: 10901 (E:50, P:10851) | Size: 1362.62 MB (vs Uncompressed 2382.50 MB) | Reduction: 42.8%
[KV Tracker] Step 19070 | Active Tokens: 10911 (E:50, P:10861) | Size: 1363.88 MB (vs Uncompressed 2383.75 MB) | Reduction: 42.8%
[KV Tracker] Step 19080 | Active Tokens: 10921 (E:50, P:10871) | Size: 1365.12 MB (vs Uncompressed 2385.00 MB) | Reduction: 42.8%
[KV Tracker] Step 19090 | Active Tokens: 10931 (E:50, P:10881) | Size: 1366.38 MB (vs Uncompressed 2386.25 MB) | Reduction: 42.7%
[KV Tracker] Step 19100 | Active Tokens: 10941 (E:50, P:10891) | Size: 1367.62 MB (vs Uncompressed 2387.50 MB) | Reduction: 42.7%
[KV Tracker] Step 19110 | Active Tokens: 10951 (E:50, P:10901) | Size: 1368.88 MB (vs Uncompressed 2388.75 MB) | Reduction: 42.7%
[KV Tracker] Step 19120 | Active Tokens: 10961 (E:50, P:10911) | Size: 1370.12 MB (vs Uncompressed 2390.00 MB) | Reduction: 42.7%
[KV Tracker] Step 18660 | Active Tokens: 9874 (E:50, P:9824) | Size: 1234.25 MB (vs Uncompressed 2332.50 MB) | Reduction: 47.1%
[KV Tracker] Step 18670 | Active Tokens: 9884 (E:50, P:9834) | Size: 1235.50 MB (vs Uncompressed 2333.75 MB) | Reduction: 47.1%
[KV Tracker] Step 18680 | Active Tokens: 9894 (E:50, P:9844) | Size: 1236.75 MB (vs Uncompressed 2335.00 MB) | Reduction: 47.0%
[KV Tracker] Step 18690 | Active Tokens: 9887 (E:50, P:9837) | Size: 1235.88 MB (vs Uncompressed 2336.25 MB) | Reduction: 47.1%
[KV Tracker] Step 18700 | Active Tokens: 9897 (E:50, P:9847) | Size: 1237.12 MB (vs Uncompressed 2337.50 MB) | Reduction: 47.1%
[KV Tracker] Step 18710 | Active Tokens: 9907 (E:50, P:9857) | Size: 1238.38 MB (vs Uncompressed 2338.75 MB) | Reduction: 47.0%
[KV Tracker] Step 18720 | Active Tokens: 9917 (E:50, P:9867) | Size: 1239.62 MB (vs Uncompressed 2340.00 MB) | Reduction: 47.0%
[KV Tracker] Step 18730 | Active Tokens: 9927 (E:50, P:9877) | Size: 1240.88 MB (vs Uncompressed 2341.25 MB) | Reduction: 47.0%
[KV Tracker] Step 18740 | Active Tokens: 9937 (E:50, P:9887) | Size: 1242.12 MB (vs Uncompressed 2342.50 MB) | Reduction: 47.0%
[KV Tracker] Step 18750 | Active Tokens: 9947 (E:50, P:9897) | Size: 1243.38 MB (vs Uncompressed 2343.75 MB) | Reduction: 46.9%
[KV Tracker] Step 18760 | Active Tokens: 9957 (E:50, P:9907) | Size: 1244.62 MB (vs Uncompressed 2345.00 MB) | Reduction: 46.9%
[KV Tracker] Step 18770 | Active Tokens: 9967 (E:50, P:9917) | Size: 1245.88 MB (vs Uncompressed 2346.25 MB) | Reduction: 46.9%
[KV Tracker] Step 18780 | Active Tokens: 9977 (E:50, P:9927) | Size: 1247.12 MB (vs Uncompressed 2347.50 MB) | Reduction: 46.9%
[KV Tracker] Step 18790 | Active Tokens: 9987 (E:50, P:9937) | Size: 1248.38 MB (vs Uncompressed 2348.75 MB) | Reduction: 46.8%
[KV Tracker] Step 18800 | Active Tokens: 9997 (E:50, P:9947) | Size: 1249.62 MB (vs Uncompressed 2350.00 MB) | Reduction: 46.8%
[KV Tracker] Step 18810 | Active Tokens: 10007 (E:50, P:9957) | Size: 1250.88 MB (vs Uncompressed 2351.25 MB) | Reduction: 46.8%
[KV Tracker] Step 18820 | Active Tokens: 10017 (E:50, P:9967) | Size: 1252.12 MB (vs Uncompressed 2352.50 MB) | Reduction: 46.8%
[KV Tracker] Step 18830 | Active Tokens: 10027 (E:50, P:9977) | Size: 1253.38 MB (vs Uncompressed 2353.75 MB) | Reduction: 46.7%
[KV Tracker] Step 18840 | Active Tokens: 10037 (E:50, P:9987) | Size: 1254.62 MB (vs Uncompressed 2355.00 MB) | Reduction: 46.7%
[KV Tracker] Step 18850 | Active Tokens: 10047 (E:50, P:9997) | Size: 1255.88 MB (vs Uncompressed 2356.25 MB) | Reduction: 46.7%
[KV Tracker] Step 18860 | Active Tokens: 10057 (E:50, P:10007) | Size: 1257.12 MB (vs Uncompressed 2357.50 MB) | Reduction: 46.7%
[KV Tracker] Step 18870 | Active Tokens: 10067 (E:50, P:10017) | Size: 1258.38 MB (vs Uncompressed 2358.75 MB) | Reduction: 46.7%
[KV Tracker] Step 18880 | Active Tokens: 10077 (E:50, P:10027) | Size: 1259.62 MB (vs Uncompressed 2360.00 MB) | Reduction: 46.6%
[KV Tracker] Step 18890 | Active Tokens: 10087 (E:50, P:10037) | Size: 1260.88 MB (vs Uncompressed 2361.25 MB) | Reduction: 46.6%
[KV Tracker] Step 18900 | Active Tokens: 10097 (E:50, P:10047) | Size: 1262.12 MB (vs Uncompressed 2362.50 MB) | Reduction: 46.6%
[KV Tracker] Step 18910 | Active Tokens: 10107 (E:50, P:10057) | Size: 1263.38 MB (vs Uncompressed 2363.75 MB) | Reduction: 46.6%
[KV Tracker] Step 18920 | Active Tokens: 10117 (E:50, P:10067) | Size: 1264.62 MB (vs Uncompressed 2365.00 MB) | Reduction: 46.5%
[KV Tracker] Step 18930 | Active Tokens: 10127 (E:50, P:10077) | Size: 1265.88 MB (vs Uncompressed 2366.25 MB) | Reduction: 46.5%
[KV Tracker] Step 18940 | Active Tokens: 10137 (E:50, P:10087) | Size: 1267.12 MB (vs Uncompressed 2367.50 MB) | Reduction: 46.5%
[KV Tracker] Step 18950 | Active Tokens: 10032 (E:50, P:9982) | Size: 1254.00 MB (vs Uncompressed 2368.75 MB) | Reduction: 47.1%
[KV Tracker] Step 18960 | Active Tokens: 10042 (E:50, P:9992) | Size: 1255.25 MB (vs Uncompressed 2370.00 MB) | Reduction: 47.0%
[KV Tracker] Step 18970 | Active Tokens: 10052 (E:50, P:10002) | Size: 1256.50 MB (vs Uncompressed 2371.25 MB) | Reduction: 47.0%
[KV Tracker] Step 18980 | Active Tokens: 10062 (E:50, P:10012) | Size: 1257.75 MB (vs Uncompressed 2372.50 MB) | Reduction: 47.0%
[KV Tracker] Step 18990 | Active Tokens: 10072 (E:50, P:10022) | Size: 1259.00 MB (vs Uncompressed 2373.75 MB) | Reduction: 47.0%
[KV Tracker] Step 19000 | Active Tokens: 10082 (E:50, P:10032) | Size: 1260.25 MB (vs Uncompressed 2375.00 MB) | Reduction: 46.9%
[KV Tracker] Step 19010 | Active Tokens: 10092 (E:50, P:10042) | Size: 1261.50 MB (vs Uncompressed 2376.25 MB) | Reduction: 46.9%
[KV Tracker] Step 19020 | Active Tokens: 10102 (E:50, P:10052) | Size: 1262.75 MB (vs Uncompressed 2377.50 MB) | Reduction: 46.9%
[KV Tracker] Step 19030 | Active Tokens: 10112 (E:50, P:10062) | Size: 1264.00 MB (vs Uncompressed 2378.75 MB) | Reduction: 46.9%
[KV Tracker] Step 19040 | Active Tokens: 10122 (E:50, P:10072) | Size: 1265.25 MB (vs Uncompressed 2380.00 MB) | Reduction: 46.8%
[KV Tracker] Step 19050 | Active Tokens: 10132 (E:50, P:10082) | Size: 1266.50 MB (vs Uncompressed 2381.25 MB) | Reduction: 46.8%
[KV Tracker] Step 19060 | Active Tokens: 10142 (E:50, P:10092) | Size: 1267.75 MB (vs Uncompressed 2382.50 MB) | Reduction: 46.8%
[KV Tracker] Step 19070 | Active Tokens: 10152 (E:50, P:10102) | Size: 1269.00 MB (vs Uncompressed 2383.75 MB) | Reduction: 46.8%
[KV Tracker] Step 19080 | Active Tokens: 10162 (E:50, P:10112) | Size: 1270.25 MB (vs Uncompressed 2385.00 MB) | Reduction: 46.7%
[KV Tracker] Step 19090 | Active Tokens: 10172 (E:50, P:10122) | Size: 1271.50 MB (vs Uncompressed 2386.25 MB) | Reduction: 46.7%
[KV Tracker] Step 19100 | Active Tokens: 10182 (E:50, P:10132) | Size: 1272.75 MB (vs Uncompressed 2387.50 MB) | Reduction: 46.7%
[KV Tracker] Step 19110 | Active Tokens: 10192 (E:50, P:10142) | Size: 1274.00 MB (vs Uncompressed 2388.75 MB) | Reduction: 46.7%
[KV Tracker] Step 19120 | Active Tokens: 10202 (E:50, P:10152) | Size: 1275.25 MB (vs Uncompressed 2390.00 MB) | Reduction: 46.6%
[KV Tracker] Step 19130 | Active Tokens: 10212 (E:50, P:10162) | Size: 1276.50 MB (vs Uncompressed 2391.25 MB) | Reduction: 46.6%
[KV Tracker] Step 19140 | Active Tokens: 10222 (E:50, P:10172) | Size: 1277.75 MB (vs Uncompressed 2392.50 MB) | Reduction: 46.6%
[KV Tracker] Step 19150 | Active Tokens: 10232 (E:50, P:10182) | Size: 1279.00 MB (vs Uncompressed 2393.75 MB) | Reduction: 46.6%
[KV Tracker] Step 19160 | Active Tokens: 10242 (E:50, P:10192) | Size: 1280.25 MB (vs Uncompressed 2395.00 MB) | Reduction: 46.5%
[KV Tracker] Step 16190 | Active Tokens: 8465 (E:50, P:8415) | Size: 1058.12 MB (vs Uncompressed 2023.75 MB) | Reduction: 47.7%
[KV Tracker] Step 16200 | Active Tokens: 8475 (E:50, P:8425) | Size: 1059.38 MB (vs Uncompressed 2025.00 MB) | Reduction: 47.7%
[KV Tracker] Step 16210 | Active Tokens: 8485 (E:50, P:8435) | Size: 1060.62 MB (vs Uncompressed 2026.25 MB) | Reduction: 47.7%
[KV Tracker] Step 16220 | Active Tokens: 8495 (E:50, P:8445) | Size: 1061.88 MB (vs Uncompressed 2027.50 MB) | Reduction: 47.6%
[KV Tracker] Step 16230 | Active Tokens: 8505 (E:50, P:8455) | Size: 1063.12 MB (vs Uncompressed 2028.75 MB) | Reduction: 47.6%
[KV Tracker] Step 16240 | Active Tokens: 8515 (E:50, P:8465) | Size: 1064.38 MB (vs Uncompressed 2030.00 MB) | Reduction: 47.6%
[KV Tracker] Step 16250 | Active Tokens: 8525 (E:50, P:8475) | Size: 1065.62 MB (vs Uncompressed 2031.25 MB) | Reduction: 47.5%
[KV Tracker] Step 16260 | Active Tokens: 8535 (E:50, P:8485) | Size: 1066.88 MB (vs Uncompressed 2032.50 MB) | Reduction: 47.5%
[KV Tracker] Step 16270 | Active Tokens: 8545 (E:50, P:8495) | Size: 1068.12 MB (vs Uncompressed 2033.75 MB) | Reduction: 47.5%
[KV Tracker] Step 16280 | Active Tokens: 8555 (E:50, P:8505) | Size: 1069.38 MB (vs Uncompressed 2035.00 MB) | Reduction: 47.5%
[KV Tracker] Step 16290 | Active Tokens: 8565 (E:50, P:8515) | Size: 1070.62 MB (vs Uncompressed 2036.25 MB) | Reduction: 47.4%
[KV Tracker] Step 16300 | Active Tokens: 8575 (E:50, P:8525) | Size: 1071.88 MB (vs Uncompressed 2037.50 MB) | Reduction: 47.4%
[KV Tracker] Step 16310 | Active Tokens: 8585 (E:50, P:8535) | Size: 1073.12 MB (vs Uncompressed 2038.75 MB) | Reduction: 47.4%
[KV Tracker] Step 16320 | Active Tokens: 8595 (E:50, P:8545) | Size: 1074.38 MB (vs Uncompressed 2040.00 MB) | Reduction: 47.3%
[KV Tracker] Step 16330 | Active Tokens: 8605 (E:50, P:8555) | Size: 1075.62 MB (vs Uncompressed 2041.25 MB) | Reduction: 47.3%
[KV Tracker] Step 16340 | Active Tokens: 8615 (E:50, P:8565) | Size: 1076.88 MB (vs Uncompressed 2042.50 MB) | Reduction: 47.3%
[KV Tracker] Step 16350 | Active Tokens: 8625 (E:50, P:8575) | Size: 1078.12 MB (vs Uncompressed 2043.75 MB) | Reduction: 47.2%
[KV Tracker] Step 16360 | Active Tokens: 8635 (E:50, P:8585) | Size: 1079.38 MB (vs Uncompressed 2045.00 MB) | Reduction: 47.2%
[KV Tracker] Step 16370 | Active Tokens: 8645 (E:50, P:8595) | Size: 1080.62 MB (vs Uncompressed 2046.25 MB) | Reduction: 47.2%
[KV Tracker] Step 16380 | Active Tokens: 8655 (E:50, P:8605) | Size: 1081.88 MB (vs Uncompressed 2047.50 MB) | Reduction: 47.2%
[KV Tracker] Step 16390 | Active Tokens: 8572 (E:50, P:8522) | Size: 1071.50 MB (vs Uncompressed 2048.75 MB) | Reduction: 47.7%
[KV Tracker] Step 16400 | Active Tokens: 8582 (E:50, P:8532) | Size: 1072.75 MB (vs Uncompressed 2050.00 MB) | Reduction: 47.7%
[KV Tracker] Step 16410 | Active Tokens: 8592 (E:50, P:8542) | Size: 1074.00 MB (vs Uncompressed 2051.25 MB) | Reduction: 47.6%
[KV Tracker] Step 16420 | Active Tokens: 8602 (E:50, P:8552) | Size: 1075.25 MB (vs Uncompressed 2052.50 MB) | Reduction: 47.6%
[KV Tracker] Step 16430 | Active Tokens: 8612 (E:50, P:8562) | Size: 1076.50 MB (vs Uncompressed 2053.75 MB) | Reduction: 47.6%
[KV Tracker] Step 16440 | Active Tokens: 8622 (E:50, P:8572) | Size: 1077.75 MB (vs Uncompressed 2055.00 MB) | Reduction: 47.6%
[KV Tracker] Step 16450 | Active Tokens: 8632 (E:50, P:8582) | Size: 1079.00 MB (vs Uncompressed 2056.25 MB) | Reduction: 47.5%
[KV Tracker] Step 16460 | Active Tokens: 8642 (E:50, P:8592) | Size: 1080.25 MB (vs Uncompressed 2057.50 MB) | Reduction: 47.5%
[KV Tracker] Step 16470 | Active Tokens: 8652 (E:50, P:8602) | Size: 1081.50 MB (vs Uncompressed 2058.75 MB) | Reduction: 47.5%
[KV Tracker] Step 16480 | Active Tokens: 8662 (E:50, P:8612) | Size: 1082.75 MB (vs Uncompressed 2060.00 MB) | Reduction: 47.4%
[KV Tracker] Step 16490 | Active Tokens: 8672 (E:50, P:8622) | Size: 1084.00 MB (vs Uncompressed 2061.25 MB) | Reduction: 47.4%
[KV Tracker] Step 16500 | Active Tokens: 8682 (E:50, P:8632) | Size: 1085.25 MB (vs Uncompressed 2062.50 MB) | Reduction: 47.4%
[KV Tracker] Step 16510 | Active Tokens: 8692 (E:50, P:8642) | Size: 1086.50 MB (vs Uncompressed 2063.75 MB) | Reduction: 47.4%
[KV Tracker] Step 16520 | Active Tokens: 8702 (E:50, P:8652) | Size: 1087.75 MB (vs Uncompressed 2065.00 MB) | Reduction: 47.3%
[KV Tracker] Step 16530 | Active Tokens: 8712 (E:50, P:8662) | Size: 1089.00 MB (vs Uncompressed 2066.25 MB) | Reduction: 47.3%
[KV Tracker] Step 16540 | Active Tokens: 8722 (E:50, P:8672) | Size: 1090.25 MB (vs Uncompressed 2067.50 MB) | Reduction: 47.3%
[KV Tracker] Step 16550 | Active Tokens: 8732 (E:50, P:8682) | Size: 1091.50 MB (vs Uncompressed 2068.75 MB) | Reduction: 47.2%
[KV Tracker] Step 16560 | Active Tokens: 8742 (E:50, P:8692) | Size: 1092.75 MB (vs Uncompressed 2070.00 MB) | Reduction: 47.2%
[KV Tracker] Step 16570 | Active Tokens: 8752 (E:50, P:8702) | Size: 1094.00 MB (vs Uncompressed 2071.25 MB) | Reduction: 47.2%
[KV Tracker] Step 16580 | Active Tokens: 8762 (E:50, P:8712) | Size: 1095.25 MB (vs Uncompressed 2072.50 MB) | Reduction: 47.2%
[KV Tracker] Step 16590 | Active Tokens: 8772 (E:50, P:8722) | Size: 1096.50 MB (vs Uncompressed 2073.75 MB) | Reduction: 47.1%
[KV Tracker] Step 16600 | Active Tokens: 8782 (E:50, P:8732) | Size: 1097.75 MB (vs Uncompressed 2075.00 MB) | Reduction: 47.1%
[KV Tracker] Step 16610 | Active Tokens: 8792 (E:50, P:8742) | Size: 1099.00 MB (vs Uncompressed 2076.25 MB) | Reduction: 47.1%
[KV Tracker] Step 16620 | Active Tokens: 8802 (E:50, P:8752) | Size: 1100.25 MB (vs Uncompressed 2077.50 MB) | Reduction: 47.0%
[KV Tracker] Step 16630 | Active Tokens: 8812 (E:50, P:8762) | Size: 1101.50 MB (vs Uncompressed 2078.75 MB) | Reduction: 47.0%
[KV Tracker] Step 15440 | Active Tokens: 8158 (E:50, P:8108) | Size: 1019.75 MB (vs Uncompressed 1930.00 MB) | Reduction: 47.2%
[KV Tracker] Step 15450 | Active Tokens: 8168 (E:50, P:8118) | Size: 1021.00 MB (vs Uncompressed 1931.25 MB) | Reduction: 47.1%
[KV Tracker] Step 15460 | Active Tokens: 8178 (E:50, P:8128) | Size: 1022.25 MB (vs Uncompressed 1932.50 MB) | Reduction: 47.1%
[KV Tracker] Step 15470 | Active Tokens: 8188 (E:50, P:8138) | Size: 1023.50 MB (vs Uncompressed 1933.75 MB) | Reduction: 47.1%
[KV Tracker] Step 15480 | Active Tokens: 8198 (E:50, P:8148) | Size: 1024.75 MB (vs Uncompressed 1935.00 MB) | Reduction: 47.0%
[KV Tracker] Step 15490 | Active Tokens: 8208 (E:50, P:8158) | Size: 1026.00 MB (vs Uncompressed 1936.25 MB) | Reduction: 47.0%
[KV Tracker] Step 15500 | Active Tokens: 8218 (E:50, P:8168) | Size: 1027.25 MB (vs Uncompressed 1937.50 MB) | Reduction: 47.0%
[KV Tracker] Step 15510 | Active Tokens: 8228 (E:50, P:8178) | Size: 1028.50 MB (vs Uncompressed 1938.75 MB) | Reduction: 47.0%
[KV Tracker] Step 15520 | Active Tokens: 8238 (E:50, P:8188) | Size: 1029.75 MB (vs Uncompressed 1940.00 MB) | Reduction: 46.9%
[KV Tracker] Step 15530 | Active Tokens: 8248 (E:50, P:8198) | Size: 1031.00 MB (vs Uncompressed 1941.25 MB) | Reduction: 46.9%
[KV Tracker] Step 15540 | Active Tokens: 8258 (E:50, P:8208) | Size: 1032.25 MB (vs Uncompressed 1942.50 MB) | Reduction: 46.9%
[KV Tracker] Step 15550 | Active Tokens: 8268 (E:50, P:8218) | Size: 1033.50 MB (vs Uncompressed 1943.75 MB) | Reduction: 46.8%
[KV Tracker] Step 15560 | Active Tokens: 8278 (E:50, P:8228) | Size: 1034.75 MB (vs Uncompressed 1945.00 MB) | Reduction: 46.8%
[KV Tracker] Step 15570 | Active Tokens: 8288 (E:50, P:8238) | Size: 1036.00 MB (vs Uncompressed 1946.25 MB) | Reduction: 46.8%
[KV Tracker] Step 15580 | Active Tokens: 8298 (E:50, P:8248) | Size: 1037.25 MB (vs Uncompressed 1947.50 MB) | Reduction: 46.7%
[KV Tracker] Step 15590 | Active Tokens: 8308 (E:50, P:8258) | Size: 1038.50 MB (vs Uncompressed 1948.75 MB) | Reduction: 46.7%
[KV Tracker] Step 15600 | Active Tokens: 8318 (E:50, P:8268) | Size: 1039.75 MB (vs Uncompressed 1950.00 MB) | Reduction: 46.7%
[KV Tracker] Step 15610 | Active Tokens: 8328 (E:50, P:8278) | Size: 1041.00 MB (vs Uncompressed 1951.25 MB) | Reduction: 46.6%
[KV Tracker] Step 15620 | Active Tokens: 8261 (E:50, P:8211) | Size: 1032.62 MB (vs Uncompressed 1952.50 MB) | Reduction: 47.1%
[KV Tracker] Step 15630 | Active Tokens: 8271 (E:50, P:8221) | Size: 1033.88 MB (vs Uncompressed 1953.75 MB) | Reduction: 47.1%
[KV Tracker] Step 15640 | Active Tokens: 8281 (E:50, P:8231) | Size: 1035.12 MB (vs Uncompressed 1955.00 MB) | Reduction: 47.1%
[KV Tracker] Step 15650 | Active Tokens: 8291 (E:50, P:8241) | Size: 1036.38 MB (vs Uncompressed 1956.25 MB) | Reduction: 47.0%
[KV Tracker] Step 15660 | Active Tokens: 8301 (E:50, P:8251) | Size: 1037.62 MB (vs Uncompressed 1957.50 MB) | Reduction: 47.0%
[KV Tracker] Step 15670 | Active Tokens: 8311 (E:50, P:8261) | Size: 1038.88 MB (vs Uncompressed 1958.75 MB) | Reduction: 47.0%
[KV Tracker] Step 15680 | Active Tokens: 8321 (E:50, P:8271) | Size: 1040.12 MB (vs Uncompressed 1960.00 MB) | Reduction: 46.9%
[KV Tracker] Step 15690 | Active Tokens: 8331 (E:50, P:8281) | Size: 1041.38 MB (vs Uncompressed 1961.25 MB) | Reduction: 46.9%
[KV Tracker] Step 15700 | Active Tokens: 8341 (E:50, P:8291) | Size: 1042.62 MB (vs Uncompressed 1962.50 MB) | Reduction: 46.9%
[KV Tracker] Step 15710 | Active Tokens: 8351 (E:50, P:8301) | Size: 1043.88 MB (vs Uncompressed 1963.75 MB) | Reduction: 46.8%
[KV Tracker] Step 15720 | Active Tokens: 8361 (E:50, P:8311) | Size: 1045.12 MB (vs Uncompressed 1965.00 MB) | Reduction: 46.8%
[KV Tracker] Step 15730 | Active Tokens: 8371 (E:50, P:8321) | Size: 1046.38 MB (vs Uncompressed 1966.25 MB) | Reduction: 46.8%
[KV Tracker] Step 15740 | Active Tokens: 8381 (E:50, P:8331) | Size: 1047.62 MB (vs Uncompressed 1967.50 MB) | Reduction: 46.8%
[KV Tracker] Step 15750 | Active Tokens: 8391 (E:50, P:8341) | Size: 1048.88 MB (vs Uncompressed 1968.75 MB) | Reduction: 46.7%
[KV Tracker] Step 15760 | Active Tokens: 8401 (E:50, P:8351) | Size: 1050.12 MB (vs Uncompressed 1970.00 MB) | Reduction: 46.7%
[KV Tracker] Step 15770 | Active Tokens: 8411 (E:50, P:8361) | Size: 1051.38 MB (vs Uncompressed 1971.25 MB) | Reduction: 46.7%
[KV Tracker] Step 15780 | Active Tokens: 8421 (E:50, P:8371) | Size: 1052.62 MB (vs Uncompressed 1972.50 MB) | Reduction: 46.6%
[KV Tracker] Step 15790 | Active Tokens: 8431 (E:50, P:8381) | Size: 1053.88 MB (vs Uncompressed 1973.75 MB) | Reduction: 46.6%
[KV Tracker] Step 15800 | Active Tokens: 8441 (E:50, P:8391) | Size: 1055.12 MB (vs Uncompressed 1975.00 MB) | Reduction: 46.6%
[KV Tracker] Step 15810 | Active Tokens: 8451 (E:50, P:8401) | Size: 1056.38 MB (vs Uncompressed 1976.25 MB) | Reduction: 46.5%
[KV Tracker] Step 15820 | Active Tokens: 8461 (E:50, P:8411) | Size: 1057.62 MB (vs Uncompressed 1977.50 MB) | Reduction: 46.5%
[KV Tracker] Step 15830 | Active Tokens: 8471 (E:50, P:8421) | Size: 1058.88 MB (vs Uncompressed 1978.75 MB) | Reduction: 46.5%
[KV Tracker] Step 15840 | Active Tokens: 8481 (E:50, P:8431) | Size: 1060.12 MB (vs Uncompressed 1980.00 MB) | Reduction: 46.5%
[KV Tracker] Step 15850 | Active Tokens: 8491 (E:50, P:8441) | Size: 1061.38 MB (vs Uncompressed 1981.25 MB) | Reduction: 46.4%
[KV Tracker] Step 15860 | Active Tokens: 8501 (E:50, P:8451) | Size: 1062.62 MB (vs Uncompressed 1982.50 MB) | Reduction: 46.4%
[KV Tracker] Step 15870 | Active Tokens: 8511 (E:50, P:8461) | Size: 1063.88 MB (vs Uncompressed 1983.75 MB) | Reduction: 46.4%
[KV Tracker] Step 15880 | Active Tokens: 8410 (E:50, P:8360) | Size: 1051.25 MB (vs Uncompressed 1985.00 MB) | Reduction: 47.0%
[KV Tracker] Step 15890 | Active Tokens: 8420 (E:50, P:8370) | Size: 1052.50 MB (vs Uncompressed 1986.25 MB) | Reduction: 47.0%
[KV Tracker] Step 15900 | Active Tokens: 8430 (E:50, P:8380) | Size: 1053.75 MB (vs Uncompressed 1987.50 MB) | Reduction: 47.0%
[KV Tracker] Step 14690 | Active Tokens: 8374 (E:50, P:8324) | Size: 1046.75 MB (vs Uncompressed 1836.25 MB) | Reduction: 43.0%
[KV Tracker] Step 14700 | Active Tokens: 8384 (E:50, P:8334) | Size: 1048.00 MB (vs Uncompressed 1837.50 MB) | Reduction: 43.0%
[KV Tracker] Step 14710 | Active Tokens: 8394 (E:50, P:8344) | Size: 1049.25 MB (vs Uncompressed 1838.75 MB) | Reduction: 42.9%
[KV Tracker] Step 14720 | Active Tokens: 8404 (E:50, P:8354) | Size: 1050.50 MB (vs Uncompressed 1840.00 MB) | Reduction: 42.9%
[KV Tracker] Step 14730 | Active Tokens: 8414 (E:50, P:8364) | Size: 1051.75 MB (vs Uncompressed 1841.25 MB) | Reduction: 42.9%
[KV Tracker] Step 14740 | Active Tokens: 8424 (E:50, P:8374) | Size: 1053.00 MB (vs Uncompressed 1842.50 MB) | Reduction: 42.8%
[KV Tracker] Step 14750 | Active Tokens: 8434 (E:50, P:8384) | Size: 1054.25 MB (vs Uncompressed 1843.75 MB) | Reduction: 42.8%
[KV Tracker] Step 14760 | Active Tokens: 8444 (E:50, P:8394) | Size: 1055.50 MB (vs Uncompressed 1845.00 MB) | Reduction: 42.8%
[KV Tracker] Step 14770 | Active Tokens: 8454 (E:50, P:8404) | Size: 1056.75 MB (vs Uncompressed 1846.25 MB) | Reduction: 42.8%
[KV Tracker] Step 14780 | Active Tokens: 8464 (E:50, P:8414) | Size: 1058.00 MB (vs Uncompressed 1847.50 MB) | Reduction: 42.7%
[KV Tracker] Step 14790 | Active Tokens: 8474 (E:50, P:8424) | Size: 1059.25 MB (vs Uncompressed 1848.75 MB) | Reduction: 42.7%
[KV Tracker] Step 14800 | Active Tokens: 8484 (E:50, P:8434) | Size: 1060.50 MB (vs Uncompressed 1850.00 MB) | Reduction: 42.7%
[KV Tracker] Step 14810 | Active Tokens: 8494 (E:50, P:8444) | Size: 1061.75 MB (vs Uncompressed 1851.25 MB) | Reduction: 42.6%
[KV Tracker] Step 14820 | Active Tokens: 8504 (E:50, P:8454) | Size: 1063.00 MB (vs Uncompressed 1852.50 MB) | Reduction: 42.6%
[KV Tracker] Step 14830 | Active Tokens: 8514 (E:50, P:8464) | Size: 1064.25 MB (vs Uncompressed 1853.75 MB) | Reduction: 42.6%
[KV Tracker] Step 14840 | Active Tokens: 8524 (E:50, P:8474) | Size: 1065.50 MB (vs Uncompressed 1855.00 MB) | Reduction: 42.6%
[KV Tracker] Step 14850 | Active Tokens: 8472 (E:50, P:8422) | Size: 1059.00 MB (vs Uncompressed 1856.25 MB) | Reduction: 42.9%
[KV Tracker] Step 14860 | Active Tokens: 8482 (E:50, P:8432) | Size: 1060.25 MB (vs Uncompressed 1857.50 MB) | Reduction: 42.9%
[KV Tracker] Step 14870 | Active Tokens: 8492 (E:50, P:8442) | Size: 1061.50 MB (vs Uncompressed 1858.75 MB) | Reduction: 42.9%
[KV Tracker] Step 14880 | Active Tokens: 8502 (E:50, P:8452) | Size: 1062.75 MB (vs Uncompressed 1860.00 MB) | Reduction: 42.9%
[KV Tracker] Step 14890 | Active Tokens: 8512 (E:50, P:8462) | Size: 1064.00 MB (vs Uncompressed 1861.25 MB) | Reduction: 42.8%
[KV Tracker] Step 14900 | Active Tokens: 8522 (E:50, P:8472) | Size: 1065.25 MB (vs Uncompressed 1862.50 MB) | Reduction: 42.8%
[KV Tracker] Step 14910 | Active Tokens: 8532 (E:50, P:8482) | Size: 1066.50 MB (vs Uncompressed 1863.75 MB) | Reduction: 42.8%
[KV Tracker] Step 14920 | Active Tokens: 8542 (E:50, P:8492) | Size: 1067.75 MB (vs Uncompressed 1865.00 MB) | Reduction: 42.7%
[KV Tracker] Step 14930 | Active Tokens: 8552 (E:50, P:8502) | Size: 1069.00 MB (vs Uncompressed 1866.25 MB) | Reduction: 42.7%
[KV Tracker] Step 14940 | Active Tokens: 8562 (E:50, P:8512) | Size: 1070.25 MB (vs Uncompressed 1867.50 MB) | Reduction: 42.7%
[KV Tracker] Step 14950 | Active Tokens: 8572 (E:50, P:8522) | Size: 1071.50 MB (vs Uncompressed 1868.75 MB) | Reduction: 42.7%
[KV Tracker] Step 14960 | Active Tokens: 8582 (E:50, P:8532) | Size: 1072.75 MB (vs Uncompressed 1870.00 MB) | Reduction: 42.6%
[KV Tracker] Step 14970 | Active Tokens: 8592 (E:50, P:8542) | Size: 1074.00 MB (vs Uncompressed 1871.25 MB) | Reduction: 42.6%
[KV Tracker] Step 14980 | Active Tokens: 8602 (E:50, P:8552) | Size: 1075.25 MB (vs Uncompressed 1872.50 MB) | Reduction: 42.6%
[KV Tracker] Step 14990 | Active Tokens: 8612 (E:50, P:8562) | Size: 1076.50 MB (vs Uncompressed 1873.75 MB) | Reduction: 42.5%
[KV Tracker] Step 15000 | Active Tokens: 8622 (E:50, P:8572) | Size: 1077.75 MB (vs Uncompressed 1875.00 MB) | Reduction: 42.5%
[KV Tracker] Step 15010 | Active Tokens: 8632 (E:50, P:8582) | Size: 1079.00 MB (vs Uncompressed 1876.25 MB) | Reduction: 42.5%
[KV Tracker] Step 15020 | Active Tokens: 8642 (E:50, P:8592) | Size: 1080.25 MB (vs Uncompressed 1877.50 MB) | Reduction: 42.5%
[KV Tracker] Step 15030 | Active Tokens: 8652 (E:50, P:8602) | Size: 1081.50 MB (vs Uncompressed 1878.75 MB) | Reduction: 42.4%
[KV Tracker] Step 15040 | Active Tokens: 8662 (E:50, P:8612) | Size: 1082.75 MB (vs Uncompressed 1880.00 MB) | Reduction: 42.4%
[KV Tracker] Step 15050 | Active Tokens: 8672 (E:50, P:8622) | Size: 1084.00 MB (vs Uncompressed 1881.25 MB) | Reduction: 42.4%
[KV Tracker] Step 15060 | Active Tokens: 8682 (E:50, P:8632) | Size: 1085.25 MB (vs Uncompressed 1882.50 MB) | Reduction: 42.4%
[KV Tracker] Step 15070 | Active Tokens: 8692 (E:50, P:8642) | Size: 1086.50 MB (vs Uncompressed 1883.75 MB) | Reduction: 42.3%
[KV Tracker] Step 15080 | Active Tokens: 8702 (E:50, P:8652) | Size: 1087.75 MB (vs Uncompressed 1885.00 MB) | Reduction: 42.3%
[KV Tracker] Step 15090 | Active Tokens: 8712 (E:50, P:8662) | Size: 1089.00 MB (vs Uncompressed 1886.25 MB) | Reduction: 42.3%
[KV Tracker] Step 15100 | Active Tokens: 8722 (E:50, P:8672) | Size: 1090.25 MB (vs Uncompressed 1887.50 MB) | Reduction: 42.2%
[KV Tracker] Step 15110 | Active Tokens: 8624 (E:50, P:8574) | Size: 1078.00 MB (vs Uncompressed 1888.75 MB) | Reduction: 42.9%
[KV Tracker] Step 15120 | Active Tokens: 8634 (E:50, P:8584) | Size: 1079.25 MB (vs Uncompressed 1890.00 MB) | Reduction: 42.9%
[KV Tracker] Step 15130 | Active Tokens: 8644 (E:50, P:8594) | Size: 1080.50 MB (vs Uncompressed 1891.25 MB) | Reduction: 42.9%
[KV Tracker] Step 15140 | Active Tokens: 8654 (E:50, P:8604) | Size: 1081.75 MB (vs Uncompressed 1892.50 MB) | Reduction: 42.8%
[KV Tracker] Step 15150 | Active Tokens: 8664 (E:50, P:8614) | Size: 1083.00 MB (vs Uncompressed 1893.75 MB) | Reduction: 42.8%
[KV Tracker] Step 15160 | Active Tokens: 8674 (E:50, P:8624) | Size: 1084.25 MB (vs Uncompressed 1895.00 MB) | Reduction: 42.8%
[KV Tracker] Step 15170 | Active Tokens: 8684 (E:50, P:8634) | Size: 1085.50 MB (vs Uncompressed 1896.25 MB) | Reduction: 42.8%
[KV Tracker] Step 15180 | Active Tokens: 8694 (E:50, P:8644) | Size: 1086.75 MB (vs Uncompressed 1897.50 MB) | Reduction: 42.7%
[KV Tracker] Step 15190 | Active Tokens: 8704 (E:50, P:8654) | Size: 1088.00 MB (vs Uncompressed 1898.75 MB) | Reduction: 42.7%
[KV Tracker] Step 12310 | Active Tokens: 6912 (E:50, P:6862) | Size: 864.00 MB (vs Uncompressed 1538.75 MB) | Reduction: 43.9%
[KV Tracker] Step 12320 | Active Tokens: 6922 (E:50, P:6872) | Size: 865.25 MB (vs Uncompressed 1540.00 MB) | Reduction: 43.8%
[KV Tracker] Step 12330 | Active Tokens: 6932 (E:50, P:6882) | Size: 866.50 MB (vs Uncompressed 1541.25 MB) | Reduction: 43.8%
[KV Tracker] Step 12340 | Active Tokens: 6942 (E:50, P:6892) | Size: 867.75 MB (vs Uncompressed 1542.50 MB) | Reduction: 43.7%
[KV Tracker] Step 12350 | Active Tokens: 6952 (E:50, P:6902) | Size: 869.00 MB (vs Uncompressed 1543.75 MB) | Reduction: 43.7%
[KV Tracker] Step 12360 | Active Tokens: 6962 (E:50, P:6912) | Size: 870.25 MB (vs Uncompressed 1545.00 MB) | Reduction: 43.7%
[KV Tracker] Step 12370 | Active Tokens: 6972 (E:50, P:6922) | Size: 871.50 MB (vs Uncompressed 1546.25 MB) | Reduction: 43.6%
[KV Tracker] Step 12380 | Active Tokens: 6982 (E:50, P:6932) | Size: 872.75 MB (vs Uncompressed 1547.50 MB) | Reduction: 43.6%
[KV Tracker] Step 12390 | Active Tokens: 6992 (E:50, P:6942) | Size: 874.00 MB (vs Uncompressed 1548.75 MB) | Reduction: 43.6%
[KV Tracker] Step 12400 | Active Tokens: 7002 (E:50, P:6952) | Size: 875.25 MB (vs Uncompressed 1550.00 MB) | Reduction: 43.5%
[KV Tracker] Step 12410 | Active Tokens: 7012 (E:50, P:6962) | Size: 876.50 MB (vs Uncompressed 1551.25 MB) | Reduction: 43.5%
[KV Tracker] Step 12420 | Active Tokens: 7022 (E:50, P:6972) | Size: 877.75 MB (vs Uncompressed 1552.50 MB) | Reduction: 43.5%
[KV Tracker] Step 12430 | Active Tokens: 7032 (E:50, P:6982) | Size: 879.00 MB (vs Uncompressed 1553.75 MB) | Reduction: 43.4%
[KV Tracker] Step 12440 | Active Tokens: 7042 (E:50, P:6992) | Size: 880.25 MB (vs Uncompressed 1555.00 MB) | Reduction: 43.4%
[KV Tracker] Step 12450 | Active Tokens: 7052 (E:50, P:7002) | Size: 881.50 MB (vs Uncompressed 1556.25 MB) | Reduction: 43.4%
[KV Tracker] Step 12460 | Active Tokens: 7062 (E:50, P:7012) | Size: 882.75 MB (vs Uncompressed 1557.50 MB) | Reduction: 43.3%
[KV Tracker] Step 12470 | Active Tokens: 7072 (E:50, P:7022) | Size: 884.00 MB (vs Uncompressed 1558.75 MB) | Reduction: 43.3%
[KV Tracker] Step 12480 | Active Tokens: 7082 (E:50, P:7032) | Size: 885.25 MB (vs Uncompressed 1560.00 MB) | Reduction: 43.3%
[KV Tracker] Step 12490 | Active Tokens: 7092 (E:50, P:7042) | Size: 886.50 MB (vs Uncompressed 1561.25 MB) | Reduction: 43.2%
[KV Tracker] Step 12500 | Active Tokens: 7102 (E:50, P:7052) | Size: 887.75 MB (vs Uncompressed 1562.50 MB) | Reduction: 43.2%
[KV Tracker] Step 12510 | Active Tokens: 7112 (E:50, P:7062) | Size: 889.00 MB (vs Uncompressed 1563.75 MB) | Reduction: 43.1%
[KV Tracker] Step 12520 | Active Tokens: 7122 (E:50, P:7072) | Size: 890.25 MB (vs Uncompressed 1565.00 MB) | Reduction: 43.1%
[KV Tracker] Step 12530 | Active Tokens: 7132 (E:50, P:7082) | Size: 891.50 MB (vs Uncompressed 1566.25 MB) | Reduction: 43.1%
[KV Tracker] Step 12540 | Active Tokens: 7142 (E:50, P:7092) | Size: 892.75 MB (vs Uncompressed 1567.50 MB) | Reduction: 43.0%
[KV Tracker] Step 12550 | Active Tokens: 7043 (E:50, P:6993) | Size: 880.38 MB (vs Uncompressed 1568.75 MB) | Reduction: 43.9%
[KV Tracker] Step 12560 | Active Tokens: 7053 (E:50, P:7003) | Size: 881.62 MB (vs Uncompressed 1570.00 MB) | Reduction: 43.8%
[KV Tracker] Step 12570 | Active Tokens: 7063 (E:50, P:7013) | Size: 882.88 MB (vs Uncompressed 1571.25 MB) | Reduction: 43.8%
[KV Tracker] Step 12580 | Active Tokens: 7073 (E:50, P:7023) | Size: 884.12 MB (vs Uncompressed 1572.50 MB) | Reduction: 43.8%
[KV Tracker] Step 12590 | Active Tokens: 7083 (E:50, P:7033) | Size: 885.38 MB (vs Uncompressed 1573.75 MB) | Reduction: 43.7%
[KV Tracker] Step 12600 | Active Tokens: 7093 (E:50, P:7043) | Size: 886.62 MB (vs Uncompressed 1575.00 MB) | Reduction: 43.7%
[KV Tracker] Step 12610 | Active Tokens: 7103 (E:50, P:7053) | Size: 887.88 MB (vs Uncompressed 1576.25 MB) | Reduction: 43.7%
[KV Tracker] Step 12620 | Active Tokens: 7113 (E:50, P:7063) | Size: 889.12 MB (vs Uncompressed 1577.50 MB) | Reduction: 43.6%
[KV Tracker] Step 12630 | Active Tokens: 7123 (E:50, P:7073) | Size: 890.38 MB (vs Uncompressed 1578.75 MB) | Reduction: 43.6%
[KV Tracker] Step 12640 | Active Tokens: 7133 (E:50, P:7083) | Size: 891.62 MB (vs Uncompressed 1580.00 MB) | Reduction: 43.6%
[KV Tracker] Step 12650 | Active Tokens: 7143 (E:50, P:7093) | Size: 892.88 MB (vs Uncompressed 1581.25 MB) | Reduction: 43.5%
[KV Tracker] Step 12660 | Active Tokens: 7153 (E:50, P:7103) | Size: 894.12 MB (vs Uncompressed 1582.50 MB) | Reduction: 43.5%
[KV Tracker] Step 12670 | Active Tokens: 7163 (E:50, P:7113) | Size: 895.38 MB (vs Uncompressed 1583.75 MB) | Reduction: 43.5%
[KV Tracker] Step 12680 | Active Tokens: 7173 (E:50, P:7123) | Size: 896.62 MB (vs Uncompressed 1585.00 MB) | Reduction: 43.4%
[KV Tracker] Step 12690 | Active Tokens: 7183 (E:50, P:7133) | Size: 897.88 MB (vs Uncompressed 1586.25 MB) | Reduction: 43.4%
[KV Tracker] Step 12700 | Active Tokens: 7193 (E:50, P:7143) | Size: 899.12 MB (vs Uncompressed 1587.50 MB) | Reduction: 43.4%
[KV Tracker] Step 12710 | Active Tokens: 7203 (E:50, P:7153) | Size: 900.38 MB (vs Uncompressed 1588.75 MB) | Reduction: 43.3%
[KV Tracker] Step 12720 | Active Tokens: 7213 (E:50, P:7163) | Size: 901.62 MB (vs Uncompressed 1590.00 MB) | Reduction: 43.3%
[KV Tracker] Step 12730 | Active Tokens: 7223 (E:50, P:7173) | Size: 902.88 MB (vs Uncompressed 1591.25 MB) | Reduction: 43.3%
[KV Tracker] Step 12740 | Active Tokens: 7233 (E:50, P:7183) | Size: 904.12 MB (vs Uncompressed 1592.50 MB) | Reduction: 43.2%
[KV Tracker] Step 12750 | Active Tokens: 7243 (E:50, P:7193) | Size: 905.38 MB (vs Uncompressed 1593.75 MB) | Reduction: 43.2%
[KV Tracker] Step 12760 | Active Tokens: 7253 (E:50, P:7203) | Size: 906.62 MB (vs Uncompressed 1595.00 MB) | Reduction: 43.2%
[KV Tracker] Step 12770 | Active Tokens: 7263 (E:50, P:7213) | Size: 907.88 MB (vs Uncompressed 1596.25 MB) | Reduction: 43.1%
[KV Tracker] Step 12780 | Active Tokens: 7273 (E:50, P:7223) | Size: 909.12 MB (vs Uncompressed 1597.50 MB) | Reduction: 43.1%
[KV Tracker] Step 12790 | Active Tokens: 7283 (E:50, P:7233) | Size: 910.38 MB (vs Uncompressed 1598.75 MB) | Reduction: 43.1%
[KV Tracker] Step 12800 | Active Tokens: 7293 (E:50, P:7243) | Size: 911.62 MB (vs Uncompressed 1600.00 MB) | Reduction: 43.0%
[KV Tracker] Step 12810 | Active Tokens: 7184 (E:50, P:7134) | Size: 898.00 MB (vs Uncompressed 1601.25 MB) | Reduction: 43.9%
[KV Tracker] Step 10860 | Active Tokens: 5714 (E:50, P:5664) | Size: 714.25 MB (vs Uncompressed 1357.50 MB) | Reduction: 47.4%
[KV Tracker] Step 10870 | Active Tokens: 5724 (E:50, P:5674) | Size: 715.50 MB (vs Uncompressed 1358.75 MB) | Reduction: 47.3%
[KV Tracker] Step 10880 | Active Tokens: 5734 (E:50, P:5684) | Size: 716.75 MB (vs Uncompressed 1360.00 MB) | Reduction: 47.3%
[KV Tracker] Step 10890 | Active Tokens: 5744 (E:50, P:5694) | Size: 718.00 MB (vs Uncompressed 1361.25 MB) | Reduction: 47.3%
[KV Tracker] Step 10900 | Active Tokens: 5754 (E:50, P:5704) | Size: 719.25 MB (vs Uncompressed 1362.50 MB) | Reduction: 47.2%
[KV Tracker] Step 10910 | Active Tokens: 5764 (E:50, P:5714) | Size: 720.50 MB (vs Uncompressed 1363.75 MB) | Reduction: 47.2%
[KV Tracker] Step 10920 | Active Tokens: 5774 (E:50, P:5724) | Size: 721.75 MB (vs Uncompressed 1365.00 MB) | Reduction: 47.1%
[KV Tracker] Step 10930 | Active Tokens: 5784 (E:50, P:5734) | Size: 723.00 MB (vs Uncompressed 1366.25 MB) | Reduction: 47.1%
[KV Tracker] Step 10940 | Active Tokens: 5794 (E:50, P:5744) | Size: 724.25 MB (vs Uncompressed 1367.50 MB) | Reduction: 47.0%
[KV Tracker] Step 10950 | Active Tokens: 5804 (E:50, P:5754) | Size: 725.50 MB (vs Uncompressed 1368.75 MB) | Reduction: 47.0%
[KV Tracker] Step 10960 | Active Tokens: 5814 (E:50, P:5764) | Size: 726.75 MB (vs Uncompressed 1370.00 MB) | Reduction: 47.0%
[KV Tracker] Step 10970 | Active Tokens: 5824 (E:50, P:5774) | Size: 728.00 MB (vs Uncompressed 1371.25 MB) | Reduction: 46.9%
[KV Tracker] Step 10980 | Active Tokens: 5834 (E:50, P:5784) | Size: 729.25 MB (vs Uncompressed 1372.50 MB) | Reduction: 46.9%
[KV Tracker] Step 10990 | Active Tokens: 5844 (E:50, P:5794) | Size: 730.50 MB (vs Uncompressed 1373.75 MB) | Reduction: 46.8%
[KV Tracker] Step 11000 | Active Tokens: 5854 (E:50, P:5804) | Size: 731.75 MB (vs Uncompressed 1375.00 MB) | Reduction: 46.8%
[KV Tracker] Step 11010 | Active Tokens: 5794 (E:50, P:5744) | Size: 724.25 MB (vs Uncompressed 1376.25 MB) | Reduction: 47.4%
[KV Tracker] Step 11020 | Active Tokens: 5804 (E:50, P:5754) | Size: 725.50 MB (vs Uncompressed 1377.50 MB) | Reduction: 47.3%
[KV Tracker] Step 11030 | Active Tokens: 5814 (E:50, P:5764) | Size: 726.75 MB (vs Uncompressed 1378.75 MB) | Reduction: 47.3%
[KV Tracker] Step 11040 | Active Tokens: 5824 (E:50, P:5774) | Size: 728.00 MB (vs Uncompressed 1380.00 MB) | Reduction: 47.2%
[KV Tracker] Step 11050 | Active Tokens: 5834 (E:50, P:5784) | Size: 729.25 MB (vs Uncompressed 1381.25 MB) | Reduction: 47.2%
[KV Tracker] Step 11060 | Active Tokens: 5844 (E:50, P:5794) | Size: 730.50 MB (vs Uncompressed 1382.50 MB) | Reduction: 47.2%
[KV Tracker] Step 11070 | Active Tokens: 5854 (E:50, P:5804) | Size: 731.75 MB (vs Uncompressed 1383.75 MB) | Reduction: 47.1%
[KV Tracker] Step 11080 | Active Tokens: 5864 (E:50, P:5814) | Size: 733.00 MB (vs Uncompressed 1385.00 MB) | Reduction: 47.1%
[KV Tracker] Step 11090 | Active Tokens: 5874 (E:50, P:5824) | Size: 734.25 MB (vs Uncompressed 1386.25 MB) | Reduction: 47.0%
[KV Tracker] Step 11100 | Active Tokens: 5884 (E:50, P:5834) | Size: 735.50 MB (vs Uncompressed 1387.50 MB) | Reduction: 47.0%
[KV Tracker] Step 11110 | Active Tokens: 5894 (E:50, P:5844) | Size: 736.75 MB (vs Uncompressed 1388.75 MB) | Reduction: 46.9%
[KV Tracker] Step 11120 | Active Tokens: 5904 (E:50, P:5854) | Size: 738.00 MB (vs Uncompressed 1390.00 MB) | Reduction: 46.9%
[KV Tracker] Step 11130 | Active Tokens: 5914 (E:50, P:5864) | Size: 739.25 MB (vs Uncompressed 1391.25 MB) | Reduction: 46.9%
[KV Tracker] Step 11140 | Active Tokens: 5924 (E:50, P:5874) | Size: 740.50 MB (vs Uncompressed 1392.50 MB) | Reduction: 46.8%
[KV Tracker] Step 11150 | Active Tokens: 5934 (E:50, P:5884) | Size: 741.75 MB (vs Uncompressed 1393.75 MB) | Reduction: 46.8%
[KV Tracker] Step 11160 | Active Tokens: 5944 (E:50, P:5894) | Size: 743.00 MB (vs Uncompressed 1395.00 MB) | Reduction: 46.7%
[KV Tracker] Step 10740 | Active Tokens: 5756 (E:50, P:5706) | Size: 719.50 MB (vs Uncompressed 1342.50 MB) | Reduction: 46.4%
[KV Tracker] Step 10750 | Active Tokens: 5766 (E:50, P:5716) | Size: 720.75 MB (vs Uncompressed 1343.75 MB) | Reduction: 46.4%
[KV Tracker] Step 10760 | Active Tokens: 5771 (E:50, P:5721) | Size: 721.38 MB (vs Uncompressed 1345.00 MB) | Reduction: 46.4%
[KV Tracker] Step 10770 | Active Tokens: 5781 (E:50, P:5731) | Size: 722.62 MB (vs Uncompressed 1346.25 MB) | Reduction: 46.3%
[KV Tracker] Step 10780 | Active Tokens: 5791 (E:50, P:5741) | Size: 723.88 MB (vs Uncompressed 1347.50 MB) | Reduction: 46.3%
[KV Tracker] Step 10790 | Active Tokens: 5801 (E:50, P:5751) | Size: 725.12 MB (vs Uncompressed 1348.75 MB) | Reduction: 46.2%
[KV Tracker] Step 10800 | Active Tokens: 5811 (E:50, P:5761) | Size: 726.38 MB (vs Uncompressed 1350.00 MB) | Reduction: 46.2%
[KV Tracker] Step 10810 | Active Tokens: 5821 (E:50, P:5771) | Size: 727.62 MB (vs Uncompressed 1351.25 MB) | Reduction: 46.2%
[KV Tracker] Step 10820 | Active Tokens: 5831 (E:50, P:5781) | Size: 728.88 MB (vs Uncompressed 1352.50 MB) | Reduction: 46.1%
[KV Tracker] Step 10830 | Active Tokens: 5841 (E:50, P:5791) | Size: 730.12 MB (vs Uncompressed 1353.75 MB) | Reduction: 46.1%
[KV Tracker] Step 10840 | Active Tokens: 5851 (E:50, P:5801) | Size: 731.38 MB (vs Uncompressed 1355.00 MB) | Reduction: 46.0%
[KV Tracker] Step 10850 | Active Tokens: 5861 (E:50, P:5811) | Size: 732.62 MB (vs Uncompressed 1356.25 MB) | Reduction: 46.0%
[KV Tracker] Step 10860 | Active Tokens: 5871 (E:50, P:5821) | Size: 733.88 MB (vs Uncompressed 1357.50 MB) | Reduction: 45.9%
[KV Tracker] Step 10870 | Active Tokens: 5881 (E:50, P:5831) | Size: 735.12 MB (vs Uncompressed 1358.75 MB) | Reduction: 45.9%
[KV Tracker] Step 10880 | Active Tokens: 5891 (E:50, P:5841) | Size: 736.38 MB (vs Uncompressed 1360.00 MB) | Reduction: 45.9%
[KV Tracker] Step 10890 | Active Tokens: 5901 (E:50, P:5851) | Size: 737.62 MB (vs Uncompressed 1361.25 MB) | Reduction: 45.8%
[KV Tracker] Step 10900 | Active Tokens: 5911 (E:50, P:5861) | Size: 738.88 MB (vs Uncompressed 1362.50 MB) | Reduction: 45.8%
[KV Tracker] Step 10910 | Active Tokens: 5921 (E:50, P:5871) | Size: 740.12 MB (vs Uncompressed 1363.75 MB) | Reduction: 45.7%
[KV Tracker] Step 10920 | Active Tokens: 5931 (E:50, P:5881) | Size: 741.38 MB (vs Uncompressed 1365.00 MB) | Reduction: 45.7%
[KV Tracker] Step 10930 | Active Tokens: 5941 (E:50, P:5891) | Size: 742.62 MB (vs Uncompressed 1366.25 MB) | Reduction: 45.6%
[KV Tracker] Step 10940 | Active Tokens: 5951 (E:50, P:5901) | Size: 743.88 MB (vs Uncompressed 1367.50 MB) | Reduction: 45.6%
[KV Tracker] Step 10950 | Active Tokens: 5961 (E:50, P:5911) | Size: 745.12 MB (vs Uncompressed 1368.75 MB) | Reduction: 45.6%
[KV Tracker] Step 10960 | Active Tokens: 5971 (E:50, P:5921) | Size: 746.38 MB (vs Uncompressed 1370.00 MB) | Reduction: 45.5%
[KV Tracker] Step 10970 | Active Tokens: 5981 (E:50, P:5931) | Size: 747.62 MB (vs Uncompressed 1371.25 MB) | Reduction: 45.5%
[KV Tracker] Step 10980 | Active Tokens: 5991 (E:50, P:5941) | Size: 748.88 MB (vs Uncompressed 1372.50 MB) | Reduction: 45.4%
[KV Tracker] Step 10990 | Active Tokens: 6001 (E:50, P:5951) | Size: 750.12 MB (vs Uncompressed 1373.75 MB) | Reduction: 45.4%
[KV Tracker] Step 11000 | Active Tokens: 6011 (E:50, P:5961) | Size: 751.38 MB (vs Uncompressed 1375.00 MB) | Reduction: 45.4%
[KV Tracker] Step 11010 | Active Tokens: 5914 (E:50, P:5864) | Size: 739.25 MB (vs Uncompressed 1376.25 MB) | Reduction: 46.3%
[KV Tracker] Step 11020 | Active Tokens: 5924 (E:50, P:5874) | Size: 740.50 MB (vs Uncompressed 1377.50 MB) | Reduction: 46.2%
[KV Tracker] Step 11030 | Active Tokens: 5934 (E:50, P:5884) | Size: 741.75 MB (vs Uncompressed 1378.75 MB) | Reduction: 46.2%
[KV Tracker] Step 11040 | Active Tokens: 5944 (E:50, P:5894) | Size: 743.00 MB (vs Uncompressed 1380.00 MB) | Reduction: 46.2%
[KV Tracker] Step 11050 | Active Tokens: 5954 (E:50, P:5904) | Size: 744.25 MB (vs Uncompressed 1381.25 MB) | Reduction: 46.1%
[KV Tracker] Step 11060 | Active Tokens: 5964 (E:50, P:5914) | Size: 745.50 MB (vs Uncompressed 1382.50 MB) | Reduction: 46.1%
[KV Tracker] Step 11070 | Active Tokens: 5974 (E:50, P:5924) | Size: 746.75 MB (vs Uncompressed 1383.75 MB) | Reduction: 46.0%
[KV Tracker] Step 11080 | Active Tokens: 5984 (E:50, P:5934) | Size: 748.00 MB (vs Uncompressed 1385.00 MB) | Reduction: 46.0%
[KV Tracker] Step 11090 | Active Tokens: 5994 (E:50, P:5944) | Size: 749.25 MB (vs Uncompressed 1386.25 MB) | Reduction: 46.0%
[KV Tracker] Step 11100 | Active Tokens: 6004 (E:50, P:5954) | Size: 750.50 MB (vs Uncompressed 1387.50 MB) | Reduction: 45.9%
[KV Tracker] Step 11110 | Active Tokens: 6014 (E:50, P:5964) | Size: 751.75 MB (vs Uncompressed 1388.75 MB) | Reduction: 45.9%
[KV Tracker] Step 11120 | Active Tokens: 6024 (E:50, P:5974) | Size: 753.00 MB (vs Uncompressed 1390.00 MB) | Reduction: 45.8%
[KV Tracker] Step 11130 | Active Tokens: 6034 (E:50, P:5984) | Size: 754.25 MB (vs Uncompressed 1391.25 MB) | Reduction: 45.8%
[KV Tracker] Step 11140 | Active Tokens: 6044 (E:50, P:5994) | Size: 755.50 MB (vs Uncompressed 1392.50 MB) | Reduction: 45.7%
[KV Tracker] Step 11150 | Active Tokens: 6054 (E:50, P:6004) | Size: 756.75 MB (vs Uncompressed 1393.75 MB) | Reduction: 45.7%
[KV Tracker] Step 11160 | Active Tokens: 6064 (E:50, P:6014) | Size: 758.00 MB (vs Uncompressed 1395.00 MB) | Reduction: 45.7%
[KV Tracker] Step 11170 | Active Tokens: 6074 (E:50, P:6024) | Size: 759.25 MB (vs Uncompressed 1396.25 MB) | Reduction: 45.6%
[KV Tracker] Step 11180 | Active Tokens: 6084 (E:50, P:6034) | Size: 760.50 MB (vs Uncompressed 1397.50 MB) | Reduction: 45.6%
[KV Tracker] Step 11190 | Active Tokens: 6094 (E:50, P:6044) | Size: 761.75 MB (vs Uncompressed 1398.75 MB) | Reduction: 45.5%
[KV Tracker] Step 11200 | Active Tokens: 6104 (E:50, P:6054) | Size: 763.00 MB (vs Uncompressed 1400.00 MB) | Reduction: 45.5%
[KV Tracker] Step 11210 | Active Tokens: 6114 (E:50, P:6064) | Size: 764.25 MB (vs Uncompressed 1401.25 MB) | Reduction: 45.5%
[KV Tracker] Step 11220 | Active Tokens: 6124 (E:50, P:6074) | Size: 765.50 MB (vs Uncompressed 1402.50 MB) | Reduction: 45.4%
[KV Tracker] Step 11230 | Active Tokens: 6134 (E:50, P:6084) | Size: 766.75 MB (vs Uncompressed 1403.75 MB) | Reduction: 45.4%
[KV Tracker] Step 11240 | Active Tokens: 6144 (E:50, P:6094) | Size: 768.00 MB (vs Uncompressed 1405.00 MB) | Reduction: 45.3%
[KV Tracker] Step 11250 | Active Tokens: 6154 (E:50, P:6104) | Size: 769.25 MB (vs Uncompressed 1406.25 MB) | Reduction: 45.3%
[KV Tracker] Step 10520 | Active Tokens: 5718 (E:50, P:5668) | Size: 714.75 MB (vs Uncompressed 1315.00 MB) | Reduction: 45.6%
[KV Tracker] Step 10530 | Active Tokens: 5728 (E:50, P:5678) | Size: 716.00 MB (vs Uncompressed 1316.25 MB) | Reduction: 45.6%
[KV Tracker] Step 10540 | Active Tokens: 5738 (E:50, P:5688) | Size: 717.25 MB (vs Uncompressed 1317.50 MB) | Reduction: 45.6%
[KV Tracker] Step 10550 | Active Tokens: 5748 (E:50, P:5698) | Size: 718.50 MB (vs Uncompressed 1318.75 MB) | Reduction: 45.5%
[KV Tracker] Step 10560 | Active Tokens: 5758 (E:50, P:5708) | Size: 719.75 MB (vs Uncompressed 1320.00 MB) | Reduction: 45.5%
[KV Tracker] Step 10570 | Active Tokens: 5768 (E:50, P:5718) | Size: 721.00 MB (vs Uncompressed 1321.25 MB) | Reduction: 45.4%
[KV Tracker] Step 10580 | Active Tokens: 5778 (E:50, P:5728) | Size: 722.25 MB (vs Uncompressed 1322.50 MB) | Reduction: 45.4%
[KV Tracker] Step 10590 | Active Tokens: 5788 (E:50, P:5738) | Size: 723.50 MB (vs Uncompressed 1323.75 MB) | Reduction: 45.3%
[KV Tracker] Step 10600 | Active Tokens: 5798 (E:50, P:5748) | Size: 724.75 MB (vs Uncompressed 1325.00 MB) | Reduction: 45.3%
[KV Tracker] Step 10610 | Active Tokens: 5808 (E:50, P:5758) | Size: 726.00 MB (vs Uncompressed 1326.25 MB) | Reduction: 45.3%
[KV Tracker] Step 10620 | Active Tokens: 5818 (E:50, P:5768) | Size: 727.25 MB (vs Uncompressed 1327.50 MB) | Reduction: 45.2%
[KV Tracker] Step 10630 | Active Tokens: 5828 (E:50, P:5778) | Size: 728.50 MB (vs Uncompressed 1328.75 MB) | Reduction: 45.2%
[KV Tracker] Step 10640 | Active Tokens: 5838 (E:50, P:5788) | Size: 729.75 MB (vs Uncompressed 1330.00 MB) | Reduction: 45.1%
[KV Tracker] Step 10650 | Active Tokens: 5848 (E:50, P:5798) | Size: 731.00 MB (vs Uncompressed 1331.25 MB) | Reduction: 45.1%
[KV Tracker] Step 10660 | Active Tokens: 5858 (E:50, P:5808) | Size: 732.25 MB (vs Uncompressed 1332.50 MB) | Reduction: 45.0%
[KV Tracker] Step 10670 | Active Tokens: 5868 (E:50, P:5818) | Size: 733.50 MB (vs Uncompressed 1333.75 MB) | Reduction: 45.0%
[KV Tracker] Step 10680 | Active Tokens: 5878 (E:50, P:5828) | Size: 734.75 MB (vs Uncompressed 1335.00 MB) | Reduction: 45.0%
[KV Tracker] Step 10690 | Active Tokens: 5888 (E:50, P:5838) | Size: 736.00 MB (vs Uncompressed 1336.25 MB) | Reduction: 44.9%
[KV Tracker] Step 10700 | Active Tokens: 5898 (E:50, P:5848) | Size: 737.25 MB (vs Uncompressed 1337.50 MB) | Reduction: 44.9%
[KV Tracker] Step 10710 | Active Tokens: 5908 (E:50, P:5858) | Size: 738.50 MB (vs Uncompressed 1338.75 MB) | Reduction: 44.8%
[KV Tracker] Step 10720 | Active Tokens: 5918 (E:50, P:5868) | Size: 739.75 MB (vs Uncompressed 1340.00 MB) | Reduction: 44.8%
[KV Tracker] Step 10730 | Active Tokens: 5928 (E:50, P:5878) | Size: 741.00 MB (vs Uncompressed 1341.25 MB) | Reduction: 44.8%
[KV Tracker] Step 10740 | Active Tokens: 5938 (E:50, P:5888) | Size: 742.25 MB (vs Uncompressed 1342.50 MB) | Reduction: 44.7%
[KV Tracker] Step 10750 | Active Tokens: 5948 (E:50, P:5898) | Size: 743.50 MB (vs Uncompressed 1343.75 MB) | Reduction: 44.7%
[KV Tracker] Step 10760 | Active Tokens: 5850 (E:50, P:5800) | Size: 731.25 MB (vs Uncompressed 1345.00 MB) | Reduction: 45.6%
[KV Tracker] Step 10770 | Active Tokens: 5860 (E:50, P:5810) | Size: 732.50 MB (vs Uncompressed 1346.25 MB) | Reduction: 45.6%
[KV Tracker] Step 10780 | Active Tokens: 5870 (E:50, P:5820) | Size: 733.75 MB (vs Uncompressed 1347.50 MB) | Reduction: 45.5%
[KV Tracker] Step 10790 | Active Tokens: 5880 (E:50, P:5830) | Size: 735.00 MB (vs Uncompressed 1348.75 MB) | Reduction: 45.5%
[KV Tracker] Step 10800 | Active Tokens: 5890 (E:50, P:5840) | Size: 736.25 MB (vs Uncompressed 1350.00 MB) | Reduction: 45.5%
[KV Tracker] Step 10810 | Active Tokens: 5900 (E:50, P:5850) | Size: 737.50 MB (vs Uncompressed 1351.25 MB) | Reduction: 45.4%
[KV Tracker] Step 10820 | Active Tokens: 5910 (E:50, P:5860) | Size: 738.75 MB (vs Uncompressed 1352.50 MB) | Reduction: 45.4%
[KV Tracker] Step 10830 | Active Tokens: 5920 (E:50, P:5870) | Size: 740.00 MB (vs Uncompressed 1353.75 MB) | Reduction: 45.3%
[KV Tracker] Step 10840 | Active Tokens: 5930 (E:50, P:5880) | Size: 741.25 MB (vs Uncompressed 1355.00 MB) | Reduction: 45.3%
[KV Tracker] Step 10850 | Active Tokens: 5940 (E:50, P:5890) | Size: 742.50 MB (vs Uncompressed 1356.25 MB) | Reduction: 45.3%
[KV Tracker] Step 10860 | Active Tokens: 5950 (E:50, P:5900) | Size: 743.75 MB (vs Uncompressed 1357.50 MB) | Reduction: 45.2%
[KV Tracker] Step 10870 | Active Tokens: 5960 (E:50, P:5910) | Size: 745.00 MB (vs Uncompressed 1358.75 MB) | Reduction: 45.2%
[KV Tracker] Step 10880 | Active Tokens: 5970 (E:50, P:5920) | Size: 746.25 MB (vs Uncompressed 1360.00 MB) | Reduction: 45.1%
[KV Tracker] Step 10890 | Active Tokens: 5980 (E:50, P:5930) | Size: 747.50 MB (vs Uncompressed 1361.25 MB) | Reduction: 45.1%
[KV Tracker] Step 10900 | Active Tokens: 5990 (E:50, P:5940) | Size: 748.75 MB (vs Uncompressed 1362.50 MB) | Reduction: 45.0%
[KV Tracker] Step 10910 | Active Tokens: 6000 (E:50, P:5950) | Size: 750.00 MB (vs Uncompressed 1363.75 MB) | Reduction: 45.0%
[KV Tracker] Step 10920 | Active Tokens: 6010 (E:50, P:5960) | Size: 751.25 MB (vs Uncompressed 1365.00 MB) | Reduction: 45.0%
[KV Tracker] Step 10930 | Active Tokens: 6020 (E:50, P:5970) | Size: 752.50 MB (vs Uncompressed 1366.25 MB) | Reduction: 44.9%
[KV Tracker] Step 10940 | Active Tokens: 6030 (E:50, P:5980) | Size: 753.75 MB (vs Uncompressed 1367.50 MB) | Reduction: 44.9%
[KV Tracker] Step 10950 | Active Tokens: 6040 (E:50, P:5990) | Size: 755.00 MB (vs Uncompressed 1368.75 MB) | Reduction: 44.8%
[KV Tracker] Step 10960 | Active Tokens: 6050 (E:50, P:6000) | Size: 756.25 MB (vs Uncompressed 1370.00 MB) | Reduction: 44.8%
[KV Tracker] Step 10970 | Active Tokens: 6060 (E:50, P:6010) | Size: 757.50 MB (vs Uncompressed 1371.25 MB) | Reduction: 44.8%
[KV Tracker] Step 10980 | Active Tokens: 6070 (E:50, P:6020) | Size: 758.75 MB (vs Uncompressed 1372.50 MB) | Reduction: 44.7%
[KV Tracker] Step 10380 | Active Tokens: 5613 (E:50, P:5563) | Size: 701.62 MB (vs Uncompressed 1297.50 MB) | Reduction: 45.9%
[KV Tracker] Step 10390 | Active Tokens: 5623 (E:50, P:5573) | Size: 702.88 MB (vs Uncompressed 1298.75 MB) | Reduction: 45.9%
[KV Tracker] Step 10400 | Active Tokens: 5633 (E:50, P:5583) | Size: 704.12 MB (vs Uncompressed 1300.00 MB) | Reduction: 45.8%
[KV Tracker] Step 10410 | Active Tokens: 5643 (E:50, P:5593) | Size: 705.38 MB (vs Uncompressed 1301.25 MB) | Reduction: 45.8%
[KV Tracker] Step 10420 | Active Tokens: 5653 (E:50, P:5603) | Size: 706.62 MB (vs Uncompressed 1302.50 MB) | Reduction: 45.7%
[KV Tracker] Step 10430 | Active Tokens: 5663 (E:50, P:5613) | Size: 707.88 MB (vs Uncompressed 1303.75 MB) | Reduction: 45.7%
[KV Tracker] Step 10440 | Active Tokens: 5673 (E:50, P:5623) | Size: 709.12 MB (vs Uncompressed 1305.00 MB) | Reduction: 45.7%
[KV Tracker] Step 10450 | Active Tokens: 5683 (E:50, P:5633) | Size: 710.38 MB (vs Uncompressed 1306.25 MB) | Reduction: 45.6%
[KV Tracker] Step 10460 | Active Tokens: 5693 (E:50, P:5643) | Size: 711.62 MB (vs Uncompressed 1307.50 MB) | Reduction: 45.6%
[KV Tracker] Step 10470 | Active Tokens: 5703 (E:50, P:5653) | Size: 712.88 MB (vs Uncompressed 1308.75 MB) | Reduction: 45.5%
[KV Tracker] Step 10480 | Active Tokens: 5713 (E:50, P:5663) | Size: 714.12 MB (vs Uncompressed 1310.00 MB) | Reduction: 45.5%
[KV Tracker] Step 10490 | Active Tokens: 5723 (E:50, P:5673) | Size: 715.38 MB (vs Uncompressed 1311.25 MB) | Reduction: 45.4%
[KV Tracker] Step 10500 | Active Tokens: 5691 (E:50, P:5641) | Size: 711.38 MB (vs Uncompressed 1312.50 MB) | Reduction: 45.8%
[KV Tracker] Step 10510 | Active Tokens: 5701 (E:50, P:5651) | Size: 712.62 MB (vs Uncompressed 1313.75 MB) | Reduction: 45.8%
[KV Tracker] Step 10520 | Active Tokens: 5711 (E:50, P:5661) | Size: 713.88 MB (vs Uncompressed 1315.00 MB) | Reduction: 45.7%
[KV Tracker] Step 10530 | Active Tokens: 5721 (E:50, P:5671) | Size: 715.12 MB (vs Uncompressed 1316.25 MB) | Reduction: 45.7%
[KV Tracker] Step 10540 | Active Tokens: 5731 (E:50, P:5681) | Size: 716.38 MB (vs Uncompressed 1317.50 MB) | Reduction: 45.6%
[KV Tracker] Step 10550 | Active Tokens: 5741 (E:50, P:5691) | Size: 717.62 MB (vs Uncompressed 1318.75 MB) | Reduction: 45.6%
[KV Tracker] Step 10560 | Active Tokens: 5751 (E:50, P:5701) | Size: 718.88 MB (vs Uncompressed 1320.00 MB) | Reduction: 45.5%
[KV Tracker] Step 10570 | Active Tokens: 5761 (E:50, P:5711) | Size: 720.12 MB (vs Uncompressed 1321.25 MB) | Reduction: 45.5%
[KV Tracker] Step 10580 | Active Tokens: 5771 (E:50, P:5721) | Size: 721.38 MB (vs Uncompressed 1322.50 MB) | Reduction: 45.5%
[KV Tracker] Step 10590 | Active Tokens: 5781 (E:50, P:5731) | Size: 722.62 MB (vs Uncompressed 1323.75 MB) | Reduction: 45.4%
[KV Tracker] Step 10600 | Active Tokens: 5791 (E:50, P:5741) | Size: 723.88 MB (vs Uncompressed 1325.00 MB) | Reduction: 45.4%
[KV Tracker] Step 10610 | Active Tokens: 5801 (E:50, P:5751) | Size: 725.12 MB (vs Uncompressed 1326.25 MB) | Reduction: 45.3%
[KV Tracker] Step 10620 | Active Tokens: 5811 (E:50, P:5761) | Size: 726.38 MB (vs Uncompressed 1327.50 MB) | Reduction: 45.3%
[KV Tracker] Step 10630 | Active Tokens: 5821 (E:50, P:5771) | Size: 727.62 MB (vs Uncompressed 1328.75 MB) | Reduction: 45.2%
[KV Tracker] Step 10640 | Active Tokens: 5831 (E:50, P:5781) | Size: 728.88 MB (vs Uncompressed 1330.00 MB) | Reduction: 45.2%
[KV Tracker] Step 10650 | Active Tokens: 5841 (E:50, P:5791) | Size: 730.12 MB (vs Uncompressed 1331.25 MB) | Reduction: 45.2%
[KV Tracker] Step 10660 | Active Tokens: 5851 (E:50, P:5801) | Size: 731.38 MB (vs Uncompressed 1332.50 MB) | Reduction: 45.1%
[KV Tracker] Step 10670 | Active Tokens: 5861 (E:50, P:5811) | Size: 732.62 MB (vs Uncompressed 1333.75 MB) | Reduction: 45.1%
[KV Tracker] Step 10680 | Active Tokens: 5871 (E:50, P:5821) | Size: 733.88 MB (vs Uncompressed 1335.00 MB) | Reduction: 45.0%
[KV Tracker] Step 10690 | Active Tokens: 5881 (E:50, P:5831) | Size: 735.12 MB (vs Uncompressed 1336.25 MB) | Reduction: 45.0%
[KV Tracker] Step 10700 | Active Tokens: 5891 (E:50, P:5841) | Size: 736.38 MB (vs Uncompressed 1337.50 MB) | Reduction: 44.9%
[KV Tracker] Step 10710 | Active Tokens: 5901 (E:50, P:5851) | Size: 737.62 MB (vs Uncompressed 1338.75 MB) | Reduction: 44.9%
[KV Tracker] Step 10720 | Active Tokens: 5911 (E:50, P:5861) | Size: 738.88 MB (vs Uncompressed 1340.00 MB) | Reduction: 44.9%
[KV Tracker] Step 10730 | Active Tokens: 5921 (E:50, P:5871) | Size: 740.12 MB (vs Uncompressed 1341.25 MB) | Reduction: 44.8%
[KV Tracker] Step 10740 | Active Tokens: 5931 (E:50, P:5881) | Size: 741.38 MB (vs Uncompressed 1342.50 MB) | Reduction: 44.8%
[KV Tracker] Step 10750 | Active Tokens: 5941 (E:50, P:5891) | Size: 742.62 MB (vs Uncompressed 1343.75 MB) | Reduction: 44.7%
[KV Tracker] Step 10760 | Active Tokens: 5829 (E:50, P:5779) | Size: 728.62 MB (vs Uncompressed 1345.00 MB) | Reduction: 45.8%
[KV Tracker] Step 10770 | Active Tokens: 5839 (E:50, P:5789) | Size: 729.88 MB (vs Uncompressed 1346.25 MB) | Reduction: 45.8%
[KV Tracker] Step 10780 | Active Tokens: 5849 (E:50, P:5799) | Size: 731.12 MB (vs Uncompressed 1347.50 MB) | Reduction: 45.7%
[KV Tracker] Step 10790 | Active Tokens: 5859 (E:50, P:5809) | Size: 732.38 MB (vs Uncompressed 1348.75 MB) | Reduction: 45.7%
[KV Tracker] Step 10800 | Active Tokens: 5869 (E:50, P:5819) | Size: 733.62 MB (vs Uncompressed 1350.00 MB) | Reduction: 45.7%
[KV Tracker] Step 9680 | Active Tokens: 5361 (E:50, P:5311) | Size: 670.12 MB (vs Uncompressed 1210.00 MB) | Reduction: 44.6%
[KV Tracker] Step 9690 | Active Tokens: 5371 (E:50, P:5321) | Size: 671.38 MB (vs Uncompressed 1211.25 MB) | Reduction: 44.6%
[KV Tracker] Step 9700 | Active Tokens: 5381 (E:50, P:5331) | Size: 672.62 MB (vs Uncompressed 1212.50 MB) | Reduction: 44.5%
[KV Tracker] Step 9710 | Active Tokens: 5391 (E:50, P:5341) | Size: 673.88 MB (vs Uncompressed 1213.75 MB) | Reduction: 44.5%
[KV Tracker] Step 9720 | Active Tokens: 5401 (E:50, P:5351) | Size: 675.12 MB (vs Uncompressed 1215.00 MB) | Reduction: 44.4%
[KV Tracker] Step 9730 | Active Tokens: 5394 (E:50, P:5344) | Size: 674.25 MB (vs Uncompressed 1216.25 MB) | Reduction: 44.6%
[KV Tracker] Step 9740 | Active Tokens: 5404 (E:50, P:5354) | Size: 675.50 MB (vs Uncompressed 1217.50 MB) | Reduction: 44.5%
[KV Tracker] Step 9750 | Active Tokens: 5414 (E:50, P:5364) | Size: 676.75 MB (vs Uncompressed 1218.75 MB) | Reduction: 44.5%
[KV Tracker] Step 9760 | Active Tokens: 5424 (E:50, P:5374) | Size: 678.00 MB (vs Uncompressed 1220.00 MB) | Reduction: 44.4%
[KV Tracker] Step 9770 | Active Tokens: 5434 (E:50, P:5384) | Size: 679.25 MB (vs Uncompressed 1221.25 MB) | Reduction: 44.4%
[KV Tracker] Step 9780 | Active Tokens: 5444 (E:50, P:5394) | Size: 680.50 MB (vs Uncompressed 1222.50 MB) | Reduction: 44.3%
[KV Tracker] Step 9790 | Active Tokens: 5454 (E:50, P:5404) | Size: 681.75 MB (vs Uncompressed 1223.75 MB) | Reduction: 44.3%
[KV Tracker] Step 9800 | Active Tokens: 5464 (E:50, P:5414) | Size: 683.00 MB (vs Uncompressed 1225.00 MB) | Reduction: 44.2%
[KV Tracker] Step 9810 | Active Tokens: 5474 (E:50, P:5424) | Size: 684.25 MB (vs Uncompressed 1226.25 MB) | Reduction: 44.2%
[KV Tracker] Step 9820 | Active Tokens: 5484 (E:50, P:5434) | Size: 685.50 MB (vs Uncompressed 1227.50 MB) | Reduction: 44.2%
[KV Tracker] Step 9830 | Active Tokens: 5494 (E:50, P:5444) | Size: 686.75 MB (vs Uncompressed 1228.75 MB) | Reduction: 44.1%
[KV Tracker] Step 9840 | Active Tokens: 5504 (E:50, P:5454) | Size: 688.00 MB (vs Uncompressed 1230.00 MB) | Reduction: 44.1%
[KV Tracker] Step 9850 | Active Tokens: 5514 (E:50, P:5464) | Size: 689.25 MB (vs Uncompressed 1231.25 MB) | Reduction: 44.0%
[KV Tracker] Step 9860 | Active Tokens: 5524 (E:50, P:5474) | Size: 690.50 MB (vs Uncompressed 1232.50 MB) | Reduction: 44.0%
[KV Tracker] Step 9870 | Active Tokens: 5534 (E:50, P:5484) | Size: 691.75 MB (vs Uncompressed 1233.75 MB) | Reduction: 43.9%
[KV Tracker] Step 9880 | Active Tokens: 5544 (E:50, P:5494) | Size: 693.00 MB (vs Uncompressed 1235.00 MB) | Reduction: 43.9%
[KV Tracker] Step 9890 | Active Tokens: 5554 (E:50, P:5504) | Size: 694.25 MB (vs Uncompressed 1236.25 MB) | Reduction: 43.8%
[KV Tracker] Step 9900 | Active Tokens: 5564 (E:50, P:5514) | Size: 695.50 MB (vs Uncompressed 1237.50 MB) | Reduction: 43.8%
[KV Tracker] Step 9910 | Active Tokens: 5574 (E:50, P:5524) | Size: 696.75 MB (vs Uncompressed 1238.75 MB) | Reduction: 43.8%
[KV Tracker] Step 9920 | Active Tokens: 5584 (E:50, P:5534) | Size: 698.00 MB (vs Uncompressed 1240.00 MB) | Reduction: 43.7%
[KV Tracker] Step 9930 | Active Tokens: 5594 (E:50, P:5544) | Size: 699.25 MB (vs Uncompressed 1241.25 MB) | Reduction: 43.7%
[KV Tracker] Step 9940 | Active Tokens: 5604 (E:50, P:5554) | Size: 700.50 MB (vs Uncompressed 1242.50 MB) | Reduction: 43.6%
[KV Tracker] Step 9950 | Active Tokens: 5614 (E:50, P:5564) | Size: 701.75 MB (vs Uncompressed 1243.75 MB) | Reduction: 43.6%
[KV Tracker] Step 9960 | Active Tokens: 5624 (E:50, P:5574) | Size: 703.00 MB (vs Uncompressed 1245.00 MB) | Reduction: 43.5%
[KV Tracker] Step 9970 | Active Tokens: 5634 (E:50, P:5584) | Size: 704.25 MB (vs Uncompressed 1246.25 MB) | Reduction: 43.5%
[KV Tracker] Step 9980 | Active Tokens: 5644 (E:50, P:5594) | Size: 705.50 MB (vs Uncompressed 1247.50 MB) | Reduction: 43.4%
[KV Tracker] Step 9990 | Active Tokens: 5533 (E:50, P:5483) | Size: 691.62 MB (vs Uncompressed 1248.75 MB) | Reduction: 44.6%
[KV Tracker] Step 10000 | Active Tokens: 5543 (E:50, P:5493) | Size: 692.88 MB (vs Uncompressed 1250.00 MB) | Reduction: 44.6%
[KV Tracker] Step 10010 | Active Tokens: 5553 (E:50, P:5503) | Size: 694.12 MB (vs Uncompressed 1251.25 MB) | Reduction: 44.5%
[KV Tracker] Step 10020 | Active Tokens: 5563 (E:50, P:5513) | Size: 695.38 MB (vs Uncompressed 1252.50 MB) | Reduction: 44.5%
[KV Tracker] Step 8720 | Active Tokens: 5016 (E:50, P:4966) | Size: 627.00 MB (vs Uncompressed 1090.00 MB) | Reduction: 42.5%
[KV Tracker] Step 8730 | Active Tokens: 5026 (E:50, P:4976) | Size: 628.25 MB (vs Uncompressed 1091.25 MB) | Reduction: 42.4%
[KV Tracker] Step 8740 | Active Tokens: 5036 (E:50, P:4986) | Size: 629.50 MB (vs Uncompressed 1092.50 MB) | Reduction: 42.4%
[KV Tracker] Step 8750 | Active Tokens: 5046 (E:50, P:4996) | Size: 630.75 MB (vs Uncompressed 1093.75 MB) | Reduction: 42.3%
[KV Tracker] Step 8760 | Active Tokens: 5056 (E:50, P:5006) | Size: 632.00 MB (vs Uncompressed 1095.00 MB) | Reduction: 42.3%
[KV Tracker] Step 8770 | Active Tokens: 5066 (E:50, P:5016) | Size: 633.25 MB (vs Uncompressed 1096.25 MB) | Reduction: 42.2%
[KV Tracker] Step 8780 | Active Tokens: 5076 (E:50, P:5026) | Size: 634.50 MB (vs Uncompressed 1097.50 MB) | Reduction: 42.2%
[KV Tracker] Step 8790 | Active Tokens: 5086 (E:50, P:5036) | Size: 635.75 MB (vs Uncompressed 1098.75 MB) | Reduction: 42.1%
[KV Tracker] Step 8800 | Active Tokens: 5096 (E:50, P:5046) | Size: 637.00 MB (vs Uncompressed 1100.00 MB) | Reduction: 42.1%
[KV Tracker] Step 8810 | Active Tokens: 5106 (E:50, P:5056) | Size: 638.25 MB (vs Uncompressed 1101.25 MB) | Reduction: 42.0%
[KV Tracker] Step 8820 | Active Tokens: 5116 (E:50, P:5066) | Size: 639.50 MB (vs Uncompressed 1102.50 MB) | Reduction: 42.0%
[KV Tracker] Step 8830 | Active Tokens: 5126 (E:50, P:5076) | Size: 640.75 MB (vs Uncompressed 1103.75 MB) | Reduction: 41.9%
[KV Tracker] Step 8840 | Active Tokens: 5136 (E:50, P:5086) | Size: 642.00 MB (vs Uncompressed 1105.00 MB) | Reduction: 41.9%
[KV Tracker] Step 8850 | Active Tokens: 5146 (E:50, P:5096) | Size: 643.25 MB (vs Uncompressed 1106.25 MB) | Reduction: 41.9%
[KV Tracker] Step 8860 | Active Tokens: 5156 (E:50, P:5106) | Size: 644.50 MB (vs Uncompressed 1107.50 MB) | Reduction: 41.8%
[KV Tracker] Step 8870 | Active Tokens: 5166 (E:50, P:5116) | Size: 645.75 MB (vs Uncompressed 1108.75 MB) | Reduction: 41.8%
[KV Tracker] Step 8880 | Active Tokens: 5176 (E:50, P:5126) | Size: 647.00 MB (vs Uncompressed 1110.00 MB) | Reduction: 41.7%
[KV Tracker] Step 8890 | Active Tokens: 5186 (E:50, P:5136) | Size: 648.25 MB (vs Uncompressed 1111.25 MB) | Reduction: 41.7%
[KV Tracker] Step 8900 | Active Tokens: 5196 (E:50, P:5146) | Size: 649.50 MB (vs Uncompressed 1112.50 MB) | Reduction: 41.6%
[KV Tracker] Step 8910 | Active Tokens: 5206 (E:50, P:5156) | Size: 650.75 MB (vs Uncompressed 1113.75 MB) | Reduction: 41.6%
[KV Tracker] Step 8920 | Active Tokens: 5216 (E:50, P:5166) | Size: 652.00 MB (vs Uncompressed 1115.00 MB) | Reduction: 41.5%
[KV Tracker] Step 8930 | Active Tokens: 5226 (E:50, P:5176) | Size: 653.25 MB (vs Uncompressed 1116.25 MB) | Reduction: 41.5%
[KV Tracker] Step 8940 | Active Tokens: 5236 (E:50, P:5186) | Size: 654.50 MB (vs Uncompressed 1117.50 MB) | Reduction: 41.4%
[KV Tracker] Step 8950 | Active Tokens: 5246 (E:50, P:5196) | Size: 655.75 MB (vs Uncompressed 1118.75 MB) | Reduction: 41.4%
[KV Tracker] Step 8960 | Active Tokens: 5256 (E:50, P:5206) | Size: 657.00 MB (vs Uncompressed 1120.00 MB) | Reduction: 41.3%
[KV Tracker] Step 8970 | Active Tokens: 5168 (E:50, P:5118) | Size: 646.00 MB (vs Uncompressed 1121.25 MB) | Reduction: 42.4%
[KV Tracker] Step 8980 | Active Tokens: 5178 (E:50, P:5128) | Size: 647.25 MB (vs Uncompressed 1122.50 MB) | Reduction: 42.3%
[KV Tracker] Step 8990 | Active Tokens: 5188 (E:50, P:5138) | Size: 648.50 MB (vs Uncompressed 1123.75 MB) | Reduction: 42.3%
[KV Tracker] Step 9000 | Active Tokens: 5198 (E:50, P:5148) | Size: 649.75 MB (vs Uncompressed 1125.00 MB) | Reduction: 42.2%
[KV Tracker] Step 9010 | Active Tokens: 5208 (E:50, P:5158) | Size: 651.00 MB (vs Uncompressed 1126.25 MB) | Reduction: 42.2%
[KV Tracker] Step 9020 | Active Tokens: 5218 (E:50, P:5168) | Size: 652.25 MB (vs Uncompressed 1127.50 MB) | Reduction: 42.2%
[KV Tracker] Step 9030 | Active Tokens: 5228 (E:50, P:5178) | Size: 653.50 MB (vs Uncompressed 1128.75 MB) | Reduction: 42.1%
[KV Tracker] Step 9040 | Active Tokens: 5238 (E:50, P:5188) | Size: 654.75 MB (vs Uncompressed 1130.00 MB) | Reduction: 42.1%
[KV Tracker] Step 9050 | Active Tokens: 5248 (E:50, P:5198) | Size: 656.00 MB (vs Uncompressed 1131.25 MB) | Reduction: 42.0%
[KV Tracker] Step 9060 | Active Tokens: 5258 (E:50, P:5208) | Size: 657.25 MB (vs Uncompressed 1132.50 MB) | Reduction: 42.0%
[KV Tracker] Step 9070 | Active Tokens: 5268 (E:50, P:5218) | Size: 658.50 MB (vs Uncompressed 1133.75 MB) | Reduction: 41.9%
[KV Tracker] Step 9080 | Active Tokens: 5278 (E:50, P:5228) | Size: 659.75 MB (vs Uncompressed 1135.00 MB) | Reduction: 41.9%
[KV Tracker] Step 9090 | Active Tokens: 5288 (E:50, P:5238) | Size: 661.00 MB (vs Uncompressed 1136.25 MB) | Reduction: 41.8%
[KV Tracker] Step 9100 | Active Tokens: 5298 (E:50, P:5248) | Size: 662.25 MB (vs Uncompressed 1137.50 MB) | Reduction: 41.8%
[KV Tracker] Step 9110 | Active Tokens: 5308 (E:50, P:5258) | Size: 663.50 MB (vs Uncompressed 1138.75 MB) | Reduction: 41.7%
[KV Tracker] Step 9120 | Active Tokens: 5318 (E:50, P:5268) | Size: 664.75 MB (vs Uncompressed 1140.00 MB) | Reduction: 41.7%
[KV Tracker] Step 9130 | Active Tokens: 5328 (E:50, P:5278) | Size: 666.00 MB (vs Uncompressed 1141.25 MB) | Reduction: 41.6%
[KV Tracker] Step 9140 | Active Tokens: 5338 (E:50, P:5288) | Size: 667.25 MB (vs Uncompressed 1142.50 MB) | Reduction: 41.6%
[KV Tracker] Step 9150 | Active Tokens: 5348 (E:50, P:5298) | Size: 668.50 MB (vs Uncompressed 1143.75 MB) | Reduction: 41.6%
[KV Tracker] Step 9160 | Active Tokens: 5358 (E:50, P:5308) | Size: 669.75 MB (vs Uncompressed 1145.00 MB) | Reduction: 41.5%
[KV Tracker] Step 9170 | Active Tokens: 5368 (E:50, P:5318) | Size: 671.00 MB (vs Uncompressed 1146.25 MB) | Reduction: 41.5%
[KV Tracker] Step 9180 | Active Tokens: 5378 (E:50, P:5328) | Size: 672.25 MB (vs Uncompressed 1147.50 MB) | Reduction: 41.4%
[KV Tracker] Step 9190 | Active Tokens: 5388 (E:50, P:5338) | Size: 673.50 MB (vs Uncompressed 1148.75 MB) | Reduction: 41.4%
[KV Tracker] Step 9200 | Active Tokens: 5398 (E:50, P:5348) | Size: 674.75 MB (vs Uncompressed 1150.00 MB) | Reduction: 41.3%
[KV Tracker] Step 9210 | Active Tokens: 5408 (E:50, P:5358) | Size: 676.00 MB (vs Uncompressed 1151.25 MB) | Reduction: 41.3%
[KV Tracker] Step 9220 | Active Tokens: 5309 (E:50, P:5259) | Size: 663.62 MB (vs Uncompressed 1152.50 MB) | Reduction: 42.4%
[KV Tracker] Step 8700 | Active Tokens: 4978 (E:50, P:4928) | Size: 622.25 MB (vs Uncompressed 1087.50 MB) | Reduction: 42.8%
[KV Tracker] Step 8710 | Active Tokens: 4983 (E:50, P:4933) | Size: 622.88 MB (vs Uncompressed 1088.75 MB) | Reduction: 42.8%
[KV Tracker] Step 8720 | Active Tokens: 4993 (E:50, P:4943) | Size: 624.12 MB (vs Uncompressed 1090.00 MB) | Reduction: 42.7%
[KV Tracker] Step 8730 | Active Tokens: 5003 (E:50, P:4953) | Size: 625.38 MB (vs Uncompressed 1091.25 MB) | Reduction: 42.7%
[KV Tracker] Step 8740 | Active Tokens: 5013 (E:50, P:4963) | Size: 626.62 MB (vs Uncompressed 1092.50 MB) | Reduction: 42.6%
[KV Tracker] Step 8750 | Active Tokens: 5023 (E:50, P:4973) | Size: 627.88 MB (vs Uncompressed 1093.75 MB) | Reduction: 42.6%
[KV Tracker] Step 8760 | Active Tokens: 5033 (E:50, P:4983) | Size: 629.12 MB (vs Uncompressed 1095.00 MB) | Reduction: 42.5%
[KV Tracker] Step 8770 | Active Tokens: 5043 (E:50, P:4993) | Size: 630.38 MB (vs Uncompressed 1096.25 MB) | Reduction: 42.5%
[KV Tracker] Step 8780 | Active Tokens: 5053 (E:50, P:5003) | Size: 631.62 MB (vs Uncompressed 1097.50 MB) | Reduction: 42.4%
[KV Tracker] Step 8790 | Active Tokens: 5063 (E:50, P:5013) | Size: 632.88 MB (vs Uncompressed 1098.75 MB) | Reduction: 42.4%
[KV Tracker] Step 8800 | Active Tokens: 5073 (E:50, P:5023) | Size: 634.12 MB (vs Uncompressed 1100.00 MB) | Reduction: 42.4%
[KV Tracker] Step 8810 | Active Tokens: 5083 (E:50, P:5033) | Size: 635.38 MB (vs Uncompressed 1101.25 MB) | Reduction: 42.3%
[KV Tracker] Step 8820 | Active Tokens: 5093 (E:50, P:5043) | Size: 636.62 MB (vs Uncompressed 1102.50 MB) | Reduction: 42.3%
[KV Tracker] Step 8830 | Active Tokens: 5103 (E:50, P:5053) | Size: 637.88 MB (vs Uncompressed 1103.75 MB) | Reduction: 42.2%
[KV Tracker] Step 8840 | Active Tokens: 5113 (E:50, P:5063) | Size: 639.12 MB (vs Uncompressed 1105.00 MB) | Reduction: 42.2%
[KV Tracker] Step 8850 | Active Tokens: 5123 (E:50, P:5073) | Size: 640.38 MB (vs Uncompressed 1106.25 MB) | Reduction: 42.1%
[KV Tracker] Step 8860 | Active Tokens: 5133 (E:50, P:5083) | Size: 641.62 MB (vs Uncompressed 1107.50 MB) | Reduction: 42.1%
[KV Tracker] Step 8870 | Active Tokens: 5143 (E:50, P:5093) | Size: 642.88 MB (vs Uncompressed 1108.75 MB) | Reduction: 42.0%
[KV Tracker] Step 8880 | Active Tokens: 5153 (E:50, P:5103) | Size: 644.12 MB (vs Uncompressed 1110.00 MB) | Reduction: 42.0%
[KV Tracker] Step 8890 | Active Tokens: 5163 (E:50, P:5113) | Size: 645.38 MB (vs Uncompressed 1111.25 MB) | Reduction: 41.9%
[KV Tracker] Step 8900 | Active Tokens: 5173 (E:50, P:5123) | Size: 646.62 MB (vs Uncompressed 1112.50 MB) | Reduction: 41.9%
[KV Tracker] Step 8910 | Active Tokens: 5183 (E:50, P:5133) | Size: 647.88 MB (vs Uncompressed 1113.75 MB) | Reduction: 41.8%
[KV Tracker] Step 8920 | Active Tokens: 5193 (E:50, P:5143) | Size: 649.12 MB (vs Uncompressed 1115.00 MB) | Reduction: 41.8%
[KV Tracker] Step 8930 | Active Tokens: 5203 (E:50, P:5153) | Size: 650.38 MB (vs Uncompressed 1116.25 MB) | Reduction: 41.7%
[KV Tracker] Step 8940 | Active Tokens: 5213 (E:50, P:5163) | Size: 651.62 MB (vs Uncompressed 1117.50 MB) | Reduction: 41.7%
[KV Tracker] Step 8950 | Active Tokens: 5223 (E:50, P:5173) | Size: 652.88 MB (vs Uncompressed 1118.75 MB) | Reduction: 41.6%
[KV Tracker] Step 8960 | Active Tokens: 5233 (E:50, P:5183) | Size: 654.12 MB (vs Uncompressed 1120.00 MB) | Reduction: 41.6%
[KV Tracker] Step 8970 | Active Tokens: 5155 (E:50, P:5105) | Size: 644.38 MB (vs Uncompressed 1121.25 MB) | Reduction: 42.5%
[KV Tracker] Step 8980 | Active Tokens: 5165 (E:50, P:5115) | Size: 645.62 MB (vs Uncompressed 1122.50 MB) | Reduction: 42.5%
[KV Tracker] Step 8990 | Active Tokens: 5175 (E:50, P:5125) | Size: 646.88 MB (vs Uncompressed 1123.75 MB) | Reduction: 42.4%
[KV Tracker] Step 9000 | Active Tokens: 5185 (E:50, P:5135) | Size: 648.12 MB (vs Uncompressed 1125.00 MB) | Reduction: 42.4%
[KV Tracker] Step 9010 | Active Tokens: 5195 (E:50, P:5145) | Size: 649.38 MB (vs Uncompressed 1126.25 MB) | Reduction: 42.3%
[KV Tracker] Step 9020 | Active Tokens: 5205 (E:50, P:5155) | Size: 650.62 MB (vs Uncompressed 1127.50 MB) | Reduction: 42.3%
[KV Tracker] Step 9030 | Active Tokens: 5215 (E:50, P:5165) | Size: 651.88 MB (vs Uncompressed 1128.75 MB) | Reduction: 42.2%
[KV Tracker] Step 9040 | Active Tokens: 5225 (E:50, P:5175) | Size: 653.12 MB (vs Uncompressed 1130.00 MB) | Reduction: 42.2%
[KV Tracker] Step 9050 | Active Tokens: 5235 (E:50, P:5185) | Size: 654.38 MB (vs Uncompressed 1131.25 MB) | Reduction: 42.2%
[KV Tracker] Step 9060 | Active Tokens: 5245 (E:50, P:5195) | Size: 655.62 MB (vs Uncompressed 1132.50 MB) | Reduction: 42.1%
[KV Tracker] Step 9070 | Active Tokens: 5255 (E:50, P:5205) | Size: 656.88 MB (vs Uncompressed 1133.75 MB) | Reduction: 42.1%
[KV Tracker] Step 9080 | Active Tokens: 5265 (E:50, P:5215) | Size: 658.12 MB (vs Uncompressed 1135.00 MB) | Reduction: 42.0%
[KV Tracker] Step 9090 | Active Tokens: 5275 (E:50, P:5225) | Size: 659.38 MB (vs Uncompressed 1136.25 MB) | Reduction: 42.0%
[KV Tracker] Step 9100 | Active Tokens: 5285 (E:50, P:5235) | Size: 660.62 MB (vs Uncompressed 1137.50 MB) | Reduction: 41.9%
[KV Tracker] Step 9110 | Active Tokens: 5295 (E:50, P:5245) | Size: 661.88 MB (vs Uncompressed 1138.75 MB) | Reduction: 41.9%
[KV Tracker] Step 9120 | Active Tokens: 5305 (E:50, P:5255) | Size: 663.12 MB (vs Uncompressed 1140.00 MB) | Reduction: 41.8%
[KV Tracker] Step 9130 | Active Tokens: 5315 (E:50, P:5265) | Size: 664.38 MB (vs Uncompressed 1141.25 MB) | Reduction: 41.8%
[KV Tracker] Step 9140 | Active Tokens: 5325 (E:50, P:5275) | Size: 665.62 MB (vs Uncompressed 1142.50 MB) | Reduction: 41.7%
[KV Tracker] Step 9150 | Active Tokens: 5335 (E:50, P:5285) | Size: 666.88 MB (vs Uncompressed 1143.75 MB) | Reduction: 41.7%
[KV Tracker] Step 9160 | Active Tokens: 5345 (E:50, P:5295) | Size: 668.12 MB (vs Uncompressed 1145.00 MB) | Reduction: 41.6%
[KV Tracker] Step 9170 | Active Tokens: 5355 (E:50, P:5305) | Size: 669.38 MB (vs Uncompressed 1146.25 MB) | Reduction: 41.6%
[KV Tracker] Step 9180 | Active Tokens: 5365 (E:50, P:5315) | Size: 670.62 MB (vs Uncompressed 1147.50 MB) | Reduction: 41.6%
[KV Tracker] Step 7820 | Active Tokens: 4347 (E:50, P:4297) | Size: 543.38 MB (vs Uncompressed 977.50 MB) | Reduction: 44.4%
[KV Tracker] Step 7830 | Active Tokens: 4357 (E:50, P:4307) | Size: 544.62 MB (vs Uncompressed 978.75 MB) | Reduction: 44.4%
[KV Tracker] Step 7840 | Active Tokens: 4367 (E:50, P:4317) | Size: 545.88 MB (vs Uncompressed 980.00 MB) | Reduction: 44.3%
[KV Tracker] Step 7850 | Active Tokens: 4377 (E:50, P:4327) | Size: 547.12 MB (vs Uncompressed 981.25 MB) | Reduction: 44.2%
[KV Tracker] Step 7860 | Active Tokens: 4387 (E:50, P:4337) | Size: 548.38 MB (vs Uncompressed 982.50 MB) | Reduction: 44.2%
[KV Tracker] Step 7870 | Active Tokens: 4397 (E:50, P:4347) | Size: 549.62 MB (vs Uncompressed 983.75 MB) | Reduction: 44.1%
[KV Tracker] Step 7880 | Active Tokens: 4407 (E:50, P:4357) | Size: 550.88 MB (vs Uncompressed 985.00 MB) | Reduction: 44.1%
[KV Tracker] Step 7890 | Active Tokens: 4417 (E:50, P:4367) | Size: 552.12 MB (vs Uncompressed 986.25 MB) | Reduction: 44.0%
[KV Tracker] Step 7900 | Active Tokens: 4427 (E:50, P:4377) | Size: 553.38 MB (vs Uncompressed 987.50 MB) | Reduction: 44.0%
[KV Tracker] Step 7910 | Active Tokens: 4437 (E:50, P:4387) | Size: 554.62 MB (vs Uncompressed 988.75 MB) | Reduction: 43.9%
[KV Tracker] Step 7920 | Active Tokens: 4447 (E:50, P:4397) | Size: 555.88 MB (vs Uncompressed 990.00 MB) | Reduction: 43.9%
[KV Tracker] Step 7930 | Active Tokens: 4457 (E:50, P:4407) | Size: 557.12 MB (vs Uncompressed 991.25 MB) | Reduction: 43.8%
[KV Tracker] Step 7940 | Active Tokens: 4435 (E:50, P:4385) | Size: 554.38 MB (vs Uncompressed 992.50 MB) | Reduction: 44.1%
[KV Tracker] Step 7950 | Active Tokens: 4445 (E:50, P:4395) | Size: 555.62 MB (vs Uncompressed 993.75 MB) | Reduction: 44.1%
[KV Tracker] Step 7960 | Active Tokens: 4455 (E:50, P:4405) | Size: 556.88 MB (vs Uncompressed 995.00 MB) | Reduction: 44.0%
[KV Tracker] Step 7970 | Active Tokens: 4465 (E:50, P:4415) | Size: 558.12 MB (vs Uncompressed 996.25 MB) | Reduction: 44.0%
[KV Tracker] Step 7980 | Active Tokens: 4475 (E:50, P:4425) | Size: 559.38 MB (vs Uncompressed 997.50 MB) | Reduction: 43.9%
[KV Tracker] Step 7990 | Active Tokens: 4485 (E:50, P:4435) | Size: 560.62 MB (vs Uncompressed 998.75 MB) | Reduction: 43.9%
[KV Tracker] Step 8000 | Active Tokens: 4495 (E:50, P:4445) | Size: 561.88 MB (vs Uncompressed 1000.00 MB) | Reduction: 43.8%
[KV Tracker] Step 8010 | Active Tokens: 4505 (E:50, P:4455) | Size: 563.12 MB (vs Uncompressed 1001.25 MB) | Reduction: 43.8%
[KV Tracker] Step 8020 | Active Tokens: 4515 (E:50, P:4465) | Size: 564.38 MB (vs Uncompressed 1002.50 MB) | Reduction: 43.7%
[KV Tracker] Step 8030 | Active Tokens: 4525 (E:50, P:4475) | Size: 565.62 MB (vs Uncompressed 1003.75 MB) | Reduction: 43.6%
[KV Tracker] Step 8040 | Active Tokens: 4535 (E:50, P:4485) | Size: 566.88 MB (vs Uncompressed 1005.00 MB) | Reduction: 43.6%
[KV Tracker] Step 8050 | Active Tokens: 4545 (E:50, P:4495) | Size: 568.12 MB (vs Uncompressed 1006.25 MB) | Reduction: 43.5%
[KV Tracker] Step 8060 | Active Tokens: 4555 (E:50, P:4505) | Size: 569.38 MB (vs Uncompressed 1007.50 MB) | Reduction: 43.5%
[KV Tracker] Step 8070 | Active Tokens: 4565 (E:50, P:4515) | Size: 570.62 MB (vs Uncompressed 1008.75 MB) | Reduction: 43.4%
[KV Tracker] Step 8080 | Active Tokens: 4575 (E:50, P:4525) | Size: 571.88 MB (vs Uncompressed 1010.00 MB) | Reduction: 43.4%
[KV Tracker] Step 8090 | Active Tokens: 4585 (E:50, P:4535) | Size: 573.12 MB (vs Uncompressed 1011.25 MB) | Reduction: 43.3%
[KV Tracker] Step 8100 | Active Tokens: 4595 (E:50, P:4545) | Size: 574.38 MB (vs Uncompressed 1012.50 MB) | Reduction: 43.3%
[KV Tracker] Step 8110 | Active Tokens: 4605 (E:50, P:4555) | Size: 575.62 MB (vs Uncompressed 1013.75 MB) | Reduction: 43.2%
[KV Tracker] Step 8120 | Active Tokens: 4615 (E:50, P:4565) | Size: 576.88 MB (vs Uncompressed 1015.00 MB) | Reduction: 43.2%
[KV Tracker] Step 8130 | Active Tokens: 4625 (E:50, P:4575) | Size: 578.12 MB (vs Uncompressed 1016.25 MB) | Reduction: 43.1%
[KV Tracker] Step 8140 | Active Tokens: 4635 (E:50, P:4585) | Size: 579.38 MB (vs Uncompressed 1017.50 MB) | Reduction: 43.1%
[KV Tracker] Step 8150 | Active Tokens: 4645 (E:50, P:4595) | Size: 580.62 MB (vs Uncompressed 1018.75 MB) | Reduction: 43.0%
[KV Tracker] Step 8160 | Active Tokens: 4655 (E:50, P:4605) | Size: 581.88 MB (vs Uncompressed 1020.00 MB) | Reduction: 43.0%
[KV Tracker] Step 8170 | Active Tokens: 4665 (E:50, P:4615) | Size: 583.12 MB (vs Uncompressed 1021.25 MB) | Reduction: 42.9%
[KV Tracker] Step 8180 | Active Tokens: 4675 (E:50, P:4625) | Size: 584.38 MB (vs Uncompressed 1022.50 MB) | Reduction: 42.8%
[KV Tracker] Step 8190 | Active Tokens: 4685 (E:50, P:4635) | Size: 585.62 MB (vs Uncompressed 1023.75 MB) | Reduction: 42.8%
[KV Tracker] Step 8200 | Active Tokens: 4578 (E:50, P:4528) | Size: 572.25 MB (vs Uncompressed 1025.00 MB) | Reduction: 44.2%
[KV Tracker] Step 8210 | Active Tokens: 4588 (E:50, P:4538) | Size: 573.50 MB (vs Uncompressed 1026.25 MB) | Reduction: 44.1%
[KV Tracker] Step 8220 | Active Tokens: 4598 (E:50, P:4548) | Size: 574.75 MB (vs Uncompressed 1027.50 MB) | Reduction: 44.1%
[KV Tracker] Step 8230 | Active Tokens: 4608 (E:50, P:4558) | Size: 576.00 MB (vs Uncompressed 1028.75 MB) | Reduction: 44.0%
[KV Tracker] Step 7600 | Active Tokens: 4116 (E:50, P:4066) | Size: 514.50 MB (vs Uncompressed 950.00 MB) | Reduction: 45.8%
[KV Tracker] Step 7610 | Active Tokens: 4126 (E:50, P:4076) | Size: 515.75 MB (vs Uncompressed 951.25 MB) | Reduction: 45.8%
[KV Tracker] Step 7620 | Active Tokens: 4136 (E:50, P:4086) | Size: 517.00 MB (vs Uncompressed 952.50 MB) | Reduction: 45.7%
[KV Tracker] Step 7630 | Active Tokens: 4146 (E:50, P:4096) | Size: 518.25 MB (vs Uncompressed 953.75 MB) | Reduction: 45.7%
[KV Tracker] Step 7640 | Active Tokens: 4156 (E:50, P:4106) | Size: 519.50 MB (vs Uncompressed 955.00 MB) | Reduction: 45.6%
[KV Tracker] Step 7650 | Active Tokens: 4166 (E:50, P:4116) | Size: 520.75 MB (vs Uncompressed 956.25 MB) | Reduction: 45.5%
[KV Tracker] Step 7660 | Active Tokens: 4176 (E:50, P:4126) | Size: 522.00 MB (vs Uncompressed 957.50 MB) | Reduction: 45.5%
[KV Tracker] Step 7670 | Active Tokens: 4186 (E:50, P:4136) | Size: 523.25 MB (vs Uncompressed 958.75 MB) | Reduction: 45.4%
[KV Tracker] Step 7680 | Active Tokens: 4196 (E:50, P:4146) | Size: 524.50 MB (vs Uncompressed 960.00 MB) | Reduction: 45.4%
[KV Tracker] Step 7690 | Active Tokens: 4181 (E:50, P:4131) | Size: 522.62 MB (vs Uncompressed 961.25 MB) | Reduction: 45.6%
[KV Tracker] Step 7700 | Active Tokens: 4191 (E:50, P:4141) | Size: 523.88 MB (vs Uncompressed 962.50 MB) | Reduction: 45.6%
[KV Tracker] Step 7710 | Active Tokens: 4201 (E:50, P:4151) | Size: 525.12 MB (vs Uncompressed 963.75 MB) | Reduction: 45.5%
[KV Tracker] Step 7720 | Active Tokens: 4211 (E:50, P:4161) | Size: 526.38 MB (vs Uncompressed 965.00 MB) | Reduction: 45.5%
[KV Tracker] Step 7730 | Active Tokens: 4221 (E:50, P:4171) | Size: 527.62 MB (vs Uncompressed 966.25 MB) | Reduction: 45.4%
[KV Tracker] Step 7740 | Active Tokens: 4231 (E:50, P:4181) | Size: 528.88 MB (vs Uncompressed 967.50 MB) | Reduction: 45.3%
[KV Tracker] Step 7750 | Active Tokens: 4241 (E:50, P:4191) | Size: 530.12 MB (vs Uncompressed 968.75 MB) | Reduction: 45.3%
[KV Tracker] Step 7760 | Active Tokens: 4251 (E:50, P:4201) | Size: 531.38 MB (vs Uncompressed 970.00 MB) | Reduction: 45.2%
[KV Tracker] Step 7770 | Active Tokens: 4261 (E:50, P:4211) | Size: 532.62 MB (vs Uncompressed 971.25 MB) | Reduction: 45.2%
[KV Tracker] Step 7780 | Active Tokens: 4271 (E:50, P:4221) | Size: 533.88 MB (vs Uncompressed 972.50 MB) | Reduction: 45.1%
[KV Tracker] Step 7790 | Active Tokens: 4281 (E:50, P:4231) | Size: 535.12 MB (vs Uncompressed 973.75 MB) | Reduction: 45.0%
[KV Tracker] Step 7800 | Active Tokens: 4291 (E:50, P:4241) | Size: 536.38 MB (vs Uncompressed 975.00 MB) | Reduction: 45.0%
[KV Tracker] Step 7810 | Active Tokens: 4301 (E:50, P:4251) | Size: 537.62 MB (vs Uncompressed 976.25 MB) | Reduction: 44.9%
[KV Tracker] Step 7820 | Active Tokens: 4311 (E:50, P:4261) | Size: 538.88 MB (vs Uncompressed 977.50 MB) | Reduction: 44.9%
[KV Tracker] Step 7830 | Active Tokens: 4321 (E:50, P:4271) | Size: 540.12 MB (vs Uncompressed 978.75 MB) | Reduction: 44.8%
[KV Tracker] Step 7840 | Active Tokens: 4331 (E:50, P:4281) | Size: 541.38 MB (vs Uncompressed 980.00 MB) | Reduction: 44.8%
[KV Tracker] Step 7850 | Active Tokens: 4341 (E:50, P:4291) | Size: 542.62 MB (vs Uncompressed 981.25 MB) | Reduction: 44.7%
[KV Tracker] Step 7860 | Active Tokens: 4351 (E:50, P:4301) | Size: 543.88 MB (vs Uncompressed 982.50 MB) | Reduction: 44.6%
[KV Tracker] Step 7870 | Active Tokens: 4361 (E:50, P:4311) | Size: 545.12 MB (vs Uncompressed 983.75 MB) | Reduction: 44.6%
[KV Tracker] Step 7880 | Active Tokens: 4371 (E:50, P:4321) | Size: 546.38 MB (vs Uncompressed 985.00 MB) | Reduction: 44.5%
[KV Tracker] Step 7890 | Active Tokens: 4381 (E:50, P:4331) | Size: 547.62 MB (vs Uncompressed 986.25 MB) | Reduction: 44.5%
[KV Tracker] Step 7900 | Active Tokens: 4391 (E:50, P:4341) | Size: 548.88 MB (vs Uncompressed 987.50 MB) | Reduction: 44.4%
[KV Tracker] Step 6620 | Active Tokens: 3790 (E:50, P:3740) | Size: 473.75 MB (vs Uncompressed 827.50 MB) | Reduction: 42.7%
[KV Tracker] Step 6630 | Active Tokens: 3800 (E:50, P:3750) | Size: 475.00 MB (vs Uncompressed 828.75 MB) | Reduction: 42.7%
[KV Tracker] Step 6640 | Active Tokens: 3810 (E:50, P:3760) | Size: 476.25 MB (vs Uncompressed 830.00 MB) | Reduction: 42.6%
[KV Tracker] Step 6650 | Active Tokens: 3820 (E:50, P:3770) | Size: 477.50 MB (vs Uncompressed 831.25 MB) | Reduction: 42.6%
[KV Tracker] Step 6660 | Active Tokens: 3812 (E:50, P:3762) | Size: 476.50 MB (vs Uncompressed 832.50 MB) | Reduction: 42.8%
[KV Tracker] Step 6670 | Active Tokens: 3822 (E:50, P:3772) | Size: 477.75 MB (vs Uncompressed 833.75 MB) | Reduction: 42.7%
[KV Tracker] Step 6680 | Active Tokens: 3832 (E:50, P:3782) | Size: 479.00 MB (vs Uncompressed 835.00 MB) | Reduction: 42.6%
[KV Tracker] Step 6690 | Active Tokens: 3842 (E:50, P:3792) | Size: 480.25 MB (vs Uncompressed 836.25 MB) | Reduction: 42.6%
[KV Tracker] Step 6700 | Active Tokens: 3852 (E:50, P:3802) | Size: 481.50 MB (vs Uncompressed 837.50 MB) | Reduction: 42.5%
[KV Tracker] Step 6710 | Active Tokens: 3862 (E:50, P:3812) | Size: 482.75 MB (vs Uncompressed 838.75 MB) | Reduction: 42.4%
[KV Tracker] Step 6720 | Active Tokens: 3872 (E:50, P:3822) | Size: 484.00 MB (vs Uncompressed 840.00 MB) | Reduction: 42.4%
[KV Tracker] Step 6730 | Active Tokens: 3882 (E:50, P:3832) | Size: 485.25 MB (vs Uncompressed 841.25 MB) | Reduction: 42.3%
[KV Tracker] Step 6740 | Active Tokens: 3892 (E:50, P:3842) | Size: 486.50 MB (vs Uncompressed 842.50 MB) | Reduction: 42.3%
[KV Tracker] Step 6750 | Active Tokens: 3902 (E:50, P:3852) | Size: 487.75 MB (vs Uncompressed 843.75 MB) | Reduction: 42.2%
[KV Tracker] Step 6760 | Active Tokens: 3912 (E:50, P:3862) | Size: 489.00 MB (vs Uncompressed 845.00 MB) | Reduction: 42.1%
[KV Tracker] Step 6770 | Active Tokens: 3922 (E:50, P:3872) | Size: 490.25 MB (vs Uncompressed 846.25 MB) | Reduction: 42.1%
[KV Tracker] Step 6780 | Active Tokens: 3932 (E:50, P:3882) | Size: 491.50 MB (vs Uncompressed 847.50 MB) | Reduction: 42.0%
[KV Tracker] Step 6790 | Active Tokens: 3942 (E:50, P:3892) | Size: 492.75 MB (vs Uncompressed 848.75 MB) | Reduction: 41.9%
[KV Tracker] Step 6800 | Active Tokens: 3952 (E:50, P:3902) | Size: 494.00 MB (vs Uncompressed 850.00 MB) | Reduction: 41.9%
[KV Tracker] Step 6810 | Active Tokens: 3962 (E:50, P:3912) | Size: 495.25 MB (vs Uncompressed 851.25 MB) | Reduction: 41.8%
[KV Tracker] Step 6820 | Active Tokens: 3972 (E:50, P:3922) | Size: 496.50 MB (vs Uncompressed 852.50 MB) | Reduction: 41.8%
[KV Tracker] Step 6830 | Active Tokens: 3982 (E:50, P:3932) | Size: 497.75 MB (vs Uncompressed 853.75 MB) | Reduction: 41.7%
[KV Tracker] Step 6840 | Active Tokens: 3992 (E:50, P:3942) | Size: 499.00 MB (vs Uncompressed 855.00 MB) | Reduction: 41.6%
[KV Tracker] Step 6850 | Active Tokens: 4002 (E:50, P:3952) | Size: 500.25 MB (vs Uncompressed 856.25 MB) | Reduction: 41.6%
[KV Tracker] Step 6860 | Active Tokens: 4012 (E:50, P:3962) | Size: 501.50 MB (vs Uncompressed 857.50 MB) | Reduction: 41.5%
[KV Tracker] Step 6870 | Active Tokens: 4022 (E:50, P:3972) | Size: 502.75 MB (vs Uncompressed 858.75 MB) | Reduction: 41.5%
[KV Tracker] Step 6880 | Active Tokens: 4032 (E:50, P:3982) | Size: 504.00 MB (vs Uncompressed 860.00 MB) | Reduction: 41.4%
[KV Tracker] Step 6890 | Active Tokens: 4042 (E:50, P:3992) | Size: 505.25 MB (vs Uncompressed 861.25 MB) | Reduction: 41.3%
[KV Tracker] Step 6900 | Active Tokens: 4052 (E:50, P:4002) | Size: 506.50 MB (vs Uncompressed 862.50 MB) | Reduction: 41.3%
[KV Tracker] Step 6910 | Active Tokens: 4062 (E:50, P:4012) | Size: 507.75 MB (vs Uncompressed 863.75 MB) | Reduction: 41.2%
[KV Tracker] Step 6920 | Active Tokens: 3953 (E:50, P:3903) | Size: 494.12 MB (vs Uncompressed 865.00 MB) | Reduction: 42.9%
[KV Tracker] Step 6930 | Active Tokens: 3963 (E:50, P:3913) | Size: 495.38 MB (vs Uncompressed 866.25 MB) | Reduction: 42.8%
[KV Tracker] Step 6940 | Active Tokens: 3973 (E:50, P:3923) | Size: 496.62 MB (vs Uncompressed 867.50 MB) | Reduction: 42.8%
[KV Tracker] Step 6950 | Active Tokens: 3983 (E:50, P:3933) | Size: 497.88 MB (vs Uncompressed 868.75 MB) | Reduction: 42.7%
[KV Tracker] Step 6960 | Active Tokens: 3993 (E:50, P:3943) | Size: 499.12 MB (vs Uncompressed 870.00 MB) | Reduction: 42.6%
[KV Tracker] Step 6970 | Active Tokens: 4003 (E:50, P:3953) | Size: 500.38 MB (vs Uncompressed 871.25 MB) | Reduction: 42.6%
[KV Tracker] Step 6980 | Active Tokens: 4013 (E:50, P:3963) | Size: 501.62 MB (vs Uncompressed 872.50 MB) | Reduction: 42.5%
[KV Tracker] Step 6990 | Active Tokens: 4023 (E:50, P:3973) | Size: 502.88 MB (vs Uncompressed 873.75 MB) | Reduction: 42.4%
[KV Tracker] Step 7000 | Active Tokens: 4033 (E:50, P:3983) | Size: 504.12 MB (vs Uncompressed 875.00 MB) | Reduction: 42.4%
[KV Tracker] Step 7010 | Active Tokens: 4043 (E:50, P:3993) | Size: 505.38 MB (vs Uncompressed 876.25 MB) | Reduction: 42.3%
[KV Tracker] Step 5310 | Active Tokens: 2967 (E:50, P:2917) | Size: 370.88 MB (vs Uncompressed 663.75 MB) | Reduction: 44.1%
[KV Tracker] Step 5320 | Active Tokens: 2977 (E:50, P:2927) | Size: 372.12 MB (vs Uncompressed 665.00 MB) | Reduction: 44.0%
[KV Tracker] Step 5330 | Active Tokens: 2987 (E:50, P:2937) | Size: 373.38 MB (vs Uncompressed 666.25 MB) | Reduction: 44.0%
[KV Tracker] Step 5340 | Active Tokens: 2997 (E:50, P:2947) | Size: 374.62 MB (vs Uncompressed 667.50 MB) | Reduction: 43.9%
[KV Tracker] Step 5350 | Active Tokens: 3007 (E:50, P:2957) | Size: 375.88 MB (vs Uncompressed 668.75 MB) | Reduction: 43.8%
[KV Tracker] Step 5360 | Active Tokens: 3017 (E:50, P:2967) | Size: 377.12 MB (vs Uncompressed 670.00 MB) | Reduction: 43.7%
[KV Tracker] Step 5370 | Active Tokens: 3027 (E:50, P:2977) | Size: 378.38 MB (vs Uncompressed 671.25 MB) | Reduction: 43.6%
[KV Tracker] Step 5380 | Active Tokens: 3013 (E:50, P:2963) | Size: 376.62 MB (vs Uncompressed 672.50 MB) | Reduction: 44.0%
[KV Tracker] Step 5390 | Active Tokens: 3023 (E:50, P:2973) | Size: 377.88 MB (vs Uncompressed 673.75 MB) | Reduction: 43.9%
[KV Tracker] Step 5400 | Active Tokens: 3033 (E:50, P:2983) | Size: 379.12 MB (vs Uncompressed 675.00 MB) | Reduction: 43.8%
[KV Tracker] Step 5410 | Active Tokens: 3043 (E:50, P:2993) | Size: 380.38 MB (vs Uncompressed 676.25 MB) | Reduction: 43.8%
[KV Tracker] Step 5420 | Active Tokens: 3053 (E:50, P:3003) | Size: 381.62 MB (vs Uncompressed 677.50 MB) | Reduction: 43.7%
[KV Tracker] Step 5430 | Active Tokens: 3063 (E:50, P:3013) | Size: 382.88 MB (vs Uncompressed 678.75 MB) | Reduction: 43.6%
[KV Tracker] Step 5440 | Active Tokens: 3073 (E:50, P:3023) | Size: 384.12 MB (vs Uncompressed 680.00 MB) | Reduction: 43.5%
[KV Tracker] Step 5450 | Active Tokens: 3083 (E:50, P:3033) | Size: 385.38 MB (vs Uncompressed 681.25 MB) | Reduction: 43.4%
[KV Tracker] Step 5460 | Active Tokens: 3093 (E:50, P:3043) | Size: 386.62 MB (vs Uncompressed 682.50 MB) | Reduction: 43.4%
[KV Tracker] Step 5470 | Active Tokens: 3103 (E:50, P:3053) | Size: 387.88 MB (vs Uncompressed 683.75 MB) | Reduction: 43.3%
[KV Tracker] Step 5480 | Active Tokens: 3113 (E:50, P:3063) | Size: 389.12 MB (vs Uncompressed 685.00 MB) | Reduction: 43.2%
[KV Tracker] Step 5490 | Active Tokens: 3123 (E:50, P:3073) | Size: 390.38 MB (vs Uncompressed 686.25 MB) | Reduction: 43.1%
[KV Tracker] Step 5500 | Active Tokens: 3133 (E:50, P:3083) | Size: 391.62 MB (vs Uncompressed 687.50 MB) | Reduction: 43.0%
[KV Tracker] Step 5510 | Active Tokens: 3143 (E:50, P:3093) | Size: 392.88 MB (vs Uncompressed 688.75 MB) | Reduction: 43.0%
[KV Tracker] Step 5520 | Active Tokens: 3153 (E:50, P:3103) | Size: 394.12 MB (vs Uncompressed 690.00 MB) | Reduction: 42.9%
[KV Tracker] Step 5530 | Active Tokens: 3163 (E:50, P:3113) | Size: 395.38 MB (vs Uncompressed 691.25 MB) | Reduction: 42.8%
[KV Tracker] Step 5540 | Active Tokens: 3173 (E:50, P:3123) | Size: 396.62 MB (vs Uncompressed 692.50 MB) | Reduction: 42.7%
[KV Tracker] Step 5550 | Active Tokens: 3183 (E:50, P:3133) | Size: 397.88 MB (vs Uncompressed 693.75 MB) | Reduction: 42.6%
[KV Tracker] Step 5560 | Active Tokens: 3193 (E:50, P:3143) | Size: 399.12 MB (vs Uncompressed 695.00 MB) | Reduction: 42.6%
[KV Tracker] Step 5570 | Active Tokens: 3203 (E:50, P:3153) | Size: 400.38 MB (vs Uncompressed 696.25 MB) | Reduction: 42.5%
[KV Tracker] Step 5580 | Active Tokens: 3213 (E:50, P:3163) | Size: 401.62 MB (vs Uncompressed 697.50 MB) | Reduction: 42.4%
[KV Tracker] Step 5590 | Active Tokens: 3223 (E:50, P:3173) | Size: 402.88 MB (vs Uncompressed 698.75 MB) | Reduction: 42.3%
[KV Tracker] Step 5600 | Active Tokens: 3233 (E:50, P:3183) | Size: 404.12 MB (vs Uncompressed 700.00 MB) | Reduction: 42.3%
[KV Tracker] Step 5610 | Active Tokens: 3243 (E:50, P:3193) | Size: 405.38 MB (vs Uncompressed 701.25 MB) | Reduction: 42.2%
[KV Tracker] Step 5620 | Active Tokens: 3253 (E:50, P:3203) | Size: 406.62 MB (vs Uncompressed 702.50 MB) | Reduction: 42.1%
[KV Tracker] Step 5630 | Active Tokens: 3263 (E:50, P:3213) | Size: 407.88 MB (vs Uncompressed 703.75 MB) | Reduction: 42.0%
[KV Tracker] Step 5640 | Active Tokens: 3164 (E:50, P:3114) | Size: 395.50 MB (vs Uncompressed 705.00 MB) | Reduction: 43.9%
[KV Tracker] Step 5650 | Active Tokens: 3174 (E:50, P:3124) | Size: 396.75 MB (vs Uncompressed 706.25 MB) | Reduction: 43.8%
[KV Tracker] Step 5660 | Active Tokens: 3184 (E:50, P:3134) | Size: 398.00 MB (vs Uncompressed 707.50 MB) | Reduction: 43.7%
[KV Tracker] Step 4220 | Active Tokens: 2464 (E:50, P:2414) | Size: 308.00 MB (vs Uncompressed 527.50 MB) | Reduction: 41.6%
[KV Tracker] Step 4230 | Active Tokens: 2474 (E:50, P:2424) | Size: 309.25 MB (vs Uncompressed 528.75 MB) | Reduction: 41.5%
[KV Tracker] Step 4240 | Active Tokens: 2484 (E:50, P:2434) | Size: 310.50 MB (vs Uncompressed 530.00 MB) | Reduction: 41.4%
[KV Tracker] Step 4250 | Active Tokens: 2494 (E:50, P:2444) | Size: 311.75 MB (vs Uncompressed 531.25 MB) | Reduction: 41.3%
[KV Tracker] Step 4260 | Active Tokens: 2504 (E:50, P:2454) | Size: 313.00 MB (vs Uncompressed 532.50 MB) | Reduction: 41.2%
[KV Tracker] Step 4270 | Active Tokens: 2514 (E:50, P:2464) | Size: 314.25 MB (vs Uncompressed 533.75 MB) | Reduction: 41.1%
[KV Tracker] Step 4280 | Active Tokens: 2524 (E:50, P:2474) | Size: 315.50 MB (vs Uncompressed 535.00 MB) | Reduction: 41.0%
[KV Tracker] Step 4290 | Active Tokens: 2534 (E:50, P:2484) | Size: 316.75 MB (vs Uncompressed 536.25 MB) | Reduction: 40.9%
[KV Tracker] Step 4300 | Active Tokens: 2544 (E:50, P:2494) | Size: 318.00 MB (vs Uncompressed 537.50 MB) | Reduction: 40.8%
[KV Tracker] Step 4310 | Active Tokens: 2554 (E:50, P:2504) | Size: 319.25 MB (vs Uncompressed 538.75 MB) | Reduction: 40.7%
[KV Tracker] Step 4320 | Active Tokens: 2564 (E:50, P:2514) | Size: 320.50 MB (vs Uncompressed 540.00 MB) | Reduction: 40.6%
[KV Tracker] Step 4330 | Active Tokens: 2574 (E:50, P:2524) | Size: 321.75 MB (vs Uncompressed 541.25 MB) | Reduction: 40.6%
[KV Tracker] Step 4340 | Active Tokens: 2584 (E:50, P:2534) | Size: 323.00 MB (vs Uncompressed 542.50 MB) | Reduction: 40.5%
[KV Tracker] Step 4350 | Active Tokens: 2594 (E:50, P:2544) | Size: 324.25 MB (vs Uncompressed 543.75 MB) | Reduction: 40.4%
[KV Tracker] Step 4360 | Active Tokens: 2548 (E:50, P:2498) | Size: 318.50 MB (vs Uncompressed 545.00 MB) | Reduction: 41.6%
[KV Tracker] Step 4370 | Active Tokens: 2558 (E:50, P:2508) | Size: 319.75 MB (vs Uncompressed 546.25 MB) | Reduction: 41.5%
[KV Tracker] Step 4380 | Active Tokens: 2568 (E:50, P:2518) | Size: 321.00 MB (vs Uncompressed 547.50 MB) | Reduction: 41.4%
[KV Tracker] Step 4390 | Active Tokens: 2578 (E:50, P:2528) | Size: 322.25 MB (vs Uncompressed 548.75 MB) | Reduction: 41.3%
[KV Tracker] Step 4400 | Active Tokens: 2588 (E:50, P:2538) | Size: 323.50 MB (vs Uncompressed 550.00 MB) | Reduction: 41.2%
[KV Tracker] Step 4410 | Active Tokens: 2598 (E:50, P:2548) | Size: 324.75 MB (vs Uncompressed 551.25 MB) | Reduction: 41.1%
[KV Tracker] Step 4420 | Active Tokens: 2608 (E:50, P:2558) | Size: 326.00 MB (vs Uncompressed 552.50 MB) | Reduction: 41.0%
[KV Tracker] Step 4430 | Active Tokens: 2618 (E:50, P:2568) | Size: 327.25 MB (vs Uncompressed 553.75 MB) | Reduction: 40.9%
[KV Tracker] Step 4440 | Active Tokens: 2628 (E:50, P:2578) | Size: 328.50 MB (vs Uncompressed 555.00 MB) | Reduction: 40.8%
[KV Tracker] Step 4450 | Active Tokens: 2638 (E:50, P:2588) | Size: 329.75 MB (vs Uncompressed 556.25 MB) | Reduction: 40.7%
[KV Tracker] Step 4460 | Active Tokens: 2648 (E:50, P:2598) | Size: 331.00 MB (vs Uncompressed 557.50 MB) | Reduction: 40.6%
[KV Tracker] Step 4470 | Active Tokens: 2658 (E:50, P:2608) | Size: 332.25 MB (vs Uncompressed 558.75 MB) | Reduction: 40.5%
[KV Tracker] Step 4480 | Active Tokens: 2668 (E:50, P:2618) | Size: 333.50 MB (vs Uncompressed 560.00 MB) | Reduction: 40.4%
[KV Tracker] Step 4490 | Active Tokens: 2678 (E:50, P:2628) | Size: 334.75 MB (vs Uncompressed 561.25 MB) | Reduction: 40.4%
[KV Tracker] Step 4500 | Active Tokens: 2688 (E:50, P:2638) | Size: 336.00 MB (vs Uncompressed 562.50 MB) | Reduction: 40.3%
[KV Tracker] Step 4510 | Active Tokens: 2698 (E:50, P:2648) | Size: 337.25 MB (vs Uncompressed 563.75 MB) | Reduction: 40.2%
[KV Tracker] Step 4520 | Active Tokens: 2708 (E:50, P:2658) | Size: 338.50 MB (vs Uncompressed 565.00 MB) | Reduction: 40.1%
[KV Tracker] Step 4530 | Active Tokens: 2718 (E:50, P:2668) | Size: 339.75 MB (vs Uncompressed 566.25 MB) | Reduction: 40.0%
[KV Tracker] Step 4540 | Active Tokens: 2728 (E:50, P:2678) | Size: 341.00 MB (vs Uncompressed 567.50 MB) | Reduction: 39.9%
[KV Tracker] Step 4550 | Active Tokens: 2738 (E:50, P:2688) | Size: 342.25 MB (vs Uncompressed 568.75 MB) | Reduction: 39.8%
[KV Tracker] Step 4560 | Active Tokens: 2748 (E:50, P:2698) | Size: 343.50 MB (vs Uncompressed 570.00 MB) | Reduction: 39.7%
[KV Tracker] Step 4570 | Active Tokens: 2758 (E:50, P:2708) | Size: 344.75 MB (vs Uncompressed 571.25 MB) | Reduction: 39.6%
[KV Tracker] Step 4580 | Active Tokens: 2768 (E:50, P:2718) | Size: 346.00 MB (vs Uncompressed 572.50 MB) | Reduction: 39.6%
[KV Tracker] Step 4590 | Active Tokens: 2778 (E:50, P:2728) | Size: 347.25 MB (vs Uncompressed 573.75 MB) | Reduction: 39.5%
[KV Tracker] Step 4600 | Active Tokens: 2788 (E:50, P:2738) | Size: 348.50 MB (vs Uncompressed 575.00 MB) | Reduction: 39.4%
[KV Tracker] Step 4610 | Active Tokens: 2686 (E:50, P:2636) | Size: 335.75 MB (vs Uncompressed 576.25 MB) | Reduction: 41.7%
[KV Tracker] Step 4620 | Active Tokens: 2696 (E:50, P:2646) | Size: 337.00 MB (vs Uncompressed 577.50 MB) | Reduction: 41.6%
[KV Tracker] Step 4630 | Active Tokens: 2706 (E:50, P:2656) | Size: 338.25 MB (vs Uncompressed 578.75 MB) | Reduction: 41.6%
[KV Tracker] Step 4640 | Active Tokens: 2716 (E:50, P:2666) | Size: 339.50 MB (vs Uncompressed 580.00 MB) | Reduction: 41.5%
[KV Tracker] Step 4650 | Active Tokens: 2726 (E:50, P:2676) | Size: 340.75 MB (vs Uncompressed 581.25 MB) | Reduction: 41.4%
[KV Tracker] Step 4220 | Active Tokens: 2347 (E:50, P:2297) | Size: 293.38 MB (vs Uncompressed 527.50 MB) | Reduction: 44.4%
[KV Tracker] Step 4230 | Active Tokens: 2357 (E:50, P:2307) | Size: 294.62 MB (vs Uncompressed 528.75 MB) | Reduction: 44.3%
[KV Tracker] Step 4240 | Active Tokens: 2367 (E:50, P:2317) | Size: 295.88 MB (vs Uncompressed 530.00 MB) | Reduction: 44.2%
[KV Tracker] Step 4250 | Active Tokens: 2377 (E:50, P:2327) | Size: 297.12 MB (vs Uncompressed 531.25 MB) | Reduction: 44.1%
[KV Tracker] Step 4260 | Active Tokens: 2387 (E:50, P:2337) | Size: 298.38 MB (vs Uncompressed 532.50 MB) | Reduction: 44.0%
[KV Tracker] Step 4270 | Active Tokens: 2397 (E:50, P:2347) | Size: 299.62 MB (vs Uncompressed 533.75 MB) | Reduction: 43.9%
[KV Tracker] Step 4280 | Active Tokens: 2407 (E:50, P:2357) | Size: 300.88 MB (vs Uncompressed 535.00 MB) | Reduction: 43.8%
[KV Tracker] Step 4290 | Active Tokens: 2417 (E:50, P:2367) | Size: 302.12 MB (vs Uncompressed 536.25 MB) | Reduction: 43.7%
[KV Tracker] Step 4300 | Active Tokens: 2427 (E:50, P:2377) | Size: 303.38 MB (vs Uncompressed 537.50 MB) | Reduction: 43.6%
[KV Tracker] Step 4310 | Active Tokens: 2437 (E:50, P:2387) | Size: 304.62 MB (vs Uncompressed 538.75 MB) | Reduction: 43.5%
[KV Tracker] Step 4320 | Active Tokens: 2447 (E:50, P:2397) | Size: 305.88 MB (vs Uncompressed 540.00 MB) | Reduction: 43.4%
[KV Tracker] Step 4330 | Active Tokens: 2457 (E:50, P:2407) | Size: 307.12 MB (vs Uncompressed 541.25 MB) | Reduction: 43.3%
[KV Tracker] Step 4340 | Active Tokens: 2467 (E:50, P:2417) | Size: 308.38 MB (vs Uncompressed 542.50 MB) | Reduction: 43.2%
[KV Tracker] Step 4350 | Active Tokens: 2477 (E:50, P:2427) | Size: 309.62 MB (vs Uncompressed 543.75 MB) | Reduction: 43.1%
[KV Tracker] Step 4360 | Active Tokens: 2424 (E:50, P:2374) | Size: 303.00 MB (vs Uncompressed 545.00 MB) | Reduction: 44.4%
[KV Tracker] Step 4370 | Active Tokens: 2434 (E:50, P:2384) | Size: 304.25 MB (vs Uncompressed 546.25 MB) | Reduction: 44.3%
[KV Tracker] Step 4380 | Active Tokens: 2444 (E:50, P:2394) | Size: 305.50 MB (vs Uncompressed 547.50 MB) | Reduction: 44.2%
[KV Tracker] Step 4390 | Active Tokens: 2454 (E:50, P:2404) | Size: 306.75 MB (vs Uncompressed 548.75 MB) | Reduction: 44.1%
[KV Tracker] Step 4400 | Active Tokens: 2464 (E:50, P:2414) | Size: 308.00 MB (vs Uncompressed 550.00 MB) | Reduction: 44.0%
[KV Tracker] Step 4410 | Active Tokens: 2474 (E:50, P:2424) | Size: 309.25 MB (vs Uncompressed 551.25 MB) | Reduction: 43.9%
[KV Tracker] Step 4420 | Active Tokens: 2484 (E:50, P:2434) | Size: 310.50 MB (vs Uncompressed 552.50 MB) | Reduction: 43.8%
[KV Tracker] Step 4430 | Active Tokens: 2494 (E:50, P:2444) | Size: 311.75 MB (vs Uncompressed 553.75 MB) | Reduction: 43.7%
[KV Tracker] Step 4440 | Active Tokens: 2504 (E:50, P:2454) | Size: 313.00 MB (vs Uncompressed 555.00 MB) | Reduction: 43.6%
[KV Tracker] Step 4450 | Active Tokens: 2514 (E:50, P:2464) | Size: 314.25 MB (vs Uncompressed 556.25 MB) | Reduction: 43.5%
[KV Tracker] Step 4460 | Active Tokens: 2524 (E:50, P:2474) | Size: 315.50 MB (vs Uncompressed 557.50 MB) | Reduction: 43.4%
[KV Tracker] Step 4470 | Active Tokens: 2534 (E:50, P:2484) | Size: 316.75 MB (vs Uncompressed 558.75 MB) | Reduction: 43.3%
[KV Tracker] Step 4480 | Active Tokens: 2544 (E:50, P:2494) | Size: 318.00 MB (vs Uncompressed 560.00 MB) | Reduction: 43.2%
[KV Tracker] Step 4490 | Active Tokens: 2554 (E:50, P:2504) | Size: 319.25 MB (vs Uncompressed 561.25 MB) | Reduction: 43.1%
[KV Tracker] Step 4500 | Active Tokens: 2564 (E:50, P:2514) | Size: 320.50 MB (vs Uncompressed 562.50 MB) | Reduction: 43.0%
[KV Tracker] Step 4510 | Active Tokens: 2574 (E:50, P:2524) | Size: 321.75 MB (vs Uncompressed 563.75 MB) | Reduction: 42.9%
[KV Tracker] Step 4520 | Active Tokens: 2584 (E:50, P:2534) | Size: 323.00 MB (vs Uncompressed 565.00 MB) | Reduction: 42.8%
[KV Tracker] Step 4530 | Active Tokens: 2594 (E:50, P:2544) | Size: 324.25 MB (vs Uncompressed 566.25 MB) | Reduction: 42.7%
[KV Tracker] Step 4540 | Active Tokens: 2604 (E:50, P:2554) | Size: 325.50 MB (vs Uncompressed 567.50 MB) | Reduction: 42.6%
[KV Tracker] Step 4550 | Active Tokens: 2614 (E:50, P:2564) | Size: 326.75 MB (vs Uncompressed 568.75 MB) | Reduction: 42.5%
[KV Tracker] Step 3980 | Active Tokens: 2314 (E:50, P:2264) | Size: 289.25 MB (vs Uncompressed 497.50 MB) | Reduction: 41.9%
[KV Tracker] Step 3990 | Active Tokens: 2324 (E:50, P:2274) | Size: 290.50 MB (vs Uncompressed 498.75 MB) | Reduction: 41.8%
[KV Tracker] Step 4000 | Active Tokens: 2334 (E:50, P:2284) | Size: 291.75 MB (vs Uncompressed 500.00 MB) | Reduction: 41.6%
[KV Tracker] Step 4010 | Active Tokens: 2344 (E:50, P:2294) | Size: 293.00 MB (vs Uncompressed 501.25 MB) | Reduction: 41.5%
[KV Tracker] Step 4020 | Active Tokens: 2354 (E:50, P:2304) | Size: 294.25 MB (vs Uncompressed 502.50 MB) | Reduction: 41.4%
[KV Tracker] Step 4030 | Active Tokens: 2364 (E:50, P:2314) | Size: 295.50 MB (vs Uncompressed 503.75 MB) | Reduction: 41.3%
[KV Tracker] Step 4040 | Active Tokens: 2374 (E:50, P:2324) | Size: 296.75 MB (vs Uncompressed 505.00 MB) | Reduction: 41.2%
[KV Tracker] Step 4050 | Active Tokens: 2384 (E:50, P:2334) | Size: 298.00 MB (vs Uncompressed 506.25 MB) | Reduction: 41.1%
[KV Tracker] Step 4060 | Active Tokens: 2394 (E:50, P:2344) | Size: 299.25 MB (vs Uncompressed 507.50 MB) | Reduction: 41.0%
[KV Tracker] Step 4070 | Active Tokens: 2404 (E:50, P:2354) | Size: 300.50 MB (vs Uncompressed 508.75 MB) | Reduction: 40.9%
[KV Tracker] Step 4080 | Active Tokens: 2414 (E:50, P:2364) | Size: 301.75 MB (vs Uncompressed 510.00 MB) | Reduction: 40.8%
[KV Tracker] Step 4090 | Active Tokens: 2424 (E:50, P:2374) | Size: 303.00 MB (vs Uncompressed 511.25 MB) | Reduction: 40.7%
[KV Tracker] Step 4100 | Active Tokens: 2395 (E:50, P:2345) | Size: 299.38 MB (vs Uncompressed 512.50 MB) | Reduction: 41.6%
[KV Tracker] Step 4110 | Active Tokens: 2405 (E:50, P:2355) | Size: 300.62 MB (vs Uncompressed 513.75 MB) | Reduction: 41.5%
[KV Tracker] Step 4120 | Active Tokens: 2415 (E:50, P:2365) | Size: 301.88 MB (vs Uncompressed 515.00 MB) | Reduction: 41.4%
[KV Tracker] Step 4130 | Active Tokens: 2425 (E:50, P:2375) | Size: 303.12 MB (vs Uncompressed 516.25 MB) | Reduction: 41.3%
[KV Tracker] Step 4140 | Active Tokens: 2435 (E:50, P:2385) | Size: 304.38 MB (vs Uncompressed 517.50 MB) | Reduction: 41.2%
[KV Tracker] Step 4150 | Active Tokens: 2445 (E:50, P:2395) | Size: 305.62 MB (vs Uncompressed 518.75 MB) | Reduction: 41.1%
[KV Tracker] Step 4160 | Active Tokens: 2455 (E:50, P:2405) | Size: 306.88 MB (vs Uncompressed 520.00 MB) | Reduction: 41.0%
[KV Tracker] Step 4170 | Active Tokens: 2465 (E:50, P:2415) | Size: 308.12 MB (vs Uncompressed 521.25 MB) | Reduction: 40.9%
[KV Tracker] Step 4180 | Active Tokens: 2475 (E:50, P:2425) | Size: 309.38 MB (vs Uncompressed 522.50 MB) | Reduction: 40.8%
[KV Tracker] Step 4190 | Active Tokens: 2485 (E:50, P:2435) | Size: 310.62 MB (vs Uncompressed 523.75 MB) | Reduction: 40.7%
[KV Tracker] Step 4200 | Active Tokens: 2495 (E:50, P:2445) | Size: 311.88 MB (vs Uncompressed 525.00 MB) | Reduction: 40.6%
[KV Tracker] Step 4210 | Active Tokens: 2505 (E:50, P:2455) | Size: 313.12 MB (vs Uncompressed 526.25 MB) | Reduction: 40.5%
[KV Tracker] Step 4220 | Active Tokens: 2515 (E:50, P:2465) | Size: 314.38 MB (vs Uncompressed 527.50 MB) | Reduction: 40.4%
[KV Tracker] Step 4230 | Active Tokens: 2525 (E:50, P:2475) | Size: 315.62 MB (vs Uncompressed 528.75 MB) | Reduction: 40.3%
[KV Tracker] Step 4240 | Active Tokens: 2535 (E:50, P:2485) | Size: 316.88 MB (vs Uncompressed 530.00 MB) | Reduction: 40.2%
[KV Tracker] Step 4250 | Active Tokens: 2545 (E:50, P:2495) | Size: 318.12 MB (vs Uncompressed 531.25 MB) | Reduction: 40.1%
[KV Tracker] Step 4260 | Active Tokens: 2555 (E:50, P:2505) | Size: 319.38 MB (vs Uncompressed 532.50 MB) | Reduction: 40.0%
[KV Tracker] Step 4270 | Active Tokens: 2565 (E:50, P:2515) | Size: 320.62 MB (vs Uncompressed 533.75 MB) | Reduction: 39.9%
[KV Tracker] Step 4280 | Active Tokens: 2575 (E:50, P:2525) | Size: 321.88 MB (vs Uncompressed 535.00 MB) | Reduction: 39.8%
[KV Tracker] Step 4290 | Active Tokens: 2585 (E:50, P:2535) | Size: 323.12 MB (vs Uncompressed 536.25 MB) | Reduction: 39.7%
[KV Tracker] Step 4300 | Active Tokens: 2595 (E:50, P:2545) | Size: 324.38 MB (vs Uncompressed 537.50 MB) | Reduction: 39.7%
[KV Tracker] Step 4310 | Active Tokens: 2605 (E:50, P:2555) | Size: 325.62 MB (vs Uncompressed 538.75 MB) | Reduction: 39.6%
[KV Tracker] Step 4320 | Active Tokens: 2615 (E:50, P:2565) | Size: 326.88 MB (vs Uncompressed 540.00 MB) | Reduction: 39.5%
[KV Tracker] Step 4330 | Active Tokens: 2625 (E:50, P:2575) | Size: 328.12 MB (vs Uncompressed 541.25 MB) | Reduction: 39.4%
[KV Tracker] Step 4340 | Active Tokens: 2635 (E:50, P:2585) | Size: 329.38 MB (vs Uncompressed 542.50 MB) | Reduction: 39.3%
[KV Tracker] Step 4350 | Active Tokens: 2645 (E:50, P:2595) | Size: 330.62 MB (vs Uncompressed 543.75 MB) | Reduction: 39.2%
[KV Tracker] Step 4360 | Active Tokens: 2541 (E:50, P:2491) | Size: 317.62 MB (vs Uncompressed 545.00 MB) | Reduction: 41.7%
[KV Tracker] Step 4370 | Active Tokens: 2551 (E:50, P:2501) | Size: 318.88 MB (vs Uncompressed 546.25 MB) | Reduction: 41.6%
[KV Tracker] Step 4380 | Active Tokens: 2561 (E:50, P:2511) | Size: 320.12 MB (vs Uncompressed 547.50 MB) | Reduction: 41.5%
[KV Tracker] Step 4390 | Active Tokens: 2571 (E:50, P:2521) | Size: 321.38 MB (vs Uncompressed 548.75 MB) | Reduction: 41.4%
[KV Tracker] Step 4400 | Active Tokens: 2581 (E:50, P:2531) | Size: 322.62 MB (vs Uncompressed 550.00 MB) | Reduction: 41.3%
[KV Tracker] Step 4410 | Active Tokens: 2591 (E:50, P:2541) | Size: 323.88 MB (vs Uncompressed 551.25 MB) | Reduction: 41.2%
[KV Tracker] Step 4420 | Active Tokens: 2601 (E:50, P:2551) | Size: 325.12 MB (vs Uncompressed 552.50 MB) | Reduction: 41.2%
[KV Tracker] Step 4430 | Active Tokens: 2611 (E:50, P:2561) | Size: 326.38 MB (vs Uncompressed 553.75 MB) | Reduction: 41.1%
[KV Tracker] Step 4440 | Active Tokens: 2621 (E:50, P:2571) | Size: 327.62 MB (vs Uncompressed 555.00 MB) | Reduction: 41.0%
[KV Tracker] Step 4450 | Active Tokens: 2631 (E:50, P:2581) | Size: 328.88 MB (vs Uncompressed 556.25 MB) | Reduction: 40.9%
[KV Tracker] Step 4460 | Active Tokens: 2641 (E:50, P:2591) | Size: 330.12 MB (vs Uncompressed 557.50 MB) | Reduction: 40.8%
[KV Tracker] Step 4470 | Active Tokens: 2651 (E:50, P:2601) | Size: 331.38 MB (vs Uncompressed 558.75 MB) | Reduction: 40.7%
[KV Tracker] Step 4480 | Active Tokens: 2661 (E:50, P:2611) | Size: 332.62 MB (vs Uncompressed 560.00 MB) | Reduction: 40.6%
    - Task 'longbench_gov_report' completed in 340.11 seconds.
Task: longbench_gov_report | Acc: 0.3394 | Total Time: 340.11s
{
    "task_name": "longbench_gov_report",
    "timestamp": "2026-04-23T19:30:37.852045",
    "shot": 0,
    "sparsity": 0.4823978426019859,
    "mlp_spars": 0.0,
    "benchmark_stats": {
        "num_passages": 20,
        "seq_len_avg": 10263.0,
        "seq_len_min": 3973,
        "seq_len_max": 18705,
        "seq_len_std": 4453.809975739872
    },
    "accuracy": 0.3394118465241635,
    "timings": {
        "total_avg_ms": 0.0,
        "latency_breakdown_ms": {
            "time_get_row_delta": 1.685867231618613,
            "time_delta_mm_pattern": 4.899551557563245,
            "time_prefill_forward_total": 9.279953340813517,
            "time_delta_decode_cache_update": 0.045204106729811545,
            "time_delta_decode_attn_calc": 0.6272081399071204,
            "time_delta_decode_inner_total": 0.6356627048143215,
            "time_decode_forward_total": 0.8266034536827943
        }
    },
    "metrics": {
        "alias": "longbench_gov_report",
        "rouge_score,none": 0.3394118465241635,
        "rouge_score_stderr,none": 0.011400951583062905
    },
    "total_benchmark_time_s": 340.1067636013031,
    "parameters": {
        "delta_decode": true,
        "row_delta_threshold": 15.0,
        "delta_pf_key_on": 1,
        "flash": true,
        "delta_type": "row",
        "divide_to": 16
    },
    "experiment_type": "delta_decoding"
}
[IO] Saved full result to longbench_gov_report.json
[Worker] Finished. Exiting.
