Wed Apr  8 22:31:18 2026       
+-----------------------------------------------------------------------------------------+
| NVIDIA-SMI 590.48.01              Driver Version: 590.48.01      CUDA Version: 13.1     |
+-----------------------------------------+------------------------+----------------------+
| GPU  Name                 Persistence-M | Bus-Id          Disp.A | Volatile Uncorr. ECC |
| Fan  Temp   Perf          Pwr:Usage/Cap |           Memory-Usage | GPU-Util  Compute M. |
|                                         |                        |               MIG M. |
|=========================================+========================+======================|
|   0  NVIDIA H100                    On  |   00000000:C6:00.0 Off |                    0 |
| N/A   32C    P0             68W /  700W |       0MiB /  95830MiB |      0%      Default |
|                                         |                        |             Disabled |
+-----------------------------------------+------------------------+----------------------+

+-----------------------------------------------------------------------------------------+
| Processes:                                                                              |
|  GPU   GI   CI              PID   Type   Process name                        GPU Memory |
|        ID   ID                                                               Usage      |
|=========================================================================================|
|  No running processes found                                                             |
+-----------------------------------------------------------------------------------------+
CUDA version: Cuda compilation tools, release 12.1, V12.1.105
[Master] Starting row_delta Grid Search for LLAMA.
[Master] Parameters: ['scale', 'delta', 'row_sim', 'divide_to']
[Master] Total Experiments: 20
[Master] Output Folder: experiment_row_delta_2

=== Step 1/20: {'scale': 0.05, 'delta': 13, 'row_sim': 'euclidean', 'divide_to': 2} ===
[Master] Running worker for {'scale': 0.05, 'delta': 13, 'row_sim': 'euclidean', 'divide_to': 2}
AAAAAA {'delta_pf_key_on': 1, 'delta_type': 'row', 'scale': 0.05, 'delta_mlp': 'Regular', 'row_delta_threshold': 13.0, 'row_similarity_metric': 'euclidean', 'divide_to': 2, 'flash': True}
[Worker] Setting safe globVR defaults for model initialization...
[Worker] '--long_bench' triggered. Running 4 LongBench tasks.
[Worker] Loading Model: meta-llama/Meta-Llama-3.1-8B-Instruct...
[Worker] Model loaded safely. Applying row_delta settings: {'delta_pf_key_on': 1, 'delta_type': 'row', 'scale': 0.05, 'delta_mlp': 'Regular', 'row_delta_threshold': 13.0, 'row_similarity_metric': 'euclidean', 'divide_to': 2, 'flash': True}
[Config] Created new directory: snellius_experiments/llama/experiment_row_delta_2/config_1
--- Running Task: longbench_multifieldqa_en ---
  -> Pass: Measuring total benchmark time AND internal latency breakdown (internal syncs ON)
    - Setting time_internal: True
    - Task 'longbench_multifieldqa_en' completed in 106.16 seconds.
Task: longbench_multifieldqa_en | Acc: 0.5325 | Total Time: 106.16s
{
    "task_name": "longbench_multifieldqa_en",
    "timestamp": "2026-04-08T22:33:43.275741",
    "shot": 0,
    "sparsity": 0.30982022765344175,
    "mlp_spars": 0.0,
    "benchmark_stats": {
        "num_passages": 100,
        "seq_len_avg": 6935.69,
        "seq_len_min": 1387,
        "seq_len_max": 15039,
        "seq_len_std": 3637.211826921825
    },
    "accuracy": 0.5324890836857001,
    "timings": {
        "total_avg_ms": 7.188768602721393,
        "latency_breakdown_ms": {
            "time_get_row_delta": 2.1864199957810344,
            "time_delta_mm_pattern": 3.254734298354015,
            "time_forward_total": 7.188768602721393
        }
    },
    "metrics": {
        "alias": "longbench_multifieldqa_en",
        "qa_f1_score,none": 0.5324890836857001,
        "qa_f1_score_stderr,none": 0.03283943095019275
    },
    "total_benchmark_time_s": 106.16086411476135,
    "parameters": {
        "delta_pf_key_on": 1,
        "delta_type": "row",
        "scale": 0.05,
        "delta_mlp": "Regular",
        "row_delta_threshold": 13.0,
        "row_similarity_metric": "euclidean",
        "divide_to": 2,
        "flash": true
    },
    "experiment_type": "row_delta"
}
[IO] Saved full result to longbench_multifieldqa_en.json
--- Running Task: longbench_hotpotqa ---
  -> Pass: Measuring total benchmark time AND internal latency breakdown (internal syncs ON)
    - Setting time_internal: True
    - Task 'longbench_hotpotqa' completed in 106.93 seconds.
Task: longbench_hotpotqa | Acc: 0.5274 | Total Time: 106.93s
{
    "task_name": "longbench_hotpotqa",
    "timestamp": "2026-04-08T22:35:30.607723",
    "shot": 0,
    "sparsity": 0.29146582477008043,
    "mlp_spars": 0.0,
    "benchmark_stats": {
        "num_passages": 100,
        "seq_len_avg": 13116.25,
        "seq_len_min": 2289,
        "seq_len_max": 16437,
        "seq_len_std": 3543.0962966732923
    },
    "accuracy": 0.5274270904534062,
    "timings": {
        "total_avg_ms": 16.147079401649535,
        "latency_breakdown_ms": {
            "time_get_row_delta": 4.110681229699403,
            "time_delta_mm_pattern": 8.96184035781771,
            "time_forward_total": 16.147079401649535
        }
    },
    "metrics": {
        "alias": "longbench_hotpotqa",
        "qa_f1_score,none": 0.5274270904534062,
        "qa_f1_score_stderr,none": 0.043676168067243774
    },
    "total_benchmark_time_s": 106.93300867080688,
    "parameters": {
        "delta_pf_key_on": 1,
        "delta_type": "row",
        "scale": 0.05,
        "delta_mlp": "Regular",
        "row_delta_threshold": 13.0,
        "row_similarity_metric": "euclidean",
        "divide_to": 2,
        "flash": true
    },
    "experiment_type": "row_delta"
}
[IO] Saved full result to longbench_hotpotqa.json
--- Running Task: longbench_narrativeqa ---
  -> Pass: Measuring total benchmark time AND internal latency breakdown (internal syncs ON)
    - Setting time_internal: True
    - Task 'longbench_narrativeqa' completed in 337.70 seconds.
Task: longbench_narrativeqa | Acc: 0.2847 | Total Time: 337.70s
{
    "task_name": "longbench_narrativeqa",
    "timestamp": "2026-04-08T22:41:08.702580",
    "shot": 0,
    "sparsity": 0.2544412913437277,
    "mlp_spars": 0.0,
    "benchmark_stats": {
        "num_passages": 100,
        "seq_len_avg": 29242.6,
        "seq_len_min": 8092,
        "seq_len_max": 65412,
        "seq_len_std": 16323.565525950511
    },
    "accuracy": 0.28473470616071234,
    "timings": {
        "total_avg_ms": 67.72058798611164,
        "latency_breakdown_ms": {
            "time_get_row_delta": 9.235676753148436,
            "time_delta_mm_pattern": 51.761294016242026,
            "time_forward_total": 67.72058798611164
        }
    },
    "metrics": {
        "alias": "longbench_narrativeqa",
        "qa_f1_score,none": 0.28473470616071234,
        "qa_f1_score_stderr,none": 0.030483954522826713
    },
    "total_benchmark_time_s": 337.7037265300751,
    "parameters": {
        "delta_pf_key_on": 1,
        "delta_type": "row",
        "scale": 0.05,
        "delta_mlp": "Regular",
        "row_delta_threshold": 13.0,
        "row_similarity_metric": "euclidean",
        "divide_to": 2,
        "flash": true
    },
    "experiment_type": "row_delta"
}
[IO] Saved full result to longbench_narrativeqa.json
--- Running Task: longbench_passage_retrieval_en ---
  -> Pass: Measuring total benchmark time AND internal latency breakdown (internal syncs ON)
    - Setting time_internal: True
    - Task 'longbench_passage_retrieval_en' completed in 96.92 seconds.
Task: longbench_passage_retrieval_en | Acc: 0.9900 | Total Time: 96.92s
{
    "task_name": "longbench_passage_retrieval_en",
    "timestamp": "2026-04-08T22:42:46.094893",
    "shot": 0,
    "sparsity": 0.3061232429811813,
    "mlp_spars": 0.0,
    "benchmark_stats": {
        "num_passages": 100,
        "seq_len_avg": 12644.36,
        "seq_len_min": 10061,
        "seq_len_max": 15253,
        "seq_len_std": 1204.6597239054688
    },
    "accuracy": 0.99,
    "timings": {
        "total_avg_ms": 14.968444972634316,
        "latency_breakdown_ms": {
            "time_get_row_delta": 4.021200980618596,
            "time_delta_mm_pattern": 7.9767076793313025,
            "time_forward_total": 14.968444972634316
        }
    },
    "metrics": {
        "alias": "longbench_passage_retrieval_en",
        "retrieval_score,none": 0.99,
        "retrieval_score_stderr,none": 0.009999999999999997
    },
    "total_benchmark_time_s": 96.91990852355957,
    "parameters": {
        "delta_pf_key_on": 1,
        "delta_type": "row",
        "scale": 0.05,
        "delta_mlp": "Regular",
        "row_delta_threshold": 13.0,
        "row_similarity_metric": "euclidean",
        "divide_to": 2,
        "flash": true
    },
    "experiment_type": "row_delta"
}
[IO] Saved full result to longbench_passage_retrieval_en.json
[Worker] Finished. Exiting.

=== Step 2/20: {'scale': 0.05, 'delta': 13, 'row_sim': 'euclidean', 'divide_to': 4} ===
[Master] Running worker for {'scale': 0.05, 'delta': 13, 'row_sim': 'euclidean', 'divide_to': 4}
AAAAAA {'delta_pf_key_on': 1, 'delta_type': 'row', 'scale': 0.05, 'delta_mlp': 'Regular', 'row_delta_threshold': 13.0, 'row_similarity_metric': 'euclidean', 'divide_to': 4, 'flash': True}
[Worker] Setting safe globVR defaults for model initialization...
[Worker] '--long_bench' triggered. Running 4 LongBench tasks.
[Worker] Loading Model: meta-llama/Meta-Llama-3.1-8B-Instruct...
[Worker] Model loaded safely. Applying row_delta settings: {'delta_pf_key_on': 1, 'delta_type': 'row', 'scale': 0.05, 'delta_mlp': 'Regular', 'row_delta_threshold': 13.0, 'row_similarity_metric': 'euclidean', 'divide_to': 4, 'flash': True}
[Config] Created new directory: snellius_experiments/llama/experiment_row_delta_2/config_2
--- Running Task: longbench_multifieldqa_en ---
  -> Pass: Measuring total benchmark time AND internal latency breakdown (internal syncs ON)
    - Setting time_internal: True
    - Task 'longbench_multifieldqa_en' completed in 103.08 seconds.
Task: longbench_multifieldqa_en | Acc: 0.5066 | Total Time: 103.08s
{
    "task_name": "longbench_multifieldqa_en",
    "timestamp": "2026-04-08T22:44:45.264367",
    "shot": 0,
    "sparsity": 0.3091629560532353,
    "mlp_spars": 0.0,
    "benchmark_stats": {
        "num_passages": 100,
        "seq_len_avg": 6935.69,
        "seq_len_min": 1387,
        "seq_len_max": 15039,
        "seq_len_std": 3637.211826921825
    },
    "accuracy": 0.5065871440274123,
    "timings": {
        "total_avg_ms": 6.307105391174555,
        "latency_breakdown_ms": {
            "time_get_row_delta": 1.3150280111748724,
            "time_delta_mm_pattern": 3.2473175720497967,
            "time_forward_total": 6.307105391174555
        }
    },
    "metrics": {
        "alias": "longbench_multifieldqa_en",
        "qa_f1_score,none": 0.5065871440274123,
        "qa_f1_score_stderr,none": 0.034684505292244636
    },
    "total_benchmark_time_s": 103.08049321174622,
    "parameters": {
        "delta_pf_key_on": 1,
        "delta_type": "row",
        "scale": 0.05,
        "delta_mlp": "Regular",
        "row_delta_threshold": 13.0,
        "row_similarity_metric": "euclidean",
        "divide_to": 4,
        "flash": true
    },
    "experiment_type": "row_delta"
}
[IO] Saved full result to longbench_multifieldqa_en.json
--- Running Task: longbench_hotpotqa ---
  -> Pass: Measuring total benchmark time AND internal latency breakdown (internal syncs ON)
    - Setting time_internal: True
    - Task 'longbench_hotpotqa' completed in 99.61 seconds.
Task: longbench_hotpotqa | Acc: 0.5332 | Total Time: 99.61s
{
    "task_name": "longbench_hotpotqa",
    "timestamp": "2026-04-08T22:46:25.263200",
    "shot": 0,
    "sparsity": 0.29117873059278665,
    "mlp_spars": 0.0,
    "benchmark_stats": {
        "num_passages": 100,
        "seq_len_avg": 13116.25,
        "seq_len_min": 2289,
        "seq_len_max": 16437,
        "seq_len_std": 3543.0962966732923
    },
    "accuracy": 0.5331756474519631,
    "timings": {
        "total_avg_ms": 14.29648908264935,
        "latency_breakdown_ms": {
            "time_get_row_delta": 2.2435841823276133,
            "time_delta_mm_pattern": 8.976044655144214,
            "time_forward_total": 14.29648908264935
        }
    },
    "metrics": {
        "alias": "longbench_hotpotqa",
        "qa_f1_score,none": 0.5331756474519631,
        "qa_f1_score_stderr,none": 0.04452053528207698
    },
    "total_benchmark_time_s": 99.61171102523804,
    "parameters": {
        "delta_pf_key_on": 1,
        "delta_type": "row",
        "scale": 0.05,
        "delta_mlp": "Regular",
        "row_delta_threshold": 13.0,
        "row_similarity_metric": "euclidean",
        "divide_to": 4,
        "flash": true
    },
    "experiment_type": "row_delta"
}
[IO] Saved full result to longbench_hotpotqa.json
--- Running Task: longbench_narrativeqa ---
  -> Pass: Measuring total benchmark time AND internal latency breakdown (internal syncs ON)
    - Setting time_internal: True
    - Task 'longbench_narrativeqa' completed in 324.46 seconds.
Task: longbench_narrativeqa | Acc: 0.2851 | Total Time: 324.46s
{
    "task_name": "longbench_narrativeqa",
    "timestamp": "2026-04-08T22:51:50.110573",
    "shot": 0,
    "sparsity": 0.2546556256531959,
    "mlp_spars": 0.0,
    "benchmark_stats": {
        "num_passages": 100,
        "seq_len_avg": 29242.6,
        "seq_len_min": 8092,
        "seq_len_max": 65412,
        "seq_len_std": 16323.565525950511
    },
    "accuracy": 0.2850575763912078,
    "timings": {
        "total_avg_ms": 63.60632173895836,
        "latency_breakdown_ms": {
            "time_get_row_delta": 4.90600738696754,
            "time_delta_mm_pattern": 51.9731388220191,
            "time_forward_total": 63.60632173895836
        }
    },
    "metrics": {
        "alias": "longbench_narrativeqa",
        "qa_f1_score,none": 0.2850575763912078,
        "qa_f1_score_stderr,none": 0.02961287458203296
    },
    "total_benchmark_time_s": 324.45781445503235,
    "parameters": {
        "delta_pf_key_on": 1,
        "delta_type": "row",
        "scale": 0.05,
        "delta_mlp": "Regular",
        "row_delta_threshold": 13.0,
        "row_similarity_metric": "euclidean",
        "divide_to": 4,
        "flash": true
    },
    "experiment_type": "row_delta"
}
[IO] Saved full result to longbench_narrativeqa.json
--- Running Task: longbench_passage_retrieval_en ---
  -> Pass: Measuring total benchmark time AND internal latency breakdown (internal syncs ON)
    - Setting time_internal: True
    - Task 'longbench_passage_retrieval_en' completed in 90.76 seconds.
Task: longbench_passage_retrieval_en | Acc: 1.0000 | Total Time: 90.76s
{
    "task_name": "longbench_passage_retrieval_en",
    "timestamp": "2026-04-08T22:53:21.358742",
    "shot": 0,
    "sparsity": 0.3063889237693614,
    "mlp_spars": 0.0,
    "benchmark_stats": {
        "num_passages": 100,
        "seq_len_avg": 12644.36,
        "seq_len_min": 10061,
        "seq_len_max": 15253,
        "seq_len_std": 1204.6597239054688
    },
    "accuracy": 1.0,
    "timings": {
        "total_avg_ms": 13.13433126732707,
        "latency_breakdown_ms": {
            "time_get_row_delta": 2.189463188685477,
            "time_delta_mm_pattern": 7.974107412844896,
            "time_forward_total": 13.13433126732707
        }
    },
    "metrics": {
        "alias": "longbench_passage_retrieval_en",
        "retrieval_score,none": 1.0,
        "retrieval_score_stderr,none": 0.0
    },
    "total_benchmark_time_s": 90.76452088356018,
    "parameters": {
        "delta_pf_key_on": 1,
        "delta_type": "row",
        "scale": 0.05,
        "delta_mlp": "Regular",
        "row_delta_threshold": 13.0,
        "row_similarity_metric": "euclidean",
        "divide_to": 4,
        "flash": true
    },
    "experiment_type": "row_delta"
}
[IO] Saved full result to longbench_passage_retrieval_en.json
[Worker] Finished. Exiting.

=== Step 3/20: {'scale': 0.05, 'delta': 13, 'row_sim': 'euclidean', 'divide_to': 8} ===
[Master] Running worker for {'scale': 0.05, 'delta': 13, 'row_sim': 'euclidean', 'divide_to': 8}
AAAAAA {'delta_pf_key_on': 1, 'delta_type': 'row', 'scale': 0.05, 'delta_mlp': 'Regular', 'row_delta_threshold': 13.0, 'row_similarity_metric': 'euclidean', 'divide_to': 8, 'flash': True}
[Worker] Setting safe globVR defaults for model initialization...
[Worker] '--long_bench' triggered. Running 4 LongBench tasks.
[Worker] Loading Model: meta-llama/Meta-Llama-3.1-8B-Instruct...
[Worker] Model loaded safely. Applying row_delta settings: {'delta_pf_key_on': 1, 'delta_type': 'row', 'scale': 0.05, 'delta_mlp': 'Regular', 'row_delta_threshold': 13.0, 'row_similarity_metric': 'euclidean', 'divide_to': 8, 'flash': True}
[Config] Created new directory: snellius_experiments/llama/experiment_row_delta_2/config_3
--- Running Task: longbench_multifieldqa_en ---
  -> Pass: Measuring total benchmark time AND internal latency breakdown (internal syncs ON)
    - Setting time_internal: True
    - Task 'longbench_multifieldqa_en' completed in 99.54 seconds.
Task: longbench_multifieldqa_en | Acc: 0.5240 | Total Time: 99.54s
{
    "task_name": "longbench_multifieldqa_en",
    "timestamp": "2026-04-08T22:55:17.097536",
    "shot": 0,
    "sparsity": 0.3089656284961712,
    "mlp_spars": 0.0,
    "benchmark_stats": {
        "num_passages": 100,
        "seq_len_avg": 6935.69,
        "seq_len_min": 1387,
        "seq_len_max": 15039,
        "seq_len_std": 3637.211826921825
    },
    "accuracy": 0.5239786336933939,
    "timings": {
        "total_avg_ms": 5.8672801116108895,
        "latency_breakdown_ms": {
            "time_get_row_delta": 0.87116650396958,
            "time_delta_mm_pattern": 3.2518231011694296,
            "time_forward_total": 5.8672801116108895
        }
    },
    "metrics": {
        "alias": "longbench_multifieldqa_en",
        "qa_f1_score,none": 0.5239786336933939,
        "qa_f1_score_stderr,none": 0.0333065512102753
    },
    "total_benchmark_time_s": 99.53500962257385,
    "parameters": {
        "delta_pf_key_on": 1,
        "delta_type": "row",
        "scale": 0.05,
        "delta_mlp": "Regular",
        "row_delta_threshold": 13.0,
        "row_similarity_metric": "euclidean",
        "divide_to": 8,
        "flash": true
    },
    "experiment_type": "row_delta"
}
[IO] Saved full result to longbench_multifieldqa_en.json
--- Running Task: longbench_hotpotqa ---
  -> Pass: Measuring total benchmark time AND internal latency breakdown (internal syncs ON)
    - Setting time_internal: True
    - Task 'longbench_hotpotqa' completed in 96.70 seconds.
Task: longbench_hotpotqa | Acc: 0.5421 | Total Time: 96.70s
{
    "task_name": "longbench_hotpotqa",
    "timestamp": "2026-04-08T22:56:54.187033",
    "shot": 0,
    "sparsity": 0.2907032234213437,
    "mlp_spars": 0.0,
    "benchmark_stats": {
        "num_passages": 100,
        "seq_len_avg": 13116.25,
        "seq_len_min": 2289,
        "seq_len_max": 16437,
        "seq_len_std": 3543.0962966732923
    },
    "accuracy": 0.5420526315789473,
    "timings": {
        "total_avg_ms": 13.344276845082641,
        "latency_breakdown_ms": {
            "time_get_row_delta": 1.2821652502380312,
            "time_delta_mm_pattern": 8.982112575471401,
            "time_forward_total": 13.344276845082641
        }
    },
    "metrics": {
        "alias": "longbench_hotpotqa",
        "qa_f1_score,none": 0.5420526315789473,
        "qa_f1_score_stderr,none": 0.04529572260096108
    },
    "total_benchmark_time_s": 96.69835996627808,
    "parameters": {
        "delta_pf_key_on": 1,
        "delta_type": "row",
        "scale": 0.05,
        "delta_mlp": "Regular",
        "row_delta_threshold": 13.0,
        "row_similarity_metric": "euclidean",
        "divide_to": 8,
        "flash": true
    },
    "experiment_type": "row_delta"
}
[IO] Saved full result to longbench_hotpotqa.json
--- Running Task: longbench_narrativeqa ---
  -> Pass: Measuring total benchmark time AND internal latency breakdown (internal syncs ON)
    - Setting time_internal: True
    - Task 'longbench_narrativeqa' completed in 320.09 seconds.
Task: longbench_narrativeqa | Acc: 0.2732 | Total Time: 320.09s
{
    "task_name": "longbench_narrativeqa",
    "timestamp": "2026-04-08T23:02:14.671785",
    "shot": 0,
    "sparsity": 0.2543005128275516,
    "mlp_spars": 0.0,
    "benchmark_stats": {
        "num_passages": 100,
        "seq_len_avg": 29242.6,
        "seq_len_min": 8092,
        "seq_len_max": 65412,
        "seq_len_std": 16323.565525950511
    },
    "accuracy": 0.2731901427777589,
    "timings": {
        "total_avg_ms": 61.44612560927868,
        "latency_breakdown_ms": {
            "time_get_row_delta": 2.6849318977631627,
            "time_delta_mm_pattern": 52.0311634901166,
            "time_forward_total": 61.44612560927868
        }
    },
    "metrics": {
        "alias": "longbench_narrativeqa",
        "qa_f1_score,none": 0.2731901427777589,
        "qa_f1_score_stderr,none": 0.03063106390640959
    },
    "total_benchmark_time_s": 320.0943672657013,
    "parameters": {
        "delta_pf_key_on": 1,
        "delta_type": "row",
        "scale": 0.05,
        "delta_mlp": "Regular",
        "row_delta_threshold": 13.0,
        "row_similarity_metric": "euclidean",
        "divide_to": 8,
        "flash": true
    },
    "experiment_type": "row_delta"
}
[IO] Saved full result to longbench_narrativeqa.json
--- Running Task: longbench_passage_retrieval_en ---
  -> Pass: Measuring total benchmark time AND internal latency breakdown (internal syncs ON)
    - Setting time_internal: True
    - Task 'longbench_passage_retrieval_en' completed in 87.94 seconds.
Task: longbench_passage_retrieval_en | Acc: 0.9900 | Total Time: 87.94s
{
    "task_name": "longbench_passage_retrieval_en",
    "timestamp": "2026-04-08T23:03:43.091118",
    "shot": 0,
    "sparsity": 0.3066165007738069,
    "mlp_spars": 0.0,
    "benchmark_stats": {
        "num_passages": 100,
        "seq_len_avg": 12644.36,
        "seq_len_min": 10061,
        "seq_len_max": 15253,
        "seq_len_std": 1204.6597239054688
    },
    "accuracy": 0.99,
    "timings": {
        "total_avg_ms": 12.204317959845065,
        "latency_breakdown_ms": {
            "time_get_row_delta": 1.2538656006380915,
            "time_delta_mm_pattern": 7.975862566679716,
            "time_forward_total": 12.204317959845065
        }
    },
    "metrics": {
        "alias": "longbench_passage_retrieval_en",
        "retrieval_score,none": 0.99,
        "retrieval_score_stderr,none": 0.009999999999999997
    },
    "total_benchmark_time_s": 87.94108581542969,
    "parameters": {
        "delta_pf_key_on": 1,
        "delta_type": "row",
        "scale": 0.05,
        "delta_mlp": "Regular",
        "row_delta_threshold": 13.0,
        "row_similarity_metric": "euclidean",
        "divide_to": 8,
        "flash": true
    },
    "experiment_type": "row_delta"
}
[IO] Saved full result to longbench_passage_retrieval_en.json
[Worker] Finished. Exiting.

=== Step 4/20: {'scale': 0.05, 'delta': 13, 'row_sim': 'euclidean', 'divide_to': 16} ===
[Master] Running worker for {'scale': 0.05, 'delta': 13, 'row_sim': 'euclidean', 'divide_to': 16}
AAAAAA {'delta_pf_key_on': 1, 'delta_type': 'row', 'scale': 0.05, 'delta_mlp': 'Regular', 'row_delta_threshold': 13.0, 'row_similarity_metric': 'euclidean', 'divide_to': 16, 'flash': True}
[Worker] Setting safe globVR defaults for model initialization...
[Worker] '--long_bench' triggered. Running 4 LongBench tasks.
[Worker] Loading Model: meta-llama/Meta-Llama-3.1-8B-Instruct...
[Worker] Model loaded safely. Applying row_delta settings: {'delta_pf_key_on': 1, 'delta_type': 'row', 'scale': 0.05, 'delta_mlp': 'Regular', 'row_delta_threshold': 13.0, 'row_similarity_metric': 'euclidean', 'divide_to': 16, 'flash': True}
[Config] Created new directory: snellius_experiments/llama/experiment_row_delta_2/config_4
--- Running Task: longbench_multifieldqa_en ---
  -> Pass: Measuring total benchmark time AND internal latency breakdown (internal syncs ON)
    - Setting time_internal: True
    - Task 'longbench_multifieldqa_en' completed in 96.47 seconds.
Task: longbench_multifieldqa_en | Acc: 0.5496 | Total Time: 96.47s
{
    "task_name": "longbench_multifieldqa_en",
    "timestamp": "2026-04-08T23:05:36.144883",
    "shot": 0,
    "sparsity": 0.30775192128482143,
    "mlp_spars": 0.0,
    "benchmark_stats": {
        "num_passages": 100,
        "seq_len_avg": 6935.69,
        "seq_len_min": 1387,
        "seq_len_max": 15039,
        "seq_len_std": 3637.211826921825
    },
    "accuracy": 0.5496148212078544,
    "timings": {
        "total_avg_ms": 5.666996004395187,
        "latency_breakdown_ms": {
            "time_get_row_delta": 0.6608660169271752,
            "time_delta_mm_pattern": 3.254332231851295,
            "time_forward_total": 5.666996004395187
        }
    },
    "metrics": {
        "alias": "longbench_multifieldqa_en",
        "qa_f1_score,none": 0.5496148212078544,
        "qa_f1_score_stderr,none": 0.032905854877767315
    },
    "total_benchmark_time_s": 96.46581363677979,
    "parameters": {
        "delta_pf_key_on": 1,
        "delta_type": "row",
        "scale": 0.05,
        "delta_mlp": "Regular",
        "row_delta_threshold": 13.0,
        "row_similarity_metric": "euclidean",
        "divide_to": 16,
        "flash": true
    },
    "experiment_type": "row_delta"
}
[IO] Saved full result to longbench_multifieldqa_en.json
--- Running Task: longbench_hotpotqa ---
  -> Pass: Measuring total benchmark time AND internal latency breakdown (internal syncs ON)
    - Setting time_internal: True
    - Task 'longbench_hotpotqa' completed in 95.07 seconds.
Task: longbench_hotpotqa | Acc: 0.5236 | Total Time: 95.07s
{
    "task_name": "longbench_hotpotqa",
    "timestamp": "2026-04-08T23:07:11.605500",
    "shot": 0,
    "sparsity": 0.2911981975882875,
    "mlp_spars": 0.0,
    "benchmark_stats": {
        "num_passages": 100,
        "seq_len_avg": 13116.25,
        "seq_len_min": 2289,
        "seq_len_max": 16437,
        "seq_len_std": 3543.0962966732923
    },
    "accuracy": 0.5235616123642438,
    "timings": {
        "total_avg_ms": 12.868255138136446,
        "latency_breakdown_ms": {
            "time_get_row_delta": 0.8014777296688408,
            "time_delta_mm_pattern": 8.98553931764327,
            "time_forward_total": 12.868255138136446
        }
    },
    "metrics": {
        "alias": "longbench_hotpotqa",
        "qa_f1_score,none": 0.5235616123642438,
        "qa_f1_score_stderr,none": 0.044447712312516
    },
    "total_benchmark_time_s": 95.07256746292114,
    "parameters": {
        "delta_pf_key_on": 1,
        "delta_type": "row",
        "scale": 0.05,
        "delta_mlp": "Regular",
        "row_delta_threshold": 13.0,
        "row_similarity_metric": "euclidean",
        "divide_to": 16,
        "flash": true
    },
    "experiment_type": "row_delta"
}
[IO] Saved full result to longbench_hotpotqa.json
--- Running Task: longbench_narrativeqa ---
  -> Pass: Measuring total benchmark time AND internal latency breakdown (internal syncs ON)
    - Setting time_internal: True
    - Task 'longbench_narrativeqa' completed in 315.31 seconds.
Task: longbench_narrativeqa | Acc: 0.2788 | Total Time: 315.31s
{
    "task_name": "longbench_narrativeqa",
    "timestamp": "2026-04-08T23:12:27.303660",
    "shot": 0,
    "sparsity": 0.2545051671122951,
    "mlp_spars": 0.0,
    "benchmark_stats": {
        "num_passages": 100,
        "seq_len_avg": 29242.6,
        "seq_len_min": 8092,
        "seq_len_max": 65412,
        "seq_len_std": 16323.565525950511
    },
    "accuracy": 0.27883915197738046,
    "timings": {
        "total_avg_ms": 60.37997291445732,
        "latency_breakdown_ms": {
            "time_get_row_delta": 1.5737642000429333,
            "time_delta_mm_pattern": 52.077219054177405,
            "time_forward_total": 60.37997291445732
        }
    },
    "metrics": {
        "alias": "longbench_narrativeqa",
        "qa_f1_score,none": 0.27883915197738046,
        "qa_f1_score_stderr,none": 0.02883737041759656
    },
    "total_benchmark_time_s": 315.30595302581787,
    "parameters": {
        "delta_pf_key_on": 1,
        "delta_type": "row",
        "scale": 0.05,
        "delta_mlp": "Regular",
        "row_delta_threshold": 13.0,
        "row_similarity_metric": "euclidean",
        "divide_to": 16,
        "flash": true
    },
    "experiment_type": "row_delta"
}
[IO] Saved full result to longbench_narrativeqa.json
--- Running Task: longbench_passage_retrieval_en ---
  -> Pass: Measuring total benchmark time AND internal latency breakdown (internal syncs ON)
    - Setting time_internal: True
    - Task 'longbench_passage_retrieval_en' completed in 86.59 seconds.
Task: longbench_passage_retrieval_en | Acc: 0.9900 | Total Time: 86.59s
{
    "task_name": "longbench_passage_retrieval_en",
    "timestamp": "2026-04-08T23:13:54.377901",
    "shot": 0,
    "sparsity": 0.30607212249802274,
    "mlp_spars": 0.0,
    "benchmark_stats": {
        "num_passages": 100,
        "seq_len_avg": 12644.36,
        "seq_len_min": 10061,
        "seq_len_max": 15253,
        "seq_len_std": 1204.6597239054688
    },
    "accuracy": 0.99,
    "timings": {
        "total_avg_ms": 11.7363350905478,
        "latency_breakdown_ms": {
            "time_get_row_delta": 0.7831484902277589,
            "time_delta_mm_pattern": 7.977155795246363,
            "time_forward_total": 11.7363350905478
        }
    },
    "metrics": {
        "alias": "longbench_passage_retrieval_en",
        "retrieval_score,none": 0.99,
        "retrieval_score_stderr,none": 0.009999999999999997
    },
    "total_benchmark_time_s": 86.59459495544434,
    "parameters": {
        "delta_pf_key_on": 1,
        "delta_type": "row",
        "scale": 0.05,
        "delta_mlp": "Regular",
        "row_delta_threshold": 13.0,
        "row_similarity_metric": "euclidean",
        "divide_to": 16,
        "flash": true
    },
    "experiment_type": "row_delta"
}
[IO] Saved full result to longbench_passage_retrieval_en.json
[Worker] Finished. Exiting.

=== Step 5/20: {'scale': 0.05, 'delta': 14, 'row_sim': 'euclidean', 'divide_to': 2} ===
[Master] Running worker for {'scale': 0.05, 'delta': 14, 'row_sim': 'euclidean', 'divide_to': 2}
AAAAAA {'delta_pf_key_on': 1, 'delta_type': 'row', 'scale': 0.05, 'delta_mlp': 'Regular', 'row_delta_threshold': 14.0, 'row_similarity_metric': 'euclidean', 'divide_to': 2, 'flash': True}
[Worker] Setting safe globVR defaults for model initialization...
[Worker] '--long_bench' triggered. Running 4 LongBench tasks.
[Worker] Loading Model: meta-llama/Meta-Llama-3.1-8B-Instruct...
[Worker] Model loaded safely. Applying row_delta settings: {'delta_pf_key_on': 1, 'delta_type': 'row', 'scale': 0.05, 'delta_mlp': 'Regular', 'row_delta_threshold': 14.0, 'row_similarity_metric': 'euclidean', 'divide_to': 2, 'flash': True}
[Config] Created new directory: snellius_experiments/llama/experiment_row_delta_2/config_5
--- Running Task: longbench_multifieldqa_en ---
  -> Pass: Measuring total benchmark time AND internal latency breakdown (internal syncs ON)
    - Setting time_internal: True
    - Task 'longbench_multifieldqa_en' completed in 102.80 seconds.
Task: longbench_multifieldqa_en | Acc: 0.5153 | Total Time: 102.80s
{
    "task_name": "longbench_multifieldqa_en",
    "timestamp": "2026-04-08T23:15:53.283134",
    "shot": 0,
    "sparsity": 0.4015114512305088,
    "mlp_spars": 0.0,
    "benchmark_stats": {
        "num_passages": 100,
        "seq_len_avg": 6935.69,
        "seq_len_min": 1387,
        "seq_len_max": 15039,
        "seq_len_std": 3637.211826921825
    },
    "accuracy": 0.515296112710369,
    "timings": {
        "total_avg_ms": 6.762668727748096,
        "latency_breakdown_ms": {
            "time_get_row_delta": 2.1452772852871567,
            "time_delta_mm_pattern": 2.8794733782764523,
            "time_forward_total": 6.762668727748096
        }
    },
    "metrics": {
        "alias": "longbench_multifieldqa_en",
        "qa_f1_score,none": 0.515296112710369,
        "qa_f1_score_stderr,none": 0.033899408576923105
    },
    "total_benchmark_time_s": 102.80114698410034,
    "parameters": {
        "delta_pf_key_on": 1,
        "delta_type": "row",
        "scale": 0.05,
        "delta_mlp": "Regular",
        "row_delta_threshold": 14.0,
        "row_similarity_metric": "euclidean",
        "divide_to": 2,
        "flash": true
    },
    "experiment_type": "row_delta"
}
[IO] Saved full result to longbench_multifieldqa_en.json
--- Running Task: longbench_hotpotqa ---
  -> Pass: Measuring total benchmark time AND internal latency breakdown (internal syncs ON)
    - Setting time_internal: True
    - Task 'longbench_hotpotqa' completed in 104.96 seconds.
Task: longbench_hotpotqa | Acc: 0.4969 | Total Time: 104.96s
{
    "task_name": "longbench_hotpotqa",
    "timestamp": "2026-04-08T23:17:38.643091",
    "shot": 0,
    "sparsity": 0.3909802839136922,
    "mlp_spars": 0.0,
    "benchmark_stats": {
        "num_passages": 100,
        "seq_len_avg": 13116.25,
        "seq_len_min": 2289,
        "seq_len_max": 16437,
        "seq_len_std": 3543.0962966732923
    },
    "accuracy": 0.4969354127954533,
    "timings": {
        "total_avg_ms": 15.031815521940588,
        "latency_breakdown_ms": {
            "time_get_row_delta": 4.108808182664216,
            "time_delta_mm_pattern": 7.8623503907397385,
            "time_forward_total": 15.031815521940588
        }
    },
    "metrics": {
        "alias": "longbench_hotpotqa",
        "qa_f1_score,none": 0.4969354127954533,
        "qa_f1_score_stderr,none": 0.04402466339981552
    },
    "total_benchmark_time_s": 104.96416306495667,
    "parameters": {
        "delta_pf_key_on": 1,
        "delta_type": "row",
        "scale": 0.05,
        "delta_mlp": "Regular",
        "row_delta_threshold": 14.0,
        "row_similarity_metric": "euclidean",
        "divide_to": 2,
        "flash": true
    },
    "experiment_type": "row_delta"
}
[IO] Saved full result to longbench_hotpotqa.json
--- Running Task: longbench_narrativeqa ---
  -> Pass: Measuring total benchmark time AND internal latency breakdown (internal syncs ON)
    - Setting time_internal: True
    - Task 'longbench_narrativeqa' completed in 316.78 seconds.
Task: longbench_narrativeqa | Acc: 0.2963 | Total Time: 316.78s
{
    "task_name": "longbench_narrativeqa",
    "timestamp": "2026-04-08T23:22:55.819090",
    "shot": 0,
    "sparsity": 0.352098251203542,
    "mlp_spars": 0.0,
    "benchmark_stats": {
        "num_passages": 100,
        "seq_len_avg": 29242.6,
        "seq_len_min": 8092,
        "seq_len_max": 65412,
        "seq_len_std": 16323.565525950511
    },
    "accuracy": 0.2962913312227903,
    "timings": {
        "total_avg_ms": 61.62533302813768,
        "latency_breakdown_ms": {
            "time_get_row_delta": 9.231755975261331,
            "time_delta_mm_pattern": 45.70327245362103,
            "time_forward_total": 61.62533302813768
        }
    },
    "metrics": {
        "alias": "longbench_narrativeqa",
        "qa_f1_score,none": 0.2962913312227903,
        "qa_f1_score_stderr,none": 0.02921637353501494
    },
    "total_benchmark_time_s": 316.7838191986084,
    "parameters": {
        "delta_pf_key_on": 1,
        "delta_type": "row",
        "scale": 0.05,
        "delta_mlp": "Regular",
        "row_delta_threshold": 14.0,
        "row_similarity_metric": "euclidean",
        "divide_to": 2,
        "flash": true
    },
    "experiment_type": "row_delta"
}
[IO] Saved full result to longbench_narrativeqa.json
--- Running Task: longbench_passage_retrieval_en ---
  -> Pass: Measuring total benchmark time AND internal latency breakdown (internal syncs ON)
    - Setting time_internal: True
    - Task 'longbench_passage_retrieval_en' completed in 93.48 seconds.
Task: longbench_passage_retrieval_en | Acc: 0.9800 | Total Time: 93.48s
{
    "task_name": "longbench_passage_retrieval_en",
    "timestamp": "2026-04-08T23:24:29.783296",
    "shot": 0,
    "sparsity": 0.40083788671128195,
    "mlp_spars": 0.0,
    "benchmark_stats": {
        "num_passages": 100,
        "seq_len_avg": 12644.36,
        "seq_len_min": 10061,
        "seq_len_max": 15253,
        "seq_len_std": 1204.6597239054688
    },
    "accuracy": 0.98,
    "timings": {
        "total_avg_ms": 13.977216634750366,
        "latency_breakdown_ms": {
            "time_get_row_delta": 4.020760628432035,
            "time_delta_mm_pattern": 6.999887482300401,
            "time_forward_total": 13.977216634750366
        }
    },
    "metrics": {
        "alias": "longbench_passage_retrieval_en",
        "retrieval_score,none": 0.98,
        "retrieval_score_stderr,none": 0.01407052941362896
    },
    "total_benchmark_time_s": 93.48486018180847,
    "parameters": {
        "delta_pf_key_on": 1,
        "delta_type": "row",
        "scale": 0.05,
        "delta_mlp": "Regular",
        "row_delta_threshold": 14.0,
        "row_similarity_metric": "euclidean",
        "divide_to": 2,
        "flash": true
    },
    "experiment_type": "row_delta"
}
[IO] Saved full result to longbench_passage_retrieval_en.json
[Worker] Finished. Exiting.

=== Step 6/20: {'scale': 0.05, 'delta': 14, 'row_sim': 'euclidean', 'divide_to': 4} ===
[Master] Running worker for {'scale': 0.05, 'delta': 14, 'row_sim': 'euclidean', 'divide_to': 4}
AAAAAA {'delta_pf_key_on': 1, 'delta_type': 'row', 'scale': 0.05, 'delta_mlp': 'Regular', 'row_delta_threshold': 14.0, 'row_similarity_metric': 'euclidean', 'divide_to': 4, 'flash': True}
[Worker] Setting safe globVR defaults for model initialization...
[Worker] '--long_bench' triggered. Running 4 LongBench tasks.
[Worker] Loading Model: meta-llama/Meta-Llama-3.1-8B-Instruct...
[Worker] Model loaded safely. Applying row_delta settings: {'delta_pf_key_on': 1, 'delta_type': 'row', 'scale': 0.05, 'delta_mlp': 'Regular', 'row_delta_threshold': 14.0, 'row_similarity_metric': 'euclidean', 'divide_to': 4, 'flash': True}
[Config] Created new directory: snellius_experiments/llama/experiment_row_delta_2/config_6
--- Running Task: longbench_multifieldqa_en ---
  -> Pass: Measuring total benchmark time AND internal latency breakdown (internal syncs ON)
    - Setting time_internal: True
    - Task 'longbench_multifieldqa_en' completed in 101.24 seconds.
Task: longbench_multifieldqa_en | Acc: 0.5165 | Total Time: 101.24s
{
    "task_name": "longbench_multifieldqa_en",
    "timestamp": "2026-04-08T23:26:27.419750",
    "shot": 0,
    "sparsity": 0.40111611128430713,
    "mlp_spars": 0.0,
    "benchmark_stats": {
        "num_passages": 100,
        "seq_len_avg": 6935.69,
        "seq_len_min": 1387,
        "seq_len_max": 15039,
        "seq_len_std": 3637.211826921825
    },
    "accuracy": 0.516518424996952,
    "timings": {
        "total_avg_ms": 5.937559242509305,
        "latency_breakdown_ms": {
            "time_get_row_delta": 1.3164106595795602,
            "time_delta_mm_pattern": 2.8832543300138784,
            "time_forward_total": 5.937559242509305
        }
    },
    "metrics": {
        "alias": "longbench_multifieldqa_en",
        "qa_f1_score,none": 0.516518424996952,
        "qa_f1_score_stderr,none": 0.032979992159053416
    },
    "total_benchmark_time_s": 101.23957395553589,
    "parameters": {
        "delta_pf_key_on": 1,
        "delta_type": "row",
        "scale": 0.05,
        "delta_mlp": "Regular",
        "row_delta_threshold": 14.0,
        "row_similarity_metric": "euclidean",
        "divide_to": 4,
        "flash": true
    },
    "experiment_type": "row_delta"
}
[IO] Saved full result to longbench_multifieldqa_en.json
--- Running Task: longbench_hotpotqa ---
  -> Pass: Measuring total benchmark time AND internal latency breakdown (internal syncs ON)
    - Setting time_internal: True
    - Task 'longbench_hotpotqa' completed in 98.15 seconds.
Task: longbench_hotpotqa | Acc: 0.5017 | Total Time: 98.15s
{
    "task_name": "longbench_hotpotqa",
    "timestamp": "2026-04-08T23:28:05.998010",
    "shot": 0,
    "sparsity": 0.3910569974029634,
    "mlp_spars": 0.0,
    "benchmark_stats": {
        "num_passages": 100,
        "seq_len_avg": 13116.25,
        "seq_len_min": 2289,
        "seq_len_max": 16437,
        "seq_len_std": 3543.0962966732923
    },
    "accuracy": 0.5016997113997114,
    "timings": {
        "total_avg_ms": 13.172293721362948,
        "latency_breakdown_ms": {
            "time_get_row_delta": 2.2376529909763487,
            "time_delta_mm_pattern": 7.874940705588087,
            "time_forward_total": 13.172293721362948
        }
    },
    "metrics": {
        "alias": "longbench_hotpotqa",
        "qa_f1_score,none": 0.5016997113997114,
        "qa_f1_score_stderr,none": 0.04390372248090236
    },
    "total_benchmark_time_s": 98.1541063785553,
    "parameters": {
        "delta_pf_key_on": 1,
        "delta_type": "row",
        "scale": 0.05,
        "delta_mlp": "Regular",
        "row_delta_threshold": 14.0,
        "row_similarity_metric": "euclidean",
        "divide_to": 4,
        "flash": true
    },
    "experiment_type": "row_delta"
}
[IO] Saved full result to longbench_hotpotqa.json
--- Running Task: longbench_narrativeqa ---
  -> Pass: Measuring total benchmark time AND internal latency breakdown (internal syncs ON)
    - Setting time_internal: True
    - Task 'longbench_narrativeqa' completed in 302.82 seconds.
Task: longbench_narrativeqa | Acc: 0.2859 | Total Time: 302.82s
{
    "task_name": "longbench_narrativeqa",
    "timestamp": "2026-04-08T23:33:09.195570",
    "shot": 0,
    "sparsity": 0.35184361370768236,
    "mlp_spars": 0.0,
    "benchmark_stats": {
        "num_passages": 100,
        "seq_len_avg": 29242.6,
        "seq_len_min": 8092,
        "seq_len_max": 65412,
        "seq_len_std": 16323.565525950511
    },
    "accuracy": 0.28590899003318915,
    "timings": {
        "total_avg_ms": 57.452530236393216,
        "latency_breakdown_ms": {
            "time_get_row_delta": 4.896707518771291,
            "time_delta_mm_pattern": 45.86010358683765,
            "time_forward_total": 57.452530236393216
        }
    },
    "metrics": {
        "alias": "longbench_narrativeqa",
        "qa_f1_score,none": 0.28590899003318915,
        "qa_f1_score_stderr,none": 0.030295877507870956
    },
    "total_benchmark_time_s": 302.82472801208496,
    "parameters": {
        "delta_pf_key_on": 1,
        "delta_type": "row",
        "scale": 0.05,
        "delta_mlp": "Regular",
        "row_delta_threshold": 14.0,
        "row_similarity_metric": "euclidean",
        "divide_to": 4,
        "flash": true
    },
    "experiment_type": "row_delta"
}
[IO] Saved full result to longbench_narrativeqa.json
--- Running Task: longbench_passage_retrieval_en ---
  -> Pass: Measuring total benchmark time AND internal latency breakdown (internal syncs ON)
    - Setting time_internal: True
    - Task 'longbench_passage_retrieval_en' completed in 87.80 seconds.
Task: longbench_passage_retrieval_en | Acc: 0.9800 | Total Time: 87.80s
{
    "task_name": "longbench_passage_retrieval_en",
    "timestamp": "2026-04-08T23:34:37.469129",
    "shot": 0,
    "sparsity": 0.40087235789865483,
    "mlp_spars": 0.0,
    "benchmark_stats": {
        "num_passages": 100,
        "seq_len_avg": 12644.36,
        "seq_len_min": 10061,
        "seq_len_max": 15253,
        "seq_len_std": 1204.6597239054688
    },
    "accuracy": 0.98,
    "timings": {
        "total_avg_ms": 12.137052398771047,
        "latency_breakdown_ms": {
            "time_get_row_delta": 2.1848867600783706,
            "time_delta_mm_pattern": 6.997364919111132,
            "time_forward_total": 12.137052398771047
        }
    },
    "metrics": {
        "alias": "longbench_passage_retrieval_en",
        "retrieval_score,none": 0.98,
        "retrieval_score_stderr,none": 0.014070529413628963
    },
    "total_benchmark_time_s": 87.8046600818634,
    "parameters": {
        "delta_pf_key_on": 1,
        "delta_type": "row",
        "scale": 0.05,
        "delta_mlp": "Regular",
        "row_delta_threshold": 14.0,
        "row_similarity_metric": "euclidean",
        "divide_to": 4,
        "flash": true
    },
    "experiment_type": "row_delta"
}
[IO] Saved full result to longbench_passage_retrieval_en.json
[Worker] Finished. Exiting.

=== Step 7/20: {'scale': 0.05, 'delta': 14, 'row_sim': 'euclidean', 'divide_to': 8} ===
[Master] Running worker for {'scale': 0.05, 'delta': 14, 'row_sim': 'euclidean', 'divide_to': 8}
AAAAAA {'delta_pf_key_on': 1, 'delta_type': 'row', 'scale': 0.05, 'delta_mlp': 'Regular', 'row_delta_threshold': 14.0, 'row_similarity_metric': 'euclidean', 'divide_to': 8, 'flash': True}
[Worker] Setting safe globVR defaults for model initialization...
[Worker] '--long_bench' triggered. Running 4 LongBench tasks.
[Worker] Loading Model: meta-llama/Meta-Llama-3.1-8B-Instruct...
[Worker] Model loaded safely. Applying row_delta settings: {'delta_pf_key_on': 1, 'delta_type': 'row', 'scale': 0.05, 'delta_mlp': 'Regular', 'row_delta_threshold': 14.0, 'row_similarity_metric': 'euclidean', 'divide_to': 8, 'flash': True}
[Config] Created new directory: snellius_experiments/llama/experiment_row_delta_2/config_7
--- Running Task: longbench_multifieldqa_en ---
  -> Pass: Measuring total benchmark time AND internal latency breakdown (internal syncs ON)
    - Setting time_internal: True
    - Task 'longbench_multifieldqa_en' completed in 99.41 seconds.
Task: longbench_multifieldqa_en | Acc: 0.5491 | Total Time: 99.41s
{
    "task_name": "longbench_multifieldqa_en",
    "timestamp": "2026-04-08T23:36:33.411591",
    "shot": 0,
    "sparsity": 0.39982611191886047,
    "mlp_spars": 0.0,
    "benchmark_stats": {
        "num_passages": 100,
        "seq_len_avg": 6935.69,
        "seq_len_min": 1387,
        "seq_len_max": 15039,
        "seq_len_std": 3637.211826921825
    },
    "accuracy": 0.549060995107077,
    "timings": {
        "total_avg_ms": 5.493316078856587,
        "latency_breakdown_ms": {
            "time_get_row_delta": 0.8705880359373986,
            "time_delta_mm_pattern": 2.8861850208509714,
            "time_forward_total": 5.493316078856587
        }
    },
    "metrics": {
        "alias": "longbench_multifieldqa_en",
        "qa_f1_score,none": 0.549060995107077,
        "qa_f1_score_stderr,none": 0.03284625722646607
    },
    "total_benchmark_time_s": 99.41277813911438,
    "parameters": {
        "delta_pf_key_on": 1,
        "delta_type": "row",
        "scale": 0.05,
        "delta_mlp": "Regular",
        "row_delta_threshold": 14.0,
        "row_similarity_metric": "euclidean",
        "divide_to": 8,
        "flash": true
    },
    "experiment_type": "row_delta"
}
[IO] Saved full result to longbench_multifieldqa_en.json
--- Running Task: longbench_hotpotqa ---
  -> Pass: Measuring total benchmark time AND internal latency breakdown (internal syncs ON)
    - Setting time_internal: True
    - Task 'longbench_hotpotqa' completed in 95.92 seconds.
Task: longbench_hotpotqa | Acc: 0.5014 | Total Time: 95.92s
{
    "task_name": "longbench_hotpotqa",
    "timestamp": "2026-04-08T23:38:09.720530",
    "shot": 0,
    "sparsity": 0.3900737740891984,
    "mlp_spars": 0.0,
    "benchmark_stats": {
        "num_passages": 100,
        "seq_len_avg": 13116.25,
        "seq_len_min": 2289,
        "seq_len_max": 16437,
        "seq_len_std": 3543.0962966732923
    },
    "accuracy": 0.5013909327387587,
    "timings": {
        "total_avg_ms": 12.220979066453873,
        "latency_breakdown_ms": {
            "time_get_row_delta": 1.2786193792615086,
            "time_delta_mm_pattern": 7.882396374735981,
            "time_forward_total": 12.220979066453873
        }
    },
    "metrics": {
        "alias": "longbench_hotpotqa",
        "qa_f1_score,none": 0.5013909327387587,
        "qa_f1_score_stderr,none": 0.04284422384149915
    },
    "total_benchmark_time_s": 95.91763257980347,
    "parameters": {
        "delta_pf_key_on": 1,
        "delta_type": "row",
        "scale": 0.05,
        "delta_mlp": "Regular",
        "row_delta_threshold": 14.0,
        "row_similarity_metric": "euclidean",
        "divide_to": 8,
        "flash": true
    },
    "experiment_type": "row_delta"
}
[IO] Saved full result to longbench_hotpotqa.json
--- Running Task: longbench_narrativeqa ---
  -> Pass: Measuring total benchmark time AND internal latency breakdown (internal syncs ON)
    - Setting time_internal: True
    - Task 'longbench_narrativeqa' completed in 296.83 seconds.
Task: longbench_narrativeqa | Acc: 0.2652 | Total Time: 296.83s
{
    "task_name": "longbench_narrativeqa",
    "timestamp": "2026-04-08T23:43:06.929030",
    "shot": 0,
    "sparsity": 0.3518147417002182,
    "mlp_spars": 0.0,
    "benchmark_stats": {
        "num_passages": 100,
        "seq_len_avg": 29242.6,
        "seq_len_min": 8092,
        "seq_len_max": 65412,
        "seq_len_std": 16323.565525950511
    },
    "accuracy": 0.26521020143182655,
    "timings": {
        "total_avg_ms": 55.356403222233055,
        "latency_breakdown_ms": {
            "time_get_row_delta": 2.6758553984202447,
            "time_delta_mm_pattern": 45.98863874875009,
            "time_forward_total": 55.356403222233055
        }
    },
    "metrics": {
        "alias": "longbench_narrativeqa",
        "qa_f1_score,none": 0.26521020143182655,
        "qa_f1_score_stderr,none": 0.03001283345446144
    },
    "total_benchmark_time_s": 296.83397698402405,
    "parameters": {
        "delta_pf_key_on": 1,
        "delta_type": "row",
        "scale": 0.05,
        "delta_mlp": "Regular",
        "row_delta_threshold": 14.0,
        "row_similarity_metric": "euclidean",
        "divide_to": 8,
        "flash": true
    },
    "experiment_type": "row_delta"
}
[IO] Saved full result to longbench_narrativeqa.json
--- Running Task: longbench_passage_retrieval_en ---
  -> Pass: Measuring total benchmark time AND internal latency breakdown (internal syncs ON)
    - Setting time_internal: True
    - Task 'longbench_passage_retrieval_en' completed in 84.47 seconds.
Task: longbench_passage_retrieval_en | Acc: 0.9800 | Total Time: 84.47s
{
    "task_name": "longbench_passage_retrieval_en",
    "timestamp": "2026-04-08T23:44:31.869407",
    "shot": 0,
    "sparsity": 0.4013139635213272,
    "mlp_spars": 0.0,
    "benchmark_stats": {
        "num_passages": 100,
        "seq_len_avg": 12644.36,
        "seq_len_min": 10061,
        "seq_len_max": 15253,
        "seq_len_std": 1204.6597239054688
    },
    "accuracy": 0.98,
    "timings": {
        "total_avg_ms": 11.208250169754029,
        "latency_breakdown_ms": {
            "time_get_row_delta": 1.251120001077652,
            "time_delta_mm_pattern": 7.002317780479789,
            "time_forward_total": 11.208250169754029
        }
    },
    "metrics": {
        "alias": "longbench_passage_retrieval_en",
        "retrieval_score,none": 0.98,
        "retrieval_score_stderr,none": 0.01407052941362896
    },
    "total_benchmark_time_s": 84.4723117351532,
    "parameters": {
        "delta_pf_key_on": 1,
        "delta_type": "row",
        "scale": 0.05,
        "delta_mlp": "Regular",
        "row_delta_threshold": 14.0,
        "row_similarity_metric": "euclidean",
        "divide_to": 8,
        "flash": true
    },
    "experiment_type": "row_delta"
}
[IO] Saved full result to longbench_passage_retrieval_en.json
[Worker] Finished. Exiting.

=== Step 8/20: {'scale': 0.05, 'delta': 14, 'row_sim': 'euclidean', 'divide_to': 16} ===
[Master] Running worker for {'scale': 0.05, 'delta': 14, 'row_sim': 'euclidean', 'divide_to': 16}
AAAAAA {'delta_pf_key_on': 1, 'delta_type': 'row', 'scale': 0.05, 'delta_mlp': 'Regular', 'row_delta_threshold': 14.0, 'row_similarity_metric': 'euclidean', 'divide_to': 16, 'flash': True}
[Worker] Setting safe globVR defaults for model initialization...
[Worker] '--long_bench' triggered. Running 4 LongBench tasks.
[Worker] Loading Model: meta-llama/Meta-Llama-3.1-8B-Instruct...
[Worker] Model loaded safely. Applying row_delta settings: {'delta_pf_key_on': 1, 'delta_type': 'row', 'scale': 0.05, 'delta_mlp': 'Regular', 'row_delta_threshold': 14.0, 'row_similarity_metric': 'euclidean', 'divide_to': 16, 'flash': True}
[Config] Created new directory: snellius_experiments/llama/experiment_row_delta_2/config_8
--- Running Task: longbench_multifieldqa_en ---
  -> Pass: Measuring total benchmark time AND internal latency breakdown (internal syncs ON)
    - Setting time_internal: True
    - Task 'longbench_multifieldqa_en' completed in 100.24 seconds.
Task: longbench_multifieldqa_en | Acc: 0.5444 | Total Time: 100.24s
{
    "task_name": "longbench_multifieldqa_en",
    "timestamp": "2026-04-08T23:46:28.118051",
    "shot": 0,
    "sparsity": 0.39696691368381476,
    "mlp_spars": 0.0,
    "benchmark_stats": {
        "num_passages": 100,
        "seq_len_avg": 6935.69,
        "seq_len_min": 1387,
        "seq_len_max": 15039,
        "seq_len_std": 3637.211826921825
    },
    "accuracy": 0.5443507631733849,
    "timings": {
        "total_avg_ms": 5.276094981506467,
        "latency_breakdown_ms": {
            "time_get_row_delta": 0.6477669539675116,
            "time_delta_mm_pattern": 2.8894350393954666,
            "time_forward_total": 5.276094981506467
        }
    },
    "metrics": {
        "alias": "longbench_multifieldqa_en",
        "qa_f1_score,none": 0.5443507631733849,
        "qa_f1_score_stderr,none": 0.03351168761935409
    },
    "total_benchmark_time_s": 100.23799753189087,
    "parameters": {
        "delta_pf_key_on": 1,
        "delta_type": "row",
        "scale": 0.05,
        "delta_mlp": "Regular",
        "row_delta_threshold": 14.0,
        "row_similarity_metric": "euclidean",
        "divide_to": 16,
        "flash": true
    },
    "experiment_type": "row_delta"
}
[IO] Saved full result to longbench_multifieldqa_en.json
--- Running Task: longbench_hotpotqa ---
  -> Pass: Measuring total benchmark time AND internal latency breakdown (internal syncs ON)
    - Setting time_internal: True
    - Task 'longbench_hotpotqa' completed in 94.95 seconds.
Task: longbench_hotpotqa | Acc: 0.4951 | Total Time: 94.95s
{
    "task_name": "longbench_hotpotqa",
    "timestamp": "2026-04-08T23:48:03.462862",
    "shot": 0,
    "sparsity": 0.38964424330004643,
    "mlp_spars": 0.0,
    "benchmark_stats": {
        "num_passages": 100,
        "seq_len_avg": 13116.25,
        "seq_len_min": 2289,
        "seq_len_max": 16437,
        "seq_len_std": 3543.0962966732923
    },
    "accuracy": 0.4950761819879467,
    "timings": {
        "total_avg_ms": 11.744618408158422,
        "latency_breakdown_ms": {
            "time_get_row_delta": 0.8010166800767183,
            "time_delta_mm_pattern": 7.881813280088827,
            "time_forward_total": 11.744618408158422
        }
    },
    "metrics": {
        "alias": "longbench_hotpotqa",
        "qa_f1_score,none": 0.4950761819879467,
        "qa_f1_score_stderr,none": 0.04366493388344047
    },
    "total_benchmark_time_s": 94.95202445983887,
    "parameters": {
        "delta_pf_key_on": 1,
        "delta_type": "row",
        "scale": 0.05,
        "delta_mlp": "Regular",
        "row_delta_threshold": 14.0,
        "row_similarity_metric": "euclidean",
        "divide_to": 16,
        "flash": true
    },
    "experiment_type": "row_delta"
}
[IO] Saved full result to longbench_hotpotqa.json
--- Running Task: longbench_narrativeqa ---
  -> Pass: Measuring total benchmark time AND internal latency breakdown (internal syncs ON)
    - Setting time_internal: True
    - Task 'longbench_narrativeqa' completed in 296.48 seconds.
Task: longbench_narrativeqa | Acc: 0.2865 | Total Time: 296.48s
{
    "task_name": "longbench_narrativeqa",
    "timestamp": "2026-04-08T23:53:00.325632",
    "shot": 0,
    "sparsity": 0.35166828928181126,
    "mlp_spars": 0.0,
    "benchmark_stats": {
        "num_passages": 100,
        "seq_len_avg": 29242.6,
        "seq_len_min": 8092,
        "seq_len_max": 65412,
        "seq_len_std": 16323.565525950511
    },
    "accuracy": 0.2865226639108126,
    "timings": {
        "total_avg_ms": 54.309772712141275,
        "latency_breakdown_ms": {
            "time_get_row_delta": 1.5742459499835968,
            "time_delta_mm_pattern": 46.03561605848372,
            "time_forward_total": 54.309772712141275
        }
    },
    "metrics": {
        "alias": "longbench_narrativeqa",
        "qa_f1_score,none": 0.2865226639108126,
        "qa_f1_score_stderr,none": 0.02964830804397136
    },
    "total_benchmark_time_s": 296.476633310318,
    "parameters": {
        "delta_pf_key_on": 1,
        "delta_type": "row",
        "scale": 0.05,
        "delta_mlp": "Regular",
        "row_delta_threshold": 14.0,
        "row_similarity_metric": "euclidean",
        "divide_to": 16,
        "flash": true
    },
    "experiment_type": "row_delta"
}
[IO] Saved full result to longbench_narrativeqa.json
--- Running Task: longbench_passage_retrieval_en ---
  -> Pass: Measuring total benchmark time AND internal latency breakdown (internal syncs ON)
    - Setting time_internal: True
    - Task 'longbench_passage_retrieval_en' completed in 83.45 seconds.
Task: longbench_passage_retrieval_en | Acc: 0.9800 | Total Time: 83.45s
{
    "task_name": "longbench_passage_retrieval_en",
    "timestamp": "2026-04-08T23:54:24.253430",
    "shot": 0,
    "sparsity": 0.4007543203782963,
    "mlp_spars": 0.0,
    "benchmark_stats": {
        "num_passages": 100,
        "seq_len_avg": 12644.36,
        "seq_len_min": 10061,
        "seq_len_max": 15253,
        "seq_len_std": 1204.6597239054688
    },
    "accuracy": 0.98,
    "timings": {
        "total_avg_ms": 10.747936486750842,
        "latency_breakdown_ms": {
            "time_get_row_delta": 0.7827426601015032,
            "time_delta_mm_pattern": 7.008288121223449,
            "time_forward_total": 10.747936486750842
        }
    },
    "metrics": {
        "alias": "longbench_passage_retrieval_en",
        "retrieval_score,none": 0.98,
        "retrieval_score_stderr,none": 0.01407052941362896
    },
    "total_benchmark_time_s": 83.4500253200531,
    "parameters": {
        "delta_pf_key_on": 1,
        "delta_type": "row",
        "scale": 0.05,
        "delta_mlp": "Regular",
        "row_delta_threshold": 14.0,
        "row_similarity_metric": "euclidean",
        "divide_to": 16,
        "flash": true
    },
    "experiment_type": "row_delta"
}
[IO] Saved full result to longbench_passage_retrieval_en.json
[Worker] Finished. Exiting.

=== Step 9/20: {'scale': 0.05, 'delta': 15, 'row_sim': 'euclidean', 'divide_to': 2} ===
[Master] Running worker for {'scale': 0.05, 'delta': 15, 'row_sim': 'euclidean', 'divide_to': 2}
AAAAAA {'delta_pf_key_on': 1, 'delta_type': 'row', 'scale': 0.05, 'delta_mlp': 'Regular', 'row_delta_threshold': 15.0, 'row_similarity_metric': 'euclidean', 'divide_to': 2, 'flash': True}
[Worker] Setting safe globVR defaults for model initialization...
[Worker] '--long_bench' triggered. Running 4 LongBench tasks.
[Worker] Loading Model: meta-llama/Meta-Llama-3.1-8B-Instruct...
[Worker] Model loaded safely. Applying row_delta settings: {'delta_pf_key_on': 1, 'delta_type': 'row', 'scale': 0.05, 'delta_mlp': 'Regular', 'row_delta_threshold': 15.0, 'row_similarity_metric': 'euclidean', 'divide_to': 2, 'flash': True}
[Config] Created new directory: snellius_experiments/llama/experiment_row_delta_2/config_9
--- Running Task: longbench_multifieldqa_en ---
  -> Pass: Measuring total benchmark time AND internal latency breakdown (internal syncs ON)
    - Setting time_internal: True
    - Task 'longbench_multifieldqa_en' completed in 100.20 seconds.
Task: longbench_multifieldqa_en | Acc: 0.5012 | Total Time: 100.20s
{
    "task_name": "longbench_multifieldqa_en",
    "timestamp": "2026-04-08T23:56:20.389723",
    "shot": 0,
    "sparsity": 0.48249457572381627,
    "mlp_spars": 0.0,
    "benchmark_stats": {
        "num_passages": 100,
        "seq_len_avg": 6935.69,
        "seq_len_min": 1387,
        "seq_len_max": 15039,
        "seq_len_std": 3637.211826921825
    },
    "accuracy": 0.501233171303182,
    "timings": {
        "total_avg_ms": 6.414436942264437,
        "latency_breakdown_ms": {
            "time_get_row_delta": 2.143716594250873,
            "time_delta_mm_pattern": 2.5362931593414397,
            "time_forward_total": 6.414436942264437
        }
    },
    "metrics": {
        "alias": "longbench_multifieldqa_en",
        "qa_f1_score,none": 0.501233171303182,
        "qa_f1_score_stderr,none": 0.03321349052164819
    },
    "total_benchmark_time_s": 100.20146346092224,
    "parameters": {
        "delta_pf_key_on": 1,
        "delta_type": "row",
        "scale": 0.05,
        "delta_mlp": "Regular",
        "row_delta_threshold": 15.0,
        "row_similarity_metric": "euclidean",
        "divide_to": 2,
        "flash": true
    },
    "experiment_type": "row_delta"
}
[IO] Saved full result to longbench_multifieldqa_en.json
--- Running Task: longbench_hotpotqa ---
  -> Pass: Measuring total benchmark time AND internal latency breakdown (internal syncs ON)
    - Setting time_internal: True
    - Task 'longbench_hotpotqa' completed in 103.37 seconds.
Task: longbench_hotpotqa | Acc: 0.5064 | Total Time: 103.37s
{
    "task_name": "longbench_hotpotqa",
    "timestamp": "2026-04-08T23:58:04.153407",
    "shot": 0,
    "sparsity": 0.4787861346619983,
    "mlp_spars": 0.0,
    "benchmark_stats": {
        "num_passages": 100,
        "seq_len_avg": 13116.25,
        "seq_len_min": 2289,
        "seq_len_max": 16437,
        "seq_len_std": 3543.0962966732923
    },
    "accuracy": 0.5064079254079253,
    "timings": {
        "total_avg_ms": 14.021058353111147,
        "latency_breakdown_ms": {
            "time_get_row_delta": 4.102653922978789,
            "time_delta_mm_pattern": 6.874703301517293,
            "time_forward_total": 14.021058353111147
        }
    },
    "metrics": {
        "alias": "longbench_hotpotqa",
        "qa_f1_score,none": 0.5064079254079253,
        "qa_f1_score_stderr,none": 0.04554370419443802
    },
    "total_benchmark_time_s": 103.37333703041077,
    "parameters": {
        "delta_pf_key_on": 1,
        "delta_type": "row",
        "scale": 0.05,
        "delta_mlp": "Regular",
        "row_delta_threshold": 15.0,
        "row_similarity_metric": "euclidean",
        "divide_to": 2,
        "flash": true
    },
    "experiment_type": "row_delta"
}
[IO] Saved full result to longbench_hotpotqa.json
--- Running Task: longbench_narrativeqa ---
  -> Pass: Measuring total benchmark time AND internal latency breakdown (internal syncs ON)
    - Setting time_internal: True
    - Task 'longbench_narrativeqa' completed in 299.65 seconds.
Task: longbench_narrativeqa | Acc: 0.2773 | Total Time: 299.65s
{
    "task_name": "longbench_narrativeqa",
    "timestamp": "2026-04-09T00:03:04.194465",
    "shot": 0,
    "sparsity": 0.4385408593769401,
    "mlp_spars": 0.0,
    "benchmark_stats": {
        "num_passages": 100,
        "seq_len_avg": 29242.6,
        "seq_len_min": 8092,
        "seq_len_max": 65412,
        "seq_len_std": 16323.565525950511
    },
    "accuracy": 0.27733337860969437,
    "timings": {
        "total_avg_ms": 55.95111815199256,
        "latency_breakdown_ms": {
            "time_get_row_delta": 9.224922359883784,
            "time_delta_mm_pattern": 40.07156840331852,
            "time_forward_total": 55.95111815199256
        }
    },
    "metrics": {
        "alias": "longbench_narrativeqa",
        "qa_f1_score,none": 0.27733337860969437,
        "qa_f1_score_stderr,none": 0.029057525795777535
    },
    "total_benchmark_time_s": 299.64572381973267,
    "parameters": {
        "delta_pf_key_on": 1,
        "delta_type": "row",
        "scale": 0.05,
        "delta_mlp": "Regular",
        "row_delta_threshold": 15.0,
        "row_similarity_metric": "euclidean",
        "divide_to": 2,
        "flash": true
    },
    "experiment_type": "row_delta"
}
[IO] Saved full result to longbench_narrativeqa.json
--- Running Task: longbench_passage_retrieval_en ---
  -> Pass: Measuring total benchmark time AND internal latency breakdown (internal syncs ON)
    - Setting time_internal: True
    - Task 'longbench_passage_retrieval_en' completed in 91.44 seconds.
Task: longbench_passage_retrieval_en | Acc: 0.9650 | Total Time: 91.44s
{
    "task_name": "longbench_passage_retrieval_en",
    "timestamp": "2026-04-09T00:04:36.125120",
    "shot": 0,
    "sparsity": 0.4882758596792128,
    "mlp_spars": 0.0,
    "benchmark_stats": {
        "num_passages": 100,
        "seq_len_avg": 12644.36,
        "seq_len_min": 10061,
        "seq_len_max": 15253,
        "seq_len_std": 1204.6597239054688
    },
    "accuracy": 0.965,
    "timings": {
        "total_avg_ms": 13.091897550523282,
        "latency_breakdown_ms": {
            "time_get_row_delta": 4.013617882281542,
            "time_delta_mm_pattern": 6.138419861271977,
            "time_forward_total": 13.091897550523282
        }
    },
    "metrics": {
        "alias": "longbench_passage_retrieval_en",
        "retrieval_score,none": 0.965,
        "retrieval_score_stderr,none": 0.017773831632742845
    },
    "total_benchmark_time_s": 91.4425163269043,
    "parameters": {
        "delta_pf_key_on": 1,
        "delta_type": "row",
        "scale": 0.05,
        "delta_mlp": "Regular",
        "row_delta_threshold": 15.0,
        "row_similarity_metric": "euclidean",
        "divide_to": 2,
        "flash": true
    },
    "experiment_type": "row_delta"
}
[IO] Saved full result to longbench_passage_retrieval_en.json
[Worker] Finished. Exiting.

=== Step 10/20: {'scale': 0.05, 'delta': 15, 'row_sim': 'euclidean', 'divide_to': 4} ===
[Master] Running worker for {'scale': 0.05, 'delta': 15, 'row_sim': 'euclidean', 'divide_to': 4}
AAAAAA {'delta_pf_key_on': 1, 'delta_type': 'row', 'scale': 0.05, 'delta_mlp': 'Regular', 'row_delta_threshold': 15.0, 'row_similarity_metric': 'euclidean', 'divide_to': 4, 'flash': True}
[Worker] Setting safe globVR defaults for model initialization...
[Worker] '--long_bench' triggered. Running 4 LongBench tasks.
[Worker] Loading Model: meta-llama/Meta-Llama-3.1-8B-Instruct...
[Worker] Model loaded safely. Applying row_delta settings: {'delta_pf_key_on': 1, 'delta_type': 'row', 'scale': 0.05, 'delta_mlp': 'Regular', 'row_delta_threshold': 15.0, 'row_similarity_metric': 'euclidean', 'divide_to': 4, 'flash': True}
[Config] Created new directory: snellius_experiments/llama/experiment_row_delta_2/config_10
--- Running Task: longbench_multifieldqa_en ---
  -> Pass: Measuring total benchmark time AND internal latency breakdown (internal syncs ON)
    - Setting time_internal: True
    - Task 'longbench_multifieldqa_en' completed in 100.76 seconds.
Task: longbench_multifieldqa_en | Acc: 0.5024 | Total Time: 100.76s
{
    "task_name": "longbench_multifieldqa_en",
    "timestamp": "2026-04-09T00:06:32.844624",
    "shot": 0,
    "sparsity": 0.48198804400550666,
    "mlp_spars": 0.0,
    "benchmark_stats": {
        "num_passages": 100,
        "seq_len_avg": 6935.69,
        "seq_len_min": 1387,
        "seq_len_max": 15039,
        "seq_len_std": 3637.211826921825
    },
    "accuracy": 0.5023790868173981,
    "timings": {
        "total_avg_ms": 5.583928947038949,
        "latency_breakdown_ms": {
            "time_get_row_delta": 1.3112474646698684,
            "time_delta_mm_pattern": 2.540008618128486,
            "time_forward_total": 5.583928947038949
        }
    },
    "metrics": {
        "alias": "longbench_multifieldqa_en",
        "qa_f1_score,none": 0.5023790868173981,
        "qa_f1_score_stderr,none": 0.0332687176806518
    },
    "total_benchmark_time_s": 100.76165294647217,
    "parameters": {
        "delta_pf_key_on": 1,
        "delta_type": "row",
        "scale": 0.05,
        "delta_mlp": "Regular",
        "row_delta_threshold": 15.0,
        "row_similarity_metric": "euclidean",
        "divide_to": 4,
        "flash": true
    },
    "experiment_type": "row_delta"
}
[IO] Saved full result to longbench_multifieldqa_en.json
--- Running Task: longbench_hotpotqa ---
  -> Pass: Measuring total benchmark time AND internal latency breakdown (internal syncs ON)
    - Setting time_internal: True
    - Task 'longbench_hotpotqa' completed in 97.70 seconds.
Task: longbench_hotpotqa | Acc: 0.5114 | Total Time: 97.70s
{
    "task_name": "longbench_hotpotqa",
    "timestamp": "2026-04-09T00:08:10.938331",
    "shot": 0,
    "sparsity": 0.47870691948250493,
    "mlp_spars": 0.0,
    "benchmark_stats": {
        "num_passages": 100,
        "seq_len_avg": 13116.25,
        "seq_len_min": 2289,
        "seq_len_max": 16437,
        "seq_len_std": 3543.0962966732923
    },
    "accuracy": 0.5113662720148787,
    "timings": {
        "total_avg_ms": 12.154372315853834,
        "latency_breakdown_ms": {
            "time_get_row_delta": 2.2360586995258926,
            "time_delta_mm_pattern": 6.874656604919583,
            "time_forward_total": 12.154372315853834
        }
    },
    "metrics": {
        "alias": "longbench_hotpotqa",
        "qa_f1_score,none": 0.5113662720148787,
        "qa_f1_score_stderr,none": 0.044257145986294946
    },
    "total_benchmark_time_s": 97.70105910301208,
    "parameters": {
        "delta_pf_key_on": 1,
        "delta_type": "row",
        "scale": 0.05,
        "delta_mlp": "Regular",
        "row_delta_threshold": 15.0,
        "row_similarity_metric": "euclidean",
        "divide_to": 4,
        "flash": true
    },
    "experiment_type": "row_delta"
}
[IO] Saved full result to longbench_hotpotqa.json
--- Running Task: longbench_narrativeqa ---
  -> Pass: Measuring total benchmark time AND internal latency breakdown (internal syncs ON)
    - Setting time_internal: True
    - Task 'longbench_narrativeqa' completed in 285.87 seconds.
Task: longbench_narrativeqa | Acc: 0.2652 | Total Time: 285.87s
{
    "task_name": "longbench_narrativeqa",
    "timestamp": "2026-04-09T00:12:57.201618",
    "shot": 0,
    "sparsity": 0.4382154247886406,
    "mlp_spars": 0.0,
    "benchmark_stats": {
        "num_passages": 100,
        "seq_len_avg": 29242.6,
        "seq_len_min": 8092,
        "seq_len_max": 65412,
        "seq_len_std": 16323.565525950511
    },
    "accuracy": 0.26522470132539533,
    "timings": {
        "total_avg_ms": 51.75427980348468,
        "latency_breakdown_ms": {
            "time_get_row_delta": 4.89044677939266,
            "time_delta_mm_pattern": 40.20571237325668,
            "time_forward_total": 51.75427980348468
        }
    },
    "metrics": {
        "alias": "longbench_narrativeqa",
        "qa_f1_score,none": 0.26522470132539533,
        "qa_f1_score_stderr,none": 0.02871509887527008
    },
    "total_benchmark_time_s": 285.86813282966614,
    "parameters": {
        "delta_pf_key_on": 1,
        "delta_type": "row",
        "scale": 0.05,
        "delta_mlp": "Regular",
        "row_delta_threshold": 15.0,
        "row_similarity_metric": "euclidean",
        "divide_to": 4,
        "flash": true
    },
    "experiment_type": "row_delta"
}
[IO] Saved full result to longbench_narrativeqa.json
--- Running Task: longbench_passage_retrieval_en ---
  -> Pass: Measuring total benchmark time AND internal latency breakdown (internal syncs ON)
    - Setting time_internal: True
    - Task 'longbench_passage_retrieval_en' completed in 85.11 seconds.
Task: longbench_passage_retrieval_en | Acc: 0.9600 | Total Time: 85.11s
{
    "task_name": "longbench_passage_retrieval_en",
    "timestamp": "2026-04-09T00:14:22.800683",
    "shot": 0,
    "sparsity": 0.4877629849253673,
    "mlp_spars": 0.0,
    "benchmark_stats": {
        "num_passages": 100,
        "seq_len_avg": 12644.36,
        "seq_len_min": 10061,
        "seq_len_max": 15253,
        "seq_len_std": 1204.6597239054688
    },
    "accuracy": 0.96,
    "timings": {
        "total_avg_ms": 11.259416069686413,
        "latency_breakdown_ms": {
            "time_get_row_delta": 2.1809286389127376,
            "time_delta_mm_pattern": 6.138819623067975,
            "time_forward_total": 11.259416069686413
        }
    },
    "metrics": {
        "alias": "longbench_passage_retrieval_en",
        "retrieval_score,none": 0.96,
        "retrieval_score_stderr,none": 0.019694638556693216
    },
    "total_benchmark_time_s": 85.11124801635742,
    "parameters": {
        "delta_pf_key_on": 1,
        "delta_type": "row",
        "scale": 0.05,
        "delta_mlp": "Regular",
        "row_delta_threshold": 15.0,
        "row_similarity_metric": "euclidean",
        "divide_to": 4,
        "flash": true
    },
    "experiment_type": "row_delta"
}
[IO] Saved full result to longbench_passage_retrieval_en.json
[Worker] Finished. Exiting.

=== Step 11/20: {'scale': 0.05, 'delta': 15, 'row_sim': 'euclidean', 'divide_to': 8} ===
[Master] Running worker for {'scale': 0.05, 'delta': 15, 'row_sim': 'euclidean', 'divide_to': 8}
AAAAAA {'delta_pf_key_on': 1, 'delta_type': 'row', 'scale': 0.05, 'delta_mlp': 'Regular', 'row_delta_threshold': 15.0, 'row_similarity_metric': 'euclidean', 'divide_to': 8, 'flash': True}
[Worker] Setting safe globVR defaults for model initialization...
[Worker] '--long_bench' triggered. Running 4 LongBench tasks.
[Worker] Loading Model: meta-llama/Meta-Llama-3.1-8B-Instruct...
[Worker] Model loaded safely. Applying row_delta settings: {'delta_pf_key_on': 1, 'delta_type': 'row', 'scale': 0.05, 'delta_mlp': 'Regular', 'row_delta_threshold': 15.0, 'row_similarity_metric': 'euclidean', 'divide_to': 8, 'flash': True}
[Config] Created new directory: snellius_experiments/llama/experiment_row_delta_2/config_11
--- Running Task: longbench_multifieldqa_en ---
  -> Pass: Measuring total benchmark time AND internal latency breakdown (internal syncs ON)
    - Setting time_internal: True
    - Task 'longbench_multifieldqa_en' completed in 122.48 seconds.
Task: longbench_multifieldqa_en | Acc: 0.5115 | Total Time: 122.48s
{
    "task_name": "longbench_multifieldqa_en",
    "timestamp": "2026-04-09T00:16:41.217811",
    "shot": 0,
    "sparsity": 0.48106926658049487,
    "mlp_spars": 0.0,
    "benchmark_stats": {
        "num_passages": 100,
        "seq_len_avg": 6935.69,
        "seq_len_min": 1387,
        "seq_len_max": 15039,
        "seq_len_std": 3637.211826921825
    },
    "accuracy": 0.5114836106568922,
    "timings": {
        "total_avg_ms": 13.608539187777787,
        "latency_breakdown_ms": {
            "time_get_row_delta": 9.336720805056393,
            "time_delta_mm_pattern": 2.5394196913437916,
            "time_forward_total": 13.608539187777787
        }
    },
    "metrics": {
        "alias": "longbench_multifieldqa_en",
        "qa_f1_score,none": 0.5114836106568922,
        "qa_f1_score_stderr,none": 0.034321804116342766
    },
    "total_benchmark_time_s": 122.48308396339417,
    "parameters": {
        "delta_pf_key_on": 1,
        "delta_type": "row",
        "scale": 0.05,
        "delta_mlp": "Regular",
        "row_delta_threshold": 15.0,
        "row_similarity_metric": "euclidean",
        "divide_to": 8,
        "flash": true
    },
    "experiment_type": "row_delta"
}
[IO] Saved full result to longbench_multifieldqa_en.json
--- Running Task: longbench_hotpotqa ---
  -> Pass: Measuring total benchmark time AND internal latency breakdown (internal syncs ON)
    - Setting time_internal: True
    - Task 'longbench_hotpotqa' completed in 94.20 seconds.
Task: longbench_hotpotqa | Acc: 0.5147 | Total Time: 94.20s
{
    "task_name": "longbench_hotpotqa",
    "timestamp": "2026-04-09T00:18:15.803882",
    "shot": 0,
    "sparsity": 0.4776899519413438,
    "mlp_spars": 0.0,
    "benchmark_stats": {
        "num_passages": 100,
        "seq_len_avg": 13116.25,
        "seq_len_min": 2289,
        "seq_len_max": 16437,
        "seq_len_std": 3543.0962966732923
    },
    "accuracy": 0.5146795745018654,
    "timings": {
        "total_avg_ms": 11.204133119396865,
        "latency_breakdown_ms": {
            "time_get_row_delta": 1.2780857396312058,
            "time_delta_mm_pattern": 6.882878334494308,
            "time_forward_total": 11.204133119396865
        }
    },
    "metrics": {
        "alias": "longbench_hotpotqa",
        "qa_f1_score,none": 0.5146795745018654,
        "qa_f1_score_stderr,none": 0.04355804391552172
    },
    "total_benchmark_time_s": 94.19753742218018,
    "parameters": {
        "delta_pf_key_on": 1,
        "delta_type": "row",
        "scale": 0.05,
        "delta_mlp": "Regular",
        "row_delta_threshold": 15.0,
        "row_similarity_metric": "euclidean",
        "divide_to": 8,
        "flash": true
    },
    "experiment_type": "row_delta"
}
[IO] Saved full result to longbench_hotpotqa.json
--- Running Task: longbench_narrativeqa ---
  -> Pass: Measuring total benchmark time AND internal latency breakdown (internal syncs ON)
    - Setting time_internal: True
    - Task 'longbench_narrativeqa' completed in 281.42 seconds.
Task: longbench_narrativeqa | Acc: 0.2745 | Total Time: 281.42s
{
    "task_name": "longbench_narrativeqa",
    "timestamp": "2026-04-09T00:22:57.613957",
    "shot": 0,
    "sparsity": 0.4383387580839302,
    "mlp_spars": 0.0,
    "benchmark_stats": {
        "num_passages": 100,
        "seq_len_avg": 29242.6,
        "seq_len_min": 8092,
        "seq_len_max": 65412,
        "seq_len_std": 16323.565525950511
    },
    "accuracy": 0.27453015412354576,
    "timings": {
        "total_avg_ms": 49.61912497475743,
        "latency_breakdown_ms": {
            "time_get_row_delta": 2.6731266693025826,
            "time_delta_mm_pattern": 40.2874727293849,
            "time_forward_total": 49.61912497475743
        }
    },
    "metrics": {
        "alias": "longbench_narrativeqa",
        "qa_f1_score,none": 0.27453015412354576,
        "qa_f1_score_stderr,none": 0.028403222423867298
    },
    "total_benchmark_time_s": 281.42030119895935,
    "parameters": {
        "delta_pf_key_on": 1,
        "delta_type": "row",
        "scale": 0.05,
        "delta_mlp": "Regular",
        "row_delta_threshold": 15.0,
        "row_similarity_metric": "euclidean",
        "divide_to": 8,
        "flash": true
    },
    "experiment_type": "row_delta"
}
[IO] Saved full result to longbench_narrativeqa.json
--- Running Task: longbench_passage_retrieval_en ---
  -> Pass: Measuring total benchmark time AND internal latency breakdown (internal syncs ON)
    - Setting time_internal: True
    - Task 'longbench_passage_retrieval_en' completed in 82.25 seconds.
Task: longbench_passage_retrieval_en | Acc: 0.9600 | Total Time: 82.25s
{
    "task_name": "longbench_passage_retrieval_en",
    "timestamp": "2026-04-09T00:24:20.346813",
    "shot": 0,
    "sparsity": 0.4877569626161665,
    "mlp_spars": 0.0,
    "benchmark_stats": {
        "num_passages": 100,
        "seq_len_avg": 12644.36,
        "seq_len_min": 10061,
        "seq_len_max": 15253,
        "seq_len_std": 1204.6597239054688
    },
    "accuracy": 0.96,
    "timings": {
        "total_avg_ms": 10.32785574927926,
        "latency_breakdown_ms": {
            "time_get_row_delta": 1.2481460710242391,
            "time_delta_mm_pattern": 6.140876607000828,
            "time_forward_total": 10.32785574927926
        }
    },
    "metrics": {
        "alias": "longbench_passage_retrieval_en",
        "retrieval_score,none": 0.96,
        "retrieval_score_stderr,none": 0.019694638556693216
    },
    "total_benchmark_time_s": 82.24674677848816,
    "parameters": {
        "delta_pf_key_on": 1,
        "delta_type": "row",
        "scale": 0.05,
        "delta_mlp": "Regular",
        "row_delta_threshold": 15.0,
        "row_similarity_metric": "euclidean",
        "divide_to": 8,
        "flash": true
    },
    "experiment_type": "row_delta"
}
[IO] Saved full result to longbench_passage_retrieval_en.json
[Worker] Finished. Exiting.

=== Step 12/20: {'scale': 0.05, 'delta': 15, 'row_sim': 'euclidean', 'divide_to': 16} ===
[Master] Running worker for {'scale': 0.05, 'delta': 15, 'row_sim': 'euclidean', 'divide_to': 16}
AAAAAA {'delta_pf_key_on': 1, 'delta_type': 'row', 'scale': 0.05, 'delta_mlp': 'Regular', 'row_delta_threshold': 15.0, 'row_similarity_metric': 'euclidean', 'divide_to': 16, 'flash': True}
[Worker] Setting safe globVR defaults for model initialization...
[Worker] '--long_bench' triggered. Running 4 LongBench tasks.
[Worker] Loading Model: meta-llama/Meta-Llama-3.1-8B-Instruct...
[Worker] Model loaded safely. Applying row_delta settings: {'delta_pf_key_on': 1, 'delta_type': 'row', 'scale': 0.05, 'delta_mlp': 'Regular', 'row_delta_threshold': 15.0, 'row_similarity_metric': 'euclidean', 'divide_to': 16, 'flash': True}
[Config] Created new directory: snellius_experiments/llama/experiment_row_delta_2/config_12
--- Running Task: longbench_multifieldqa_en ---
  -> Pass: Measuring total benchmark time AND internal latency breakdown (internal syncs ON)
    - Setting time_internal: True
    - Task 'longbench_multifieldqa_en' completed in 92.33 seconds.
Task: longbench_multifieldqa_en | Acc: 0.5321 | Total Time: 92.33s
{
    "task_name": "longbench_multifieldqa_en",
    "timestamp": "2026-04-09T00:26:08.522584",
    "shot": 0,
    "sparsity": 0.4795531701233922,
    "mlp_spars": 0.0,
    "benchmark_stats": {
        "num_passages": 100,
        "seq_len_avg": 6935.69,
        "seq_len_min": 1387,
        "seq_len_max": 15039,
        "seq_len_std": 3637.211826921825
    },
    "accuracy": 0.5321106334758001,
    "timings": {
        "total_avg_ms": 4.9244526374526325,
        "latency_breakdown_ms": {
            "time_get_row_delta": 0.646569908587262,
            "time_delta_mm_pattern": 2.545165189774707,
            "time_forward_total": 4.9244526374526325
        }
    },
    "metrics": {
        "alias": "longbench_multifieldqa_en",
        "qa_f1_score,none": 0.5321106334758001,
        "qa_f1_score_stderr,none": 0.034929159875819085
    },
    "total_benchmark_time_s": 92.33463549613953,
    "parameters": {
        "delta_pf_key_on": 1,
        "delta_type": "row",
        "scale": 0.05,
        "delta_mlp": "Regular",
        "row_delta_threshold": 15.0,
        "row_similarity_metric": "euclidean",
        "divide_to": 16,
        "flash": true
    },
    "experiment_type": "row_delta"
}
[IO] Saved full result to longbench_multifieldqa_en.json
--- Running Task: longbench_hotpotqa ---
  -> Pass: Measuring total benchmark time AND internal latency breakdown (internal syncs ON)
    - Setting time_internal: True
    - Task 'longbench_hotpotqa' completed in 92.60 seconds.
Task: longbench_hotpotqa | Acc: 0.5019 | Total Time: 92.60s
{
    "task_name": "longbench_hotpotqa",
    "timestamp": "2026-04-09T00:27:41.511863",
    "shot": 0,
    "sparsity": 0.4759495770026955,
    "mlp_spars": 0.0,
    "benchmark_stats": {
        "num_passages": 100,
        "seq_len_avg": 13116.25,
        "seq_len_min": 2289,
        "seq_len_max": 16437,
        "seq_len_std": 3543.0962966732923
    },
    "accuracy": 0.5018773279008572,
    "timings": {
        "total_avg_ms": 10.734325108192861,
        "latency_breakdown_ms": {
            "time_get_row_delta": 0.7988365398999303,
            "time_delta_mm_pattern": 6.890687022758648,
            "time_forward_total": 10.734325108192861
        }
    },
    "metrics": {
        "alias": "longbench_hotpotqa",
        "qa_f1_score,none": 0.5018773279008572,
        "qa_f1_score_stderr,none": 0.0436874011971715
    },
    "total_benchmark_time_s": 92.59777283668518,
    "parameters": {
        "delta_pf_key_on": 1,
        "delta_type": "row",
        "scale": 0.05,
        "delta_mlp": "Regular",
        "row_delta_threshold": 15.0,
        "row_similarity_metric": "euclidean",
        "divide_to": 16,
        "flash": true
    },
    "experiment_type": "row_delta"
}
[IO] Saved full result to longbench_hotpotqa.json
--- Running Task: longbench_narrativeqa ---
  -> Pass: Measuring total benchmark time AND internal latency breakdown (internal syncs ON)
    - Setting time_internal: True
    - Task 'longbench_narrativeqa' completed in 275.26 seconds.
Task: longbench_narrativeqa | Acc: 0.2973 | Total Time: 275.26s
{
    "task_name": "longbench_narrativeqa",
    "timestamp": "2026-04-09T00:32:17.164012",
    "shot": 0,
    "sparsity": 0.4381543664316832,
    "mlp_spars": 0.0,
    "benchmark_stats": {
        "num_passages": 100,
        "seq_len_avg": 29242.6,
        "seq_len_min": 8092,
        "seq_len_max": 65412,
        "seq_len_std": 16323.565525950511
    },
    "accuracy": 0.2973258765844915,
    "timings": {
        "total_avg_ms": 48.57098597973585,
        "latency_breakdown_ms": {
            "time_get_row_delta": 1.5656671505048871,
            "time_delta_mm_pattern": 40.34564644798636,
            "time_forward_total": 48.57098597973585
        }
    },
    "metrics": {
        "alias": "longbench_narrativeqa",
        "qa_f1_score,none": 0.2973258765844915,
        "qa_f1_score_stderr,none": 0.02930236147217845
    },
    "total_benchmark_time_s": 275.2550392150879,
    "parameters": {
        "delta_pf_key_on": 1,
        "delta_type": "row",
        "scale": 0.05,
        "delta_mlp": "Regular",
        "row_delta_threshold": 15.0,
        "row_similarity_metric": "euclidean",
        "divide_to": 16,
        "flash": true
    },
    "experiment_type": "row_delta"
}
[IO] Saved full result to longbench_narrativeqa.json
--- Running Task: longbench_passage_retrieval_en ---
  -> Pass: Measuring total benchmark time AND internal latency breakdown (internal syncs ON)
    - Setting time_internal: True
    - Task 'longbench_passage_retrieval_en' completed in 85.36 seconds.
Task: longbench_passage_retrieval_en | Acc: 0.9600 | Total Time: 85.36s
{
    "task_name": "longbench_passage_retrieval_en",
    "timestamp": "2026-04-09T00:33:42.997926",
    "shot": 0,
    "sparsity": 0.4879079972034788,
    "mlp_spars": 0.0,
    "benchmark_stats": {
        "num_passages": 100,
        "seq_len_avg": 12644.36,
        "seq_len_min": 10061,
        "seq_len_max": 15253,
        "seq_len_std": 1204.6597239054688
    },
    "accuracy": 0.96,
    "timings": {
        "total_avg_ms": 9.869418718367815,
        "latency_breakdown_ms": {
            "time_get_row_delta": 0.7807276599295437,
            "time_delta_mm_pattern": 6.147438513338566,
            "time_forward_total": 9.869418718367815
        }
    },
    "metrics": {
        "alias": "longbench_passage_retrieval_en",
        "retrieval_score,none": 0.96,
        "retrieval_score_stderr,none": 0.019694638556693216
    },
    "total_benchmark_time_s": 85.36249089241028,
    "parameters": {
        "delta_pf_key_on": 1,
        "delta_type": "row",
        "scale": 0.05,
        "delta_mlp": "Regular",
        "row_delta_threshold": 15.0,
        "row_similarity_metric": "euclidean",
        "divide_to": 16,
        "flash": true
    },
    "experiment_type": "row_delta"
}
[IO] Saved full result to longbench_passage_retrieval_en.json
[Worker] Finished. Exiting.

=== Step 13/20: {'scale': 0.05, 'delta': 16, 'row_sim': 'euclidean', 'divide_to': 2} ===
[Master] Running worker for {'scale': 0.05, 'delta': 16, 'row_sim': 'euclidean', 'divide_to': 2}
AAAAAA {'delta_pf_key_on': 1, 'delta_type': 'row', 'scale': 0.05, 'delta_mlp': 'Regular', 'row_delta_threshold': 16.0, 'row_similarity_metric': 'euclidean', 'divide_to': 2, 'flash': True}
[Worker] Setting safe globVR defaults for model initialization...
[Worker] '--long_bench' triggered. Running 4 LongBench tasks.
[Worker] Loading Model: meta-llama/Meta-Llama-3.1-8B-Instruct...
[Worker] Model loaded safely. Applying row_delta settings: {'delta_pf_key_on': 1, 'delta_type': 'row', 'scale': 0.05, 'delta_mlp': 'Regular', 'row_delta_threshold': 16.0, 'row_similarity_metric': 'euclidean', 'divide_to': 2, 'flash': True}
[Config] Created new directory: snellius_experiments/llama/experiment_row_delta_2/config_13
--- Running Task: longbench_multifieldqa_en ---
  -> Pass: Measuring total benchmark time AND internal latency breakdown (internal syncs ON)
    - Setting time_internal: True
    - Task 'longbench_multifieldqa_en' completed in 96.43 seconds.
Task: longbench_multifieldqa_en | Acc: 0.5202 | Total Time: 96.43s
{
    "task_name": "longbench_multifieldqa_en",
    "timestamp": "2026-04-09T00:35:35.189769",
    "shot": 0,
    "sparsity": 0.5671480933134607,
    "mlp_spars": 0.0,
    "benchmark_stats": {
        "num_passages": 100,
        "seq_len_avg": 6935.69,
        "seq_len_min": 1387,
        "seq_len_max": 15039,
        "seq_len_std": 3637.211826921825
    },
    "accuracy": 0.5201648000370269,
    "timings": {
        "total_avg_ms": 6.082049338407814,
        "latency_breakdown_ms": {
            "time_get_row_delta": 2.1409845967311414,
            "time_delta_mm_pattern": 2.2236333303153515,
            "time_forward_total": 6.082049338407814
        }
    },
    "metrics": {
        "alias": "longbench_multifieldqa_en",
        "qa_f1_score,none": 0.5201648000370269,
        "qa_f1_score_stderr,none": 0.03401504117421655
    },
    "total_benchmark_time_s": 96.43003368377686,
    "parameters": {
        "delta_pf_key_on": 1,
        "delta_type": "row",
        "scale": 0.05,
        "delta_mlp": "Regular",
        "row_delta_threshold": 16.0,
        "row_similarity_metric": "euclidean",
        "divide_to": 2,
        "flash": true
    },
    "experiment_type": "row_delta"
}
[IO] Saved full result to longbench_multifieldqa_en.json
--- Running Task: longbench_hotpotqa ---
  -> Pass: Measuring total benchmark time AND internal latency breakdown (internal syncs ON)
    - Setting time_internal: True
    - Task 'longbench_hotpotqa' completed in 96.76 seconds.
Task: longbench_hotpotqa | Acc: 0.4990 | Total Time: 96.76s
{
    "task_name": "longbench_hotpotqa",
    "timestamp": "2026-04-09T00:37:12.342653",
    "shot": 0,
    "sparsity": 0.5594601182677208,
    "mlp_spars": 0.0,
    "benchmark_stats": {
        "num_passages": 100,
        "seq_len_avg": 13116.25,
        "seq_len_min": 2289,
        "seq_len_max": 16437,
        "seq_len_std": 3543.0962966732923
    },
    "accuracy": 0.49901984126984117,
    "timings": {
        "total_avg_ms": 13.03286460004747,
        "latency_breakdown_ms": {
            "time_get_row_delta": 4.094832243025303,
            "time_delta_mm_pattern": 5.918005592124537,
            "time_forward_total": 13.03286460004747
        }
    },
    "metrics": {
        "alias": "longbench_hotpotqa",
        "qa_f1_score,none": 0.49901984126984117,
        "qa_f1_score_stderr,none": 0.04461175869962426
    },
    "total_benchmark_time_s": 96.762868642807,
    "parameters": {
        "delta_pf_key_on": 1,
        "delta_type": "row",
        "scale": 0.05,
        "delta_mlp": "Regular",
        "row_delta_threshold": 16.0,
        "row_similarity_metric": "euclidean",
        "divide_to": 2,
        "flash": true
    },
    "experiment_type": "row_delta"
}
[IO] Saved full result to longbench_hotpotqa.json
--- Running Task: longbench_narrativeqa ---
  -> Pass: Measuring total benchmark time AND internal latency breakdown (internal syncs ON)
    - Setting time_internal: True
    - Task 'longbench_narrativeqa' completed in 281.86 seconds.
Task: longbench_narrativeqa | Acc: 0.2523 | Total Time: 281.86s
{
    "task_name": "longbench_narrativeqa",
    "timestamp": "2026-04-09T00:41:54.599119",
    "shot": 0,
    "sparsity": 0.5257454743750488,
    "mlp_spars": 0.0,
    "benchmark_stats": {
        "num_passages": 100,
        "seq_len_avg": 29242.6,
        "seq_len_min": 8092,
        "seq_len_max": 65412,
        "seq_len_std": 16323.565525950511
    },
    "accuracy": 0.25225670538364403,
    "timings": {
        "total_avg_ms": 50.463854237049816,
        "latency_breakdown_ms": {
            "time_get_row_delta": 9.204548660442233,
            "time_delta_mm_pattern": 34.652973092123865,
            "time_forward_total": 50.463854237049816
        }
    },
    "metrics": {
        "alias": "longbench_narrativeqa",
        "qa_f1_score,none": 0.25225670538364403,
        "qa_f1_score_stderr,none": 0.02770105787389942
    },
    "total_benchmark_time_s": 281.8620195388794,
    "parameters": {
        "delta_pf_key_on": 1,
        "delta_type": "row",
        "scale": 0.05,
        "delta_mlp": "Regular",
        "row_delta_threshold": 16.0,
        "row_similarity_metric": "euclidean",
        "divide_to": 2,
        "flash": true
    },
    "experiment_type": "row_delta"
}
[IO] Saved full result to longbench_narrativeqa.json
--- Running Task: longbench_passage_retrieval_en ---
  -> Pass: Measuring total benchmark time AND internal latency breakdown (internal syncs ON)
    - Setting time_internal: True
    - Task 'longbench_passage_retrieval_en' completed in 87.54 seconds.
Task: longbench_passage_retrieval_en | Acc: 0.9300 | Total Time: 87.54s
{
    "task_name": "longbench_passage_retrieval_en",
    "timestamp": "2026-04-09T00:43:22.625275",
    "shot": 0,
    "sparsity": 0.5718156996406574,
    "mlp_spars": 0.0,
    "benchmark_stats": {
        "num_passages": 100,
        "seq_len_avg": 12644.36,
        "seq_len_min": 10061,
        "seq_len_max": 15253,
        "seq_len_std": 1204.6597239054688
    },
    "accuracy": 0.93,
    "timings": {
        "total_avg_ms": 12.218464486598968,
        "latency_breakdown_ms": {
            "time_get_row_delta": 4.006395950987935,
            "time_delta_mm_pattern": 5.295106196552515,
            "time_forward_total": 12.218464486598968
        }
    },
    "metrics": {
        "alias": "longbench_passage_retrieval_en",
        "retrieval_score,none": 0.93,
        "retrieval_score_stderr,none": 0.02564323999762429
    },
    "total_benchmark_time_s": 87.53992509841919,
    "parameters": {
        "delta_pf_key_on": 1,
        "delta_type": "row",
        "scale": 0.05,
        "delta_mlp": "Regular",
        "row_delta_threshold": 16.0,
        "row_similarity_metric": "euclidean",
        "divide_to": 2,
        "flash": true
    },
    "experiment_type": "row_delta"
}
[IO] Saved full result to longbench_passage_retrieval_en.json
[Worker] Finished. Exiting.

=== Step 14/20: {'scale': 0.05, 'delta': 16, 'row_sim': 'euclidean', 'divide_to': 4} ===
[Master] Running worker for {'scale': 0.05, 'delta': 16, 'row_sim': 'euclidean', 'divide_to': 4}
AAAAAA {'delta_pf_key_on': 1, 'delta_type': 'row', 'scale': 0.05, 'delta_mlp': 'Regular', 'row_delta_threshold': 16.0, 'row_similarity_metric': 'euclidean', 'divide_to': 4, 'flash': True}
[Worker] Setting safe globVR defaults for model initialization...
[Worker] '--long_bench' triggered. Running 4 LongBench tasks.
[Worker] Loading Model: meta-llama/Meta-Llama-3.1-8B-Instruct...
[Worker] Model loaded safely. Applying row_delta settings: {'delta_pf_key_on': 1, 'delta_type': 'row', 'scale': 0.05, 'delta_mlp': 'Regular', 'row_delta_threshold': 16.0, 'row_similarity_metric': 'euclidean', 'divide_to': 4, 'flash': True}
[Config] Created new directory: snellius_experiments/llama/experiment_row_delta_2/config_14
--- Running Task: longbench_multifieldqa_en ---
  -> Pass: Measuring total benchmark time AND internal latency breakdown (internal syncs ON)
    - Setting time_internal: True
    - Task 'longbench_multifieldqa_en' completed in 97.70 seconds.
Task: longbench_multifieldqa_en | Acc: 0.4996 | Total Time: 97.70s
{
    "task_name": "longbench_multifieldqa_en",
    "timestamp": "2026-04-09T00:45:15.987675",
    "shot": 0,
    "sparsity": 0.5670753082467012,
    "mlp_spars": 0.0,
    "benchmark_stats": {
        "num_passages": 100,
        "seq_len_avg": 6935.69,
        "seq_len_min": 1387,
        "seq_len_max": 15039,
        "seq_len_std": 3637.211826921825
    },
    "accuracy": 0.4996035132353667,
    "timings": {
        "total_avg_ms": 5.262125018239021,
        "latency_breakdown_ms": {
            "time_get_row_delta": 1.3107854371052234,
            "time_delta_mm_pattern": 2.2269571485091,
            "time_forward_total": 5.262125018239021
        }
    },
    "metrics": {
        "alias": "longbench_multifieldqa_en",
        "qa_f1_score,none": 0.4996035132353667,
        "qa_f1_score_stderr,none": 0.03454484326433826
    },
    "total_benchmark_time_s": 97.69944906234741,
    "parameters": {
        "delta_pf_key_on": 1,
        "delta_type": "row",
        "scale": 0.05,
        "delta_mlp": "Regular",
        "row_delta_threshold": 16.0,
        "row_similarity_metric": "euclidean",
        "divide_to": 4,
        "flash": true
    },
    "experiment_type": "row_delta"
}
[IO] Saved full result to longbench_multifieldqa_en.json
--- Running Task: longbench_hotpotqa ---
  -> Pass: Measuring total benchmark time AND internal latency breakdown (internal syncs ON)
    - Setting time_internal: True
    - Task 'longbench_hotpotqa' completed in 91.60 seconds.
Task: longbench_hotpotqa | Acc: 0.5106 | Total Time: 91.60s
{
    "task_name": "longbench_hotpotqa",
    "timestamp": "2026-04-09T00:46:47.970021",
    "shot": 0,
    "sparsity": 0.5593540252326015,
    "mlp_spars": 0.0,
    "benchmark_stats": {
        "num_passages": 100,
        "seq_len_avg": 13116.25,
        "seq_len_min": 2289,
        "seq_len_max": 16437,
        "seq_len_std": 3543.0962966732923
    },
    "accuracy": 0.5106187423687423,
    "timings": {
        "total_avg_ms": 11.185382690690458,
        "latency_breakdown_ms": {
            "time_get_row_delta": 2.2303629587870093,
            "time_delta_mm_pattern": 5.930032292660326,
            "time_forward_total": 11.185382690690458
        }
    },
    "metrics": {
        "alias": "longbench_hotpotqa",
        "qa_f1_score,none": 0.5106187423687423,
        "qa_f1_score_stderr,none": 0.04456433413892578
    },
    "total_benchmark_time_s": 91.59948873519897,
    "parameters": {
        "delta_pf_key_on": 1,
        "delta_type": "row",
        "scale": 0.05,
        "delta_mlp": "Regular",
        "row_delta_threshold": 16.0,
        "row_similarity_metric": "euclidean",
        "divide_to": 4,
        "flash": true
    },
    "experiment_type": "row_delta"
}
[IO] Saved full result to longbench_hotpotqa.json
--- Running Task: longbench_narrativeqa ---
  -> Pass: Measuring total benchmark time AND internal latency breakdown (internal syncs ON)
    - Setting time_internal: True
    - Task 'longbench_narrativeqa' completed in 279.91 seconds.
Task: longbench_narrativeqa | Acc: 0.3015 | Total Time: 279.91s
{
    "task_name": "longbench_narrativeqa",
    "timestamp": "2026-04-09T00:51:28.274379",
    "shot": 0,
    "sparsity": 0.5258637656990177,
    "mlp_spars": 0.0,
    "benchmark_stats": {
        "num_passages": 100,
        "seq_len_avg": 29242.6,
        "seq_len_min": 8092,
        "seq_len_max": 65412,
        "seq_len_std": 16323.565525950511
    },
    "accuracy": 0.3014808612182451,
    "timings": {
        "total_avg_ms": 46.31321894586086,
        "latency_breakdown_ms": {
            "time_get_row_delta": 4.882353630177676,
            "time_delta_mm_pattern": 34.8111563950777,
            "time_forward_total": 46.31321894586086
        }
    },
    "metrics": {
        "alias": "longbench_narrativeqa",
        "qa_f1_score,none": 0.3014808612182451,
        "qa_f1_score_stderr,none": 0.031598322532646085
    },
    "total_benchmark_time_s": 279.912522315979,
    "parameters": {
        "delta_pf_key_on": 1,
        "delta_type": "row",
        "scale": 0.05,
        "delta_mlp": "Regular",
        "row_delta_threshold": 16.0,
        "row_similarity_metric": "euclidean",
        "divide_to": 4,
        "flash": true
    },
    "experiment_type": "row_delta"
}
[IO] Saved full result to longbench_narrativeqa.json
--- Running Task: longbench_passage_retrieval_en ---
  -> Pass: Measuring total benchmark time AND internal latency breakdown (internal syncs ON)
    - Setting time_internal: True
    - Task 'longbench_passage_retrieval_en' completed in 83.85 seconds.
Task: longbench_passage_retrieval_en | Acc: 0.9200 | Total Time: 83.85s
{
    "task_name": "longbench_passage_retrieval_en",
    "timestamp": "2026-04-09T00:52:52.611042",
    "shot": 0,
    "sparsity": 0.5725733761705298,
    "mlp_spars": 0.0,
    "benchmark_stats": {
        "num_passages": 100,
        "seq_len_avg": 12644.36,
        "seq_len_min": 10061,
        "seq_len_max": 15253,
        "seq_len_std": 1204.6597239054688
    },
    "accuracy": 0.92,
    "timings": {
        "total_avg_ms": 10.399741443544626,
        "latency_breakdown_ms": {
            "time_get_row_delta": 2.1770157189294697,
            "time_delta_mm_pattern": 5.300449008271098,
            "time_forward_total": 10.399741443544626
        }
    },
    "metrics": {
        "alias": "longbench_passage_retrieval_en",
        "retrieval_score,none": 0.92,
        "retrieval_score_stderr,none": 0.027265992434429082
    },
    "total_benchmark_time_s": 83.85123133659363,
    "parameters": {
        "delta_pf_key_on": 1,
        "delta_type": "row",
        "scale": 0.05,
        "delta_mlp": "Regular",
        "row_delta_threshold": 16.0,
        "row_similarity_metric": "euclidean",
        "divide_to": 4,
        "flash": true
    },
    "experiment_type": "row_delta"
}
[IO] Saved full result to longbench_passage_retrieval_en.json
[Worker] Finished. Exiting.

=== Step 15/20: {'scale': 0.05, 'delta': 16, 'row_sim': 'euclidean', 'divide_to': 8} ===
[Master] Running worker for {'scale': 0.05, 'delta': 16, 'row_sim': 'euclidean', 'divide_to': 8}
AAAAAA {'delta_pf_key_on': 1, 'delta_type': 'row', 'scale': 0.05, 'delta_mlp': 'Regular', 'row_delta_threshold': 16.0, 'row_similarity_metric': 'euclidean', 'divide_to': 8, 'flash': True}
[Worker] Setting safe globVR defaults for model initialization...
[Worker] '--long_bench' triggered. Running 4 LongBench tasks.
[Worker] Loading Model: meta-llama/Meta-Llama-3.1-8B-Instruct...
[Worker] Model loaded safely. Applying row_delta settings: {'delta_pf_key_on': 1, 'delta_type': 'row', 'scale': 0.05, 'delta_mlp': 'Regular', 'row_delta_threshold': 16.0, 'row_similarity_metric': 'euclidean', 'divide_to': 8, 'flash': True}
[Config] Created new directory: snellius_experiments/llama/experiment_row_delta_2/config_15
--- Running Task: longbench_multifieldqa_en ---
  -> Pass: Measuring total benchmark time AND internal latency breakdown (internal syncs ON)
    - Setting time_internal: True
    - Task 'longbench_multifieldqa_en' completed in 93.10 seconds.
Task: longbench_multifieldqa_en | Acc: 0.4796 | Total Time: 93.10s
{
    "task_name": "longbench_multifieldqa_en",
    "timestamp": "2026-04-09T00:54:41.488654",
    "shot": 0,
    "sparsity": 0.5651892411205244,
    "mlp_spars": 0.0,
    "benchmark_stats": {
        "num_passages": 100,
        "seq_len_avg": 6935.69,
        "seq_len_min": 1387,
        "seq_len_max": 15039,
        "seq_len_std": 3637.211826921825
    },
    "accuracy": 0.47961177724308174,
    "timings": {
        "total_avg_ms": 4.813810820411891,
        "latency_breakdown_ms": {
            "time_get_row_delta": 0.8642034815531224,
            "time_delta_mm_pattern": 2.2283558795508,
            "time_forward_total": 4.813810820411891
        }
    },
    "metrics": {
        "alias": "longbench_multifieldqa_en",
        "qa_f1_score,none": 0.47961177724308174,
        "qa_f1_score_stderr,none": 0.03211437065787728
    },
    "total_benchmark_time_s": 93.09795880317688,
    "parameters": {
        "delta_pf_key_on": 1,
        "delta_type": "row",
        "scale": 0.05,
        "delta_mlp": "Regular",
        "row_delta_threshold": 16.0,
        "row_similarity_metric": "euclidean",
        "divide_to": 8,
        "flash": true
    },
    "experiment_type": "row_delta"
}
[IO] Saved full result to longbench_multifieldqa_en.json
--- Running Task: longbench_hotpotqa ---
  -> Pass: Measuring total benchmark time AND internal latency breakdown (internal syncs ON)
    - Setting time_internal: True
    - Task 'longbench_hotpotqa' completed in 87.53 seconds.
Task: longbench_hotpotqa | Acc: 0.4999 | Total Time: 87.53s
{
    "task_name": "longbench_hotpotqa",
    "timestamp": "2026-04-09T00:56:09.413186",
    "shot": 0,
    "sparsity": 0.559345303269275,
    "mlp_spars": 0.0,
    "benchmark_stats": {
        "num_passages": 100,
        "seq_len_avg": 13116.25,
        "seq_len_min": 2289,
        "seq_len_max": 16437,
        "seq_len_std": 3543.0962966732923
    },
    "accuracy": 0.49988919413919397,
    "timings": {
        "total_avg_ms": 10.236290288977324,
        "latency_breakdown_ms": {
            "time_get_row_delta": 1.2734652193728835,
            "time_delta_mm_pattern": 5.9394307905808095,
            "time_forward_total": 10.236290288977324
        }
    },
    "metrics": {
        "alias": "longbench_hotpotqa",
        "qa_f1_score,none": 0.49988919413919397,
        "qa_f1_score_stderr,none": 0.04403649600314187
    },
    "total_benchmark_time_s": 87.53177285194397,
    "parameters": {
        "delta_pf_key_on": 1,
        "delta_type": "row",
        "scale": 0.05,
        "delta_mlp": "Regular",
        "row_delta_threshold": 16.0,
        "row_similarity_metric": "euclidean",
        "divide_to": 8,
        "flash": true
    },
    "experiment_type": "row_delta"
}
[IO] Saved full result to longbench_hotpotqa.json
--- Running Task: longbench_narrativeqa ---
  -> Pass: Measuring total benchmark time AND internal latency breakdown (internal syncs ON)
    - Setting time_internal: True
    - Task 'longbench_narrativeqa' completed in 263.99 seconds.
Task: longbench_narrativeqa | Acc: 0.2984 | Total Time: 263.99s
{
    "task_name": "longbench_narrativeqa",
    "timestamp": "2026-04-09T01:00:33.806430",
    "shot": 0,
    "sparsity": 0.5256069749688048,
    "mlp_spars": 0.0,
    "benchmark_stats": {
        "num_passages": 100,
        "seq_len_avg": 29242.6,
        "seq_len_min": 8092,
        "seq_len_max": 65412,
        "seq_len_std": 16323.565525950511
    },
    "accuracy": 0.2984130316707716,
    "timings": {
        "total_avg_ms": 44.20268292412162,
        "latency_breakdown_ms": {
            "time_get_row_delta": 2.669774961154908,
            "time_delta_mm_pattern": 34.908708265051246,
            "time_forward_total": 44.20268292412162
        }
    },
    "metrics": {
        "alias": "longbench_narrativeqa",
        "qa_f1_score,none": 0.2984130316707716,
        "qa_f1_score_stderr,none": 0.029997157122972136
    },
    "total_benchmark_time_s": 263.99338841438293,
    "parameters": {
        "delta_pf_key_on": 1,
        "delta_type": "row",
        "scale": 0.05,
        "delta_mlp": "Regular",
        "row_delta_threshold": 16.0,
        "row_similarity_metric": "euclidean",
        "divide_to": 8,
        "flash": true
    },
    "experiment_type": "row_delta"
}
[IO] Saved full result to longbench_narrativeqa.json
--- Running Task: longbench_passage_retrieval_en ---
  -> Pass: Measuring total benchmark time AND internal latency breakdown (internal syncs ON)
    - Setting time_internal: True
    - Task 'longbench_passage_retrieval_en' completed in 78.67 seconds.
Task: longbench_passage_retrieval_en | Acc: 0.9300 | Total Time: 78.67s
{
    "task_name": "longbench_passage_retrieval_en",
    "timestamp": "2026-04-09T01:01:52.952574",
    "shot": 0,
    "sparsity": 0.5721263602704634,
    "mlp_spars": 0.0,
    "benchmark_stats": {
        "num_passages": 100,
        "seq_len_avg": 12644.36,
        "seq_len_min": 10061,
        "seq_len_max": 15253,
        "seq_len_std": 1204.6597239054688
    },
    "accuracy": 0.93,
    "timings": {
        "total_avg_ms": 9.474449183046818,
        "latency_breakdown_ms": {
            "time_get_row_delta": 1.2442917907238007,
            "time_delta_mm_pattern": 5.310332209914923,
            "time_forward_total": 9.474449183046818
        }
    },
    "metrics": {
        "alias": "longbench_passage_retrieval_en",
        "retrieval_score,none": 0.93,
        "retrieval_score_stderr,none": 0.02564323999762429
    },
    "total_benchmark_time_s": 78.667715549469,
    "parameters": {
        "delta_pf_key_on": 1,
        "delta_type": "row",
        "scale": 0.05,
        "delta_mlp": "Regular",
        "row_delta_threshold": 16.0,
        "row_similarity_metric": "euclidean",
        "divide_to": 8,
        "flash": true
    },
    "experiment_type": "row_delta"
}
[IO] Saved full result to longbench_passage_retrieval_en.json
[Worker] Finished. Exiting.

=== Step 16/20: {'scale': 0.05, 'delta': 16, 'row_sim': 'euclidean', 'divide_to': 16} ===
[Master] Running worker for {'scale': 0.05, 'delta': 16, 'row_sim': 'euclidean', 'divide_to': 16}
AAAAAA {'delta_pf_key_on': 1, 'delta_type': 'row', 'scale': 0.05, 'delta_mlp': 'Regular', 'row_delta_threshold': 16.0, 'row_similarity_metric': 'euclidean', 'divide_to': 16, 'flash': True}
[Worker] Setting safe globVR defaults for model initialization...
[Worker] '--long_bench' triggered. Running 4 LongBench tasks.
[Worker] Loading Model: meta-llama/Meta-Llama-3.1-8B-Instruct...
[Worker] Model loaded safely. Applying row_delta settings: {'delta_pf_key_on': 1, 'delta_type': 'row', 'scale': 0.05, 'delta_mlp': 'Regular', 'row_delta_threshold': 16.0, 'row_similarity_metric': 'euclidean', 'divide_to': 16, 'flash': True}
[Config] Created new directory: snellius_experiments/llama/experiment_row_delta_2/config_16
--- Running Task: longbench_multifieldqa_en ---
  -> Pass: Measuring total benchmark time AND internal latency breakdown (internal syncs ON)
    - Setting time_internal: True
    - Task 'longbench_multifieldqa_en' completed in 93.41 seconds.
Task: longbench_multifieldqa_en | Acc: 0.5144 | Total Time: 93.41s
{
    "task_name": "longbench_multifieldqa_en",
    "timestamp": "2026-04-09T01:03:42.220696",
    "shot": 0,
    "sparsity": 0.5644266052636907,
    "mlp_spars": 0.0,
    "benchmark_stats": {
        "num_passages": 100,
        "seq_len_avg": 6935.69,
        "seq_len_min": 1387,
        "seq_len_max": 15039,
        "seq_len_std": 3637.211826921825
    },
    "accuracy": 0.514417429401142,
    "timings": {
        "total_avg_ms": 4.591437432654202,
        "latency_breakdown_ms": {
            "time_get_row_delta": 0.6390140624111518,
            "time_delta_mm_pattern": 2.2322274615243076,
            "time_forward_total": 4.591437432654202
        }
    },
    "metrics": {
        "alias": "longbench_multifieldqa_en",
        "qa_f1_score,none": 0.514417429401142,
        "qa_f1_score_stderr,none": 0.03368229307309732
    },
    "total_benchmark_time_s": 93.40947103500366,
    "parameters": {
        "delta_pf_key_on": 1,
        "delta_type": "row",
        "scale": 0.05,
        "delta_mlp": "Regular",
        "row_delta_threshold": 16.0,
        "row_similarity_metric": "euclidean",
        "divide_to": 16,
        "flash": true
    },
    "experiment_type": "row_delta"
}
[IO] Saved full result to longbench_multifieldqa_en.json
--- Running Task: longbench_hotpotqa ---
  -> Pass: Measuring total benchmark time AND internal latency breakdown (internal syncs ON)
    - Setting time_internal: True
    - Task 'longbench_hotpotqa' completed in 85.80 seconds.
Task: longbench_hotpotqa | Acc: 0.4924 | Total Time: 85.80s
{
    "task_name": "longbench_hotpotqa",
    "timestamp": "2026-04-09T01:05:08.416298",
    "shot": 0,
    "sparsity": 0.5564322338832833,
    "mlp_spars": 0.0,
    "benchmark_stats": {
        "num_passages": 100,
        "seq_len_avg": 13116.25,
        "seq_len_min": 2289,
        "seq_len_max": 16437,
        "seq_len_std": 3543.0962966732923
    },
    "accuracy": 0.492422723475355,
    "timings": {
        "total_avg_ms": 9.766999432295561,
        "latency_breakdown_ms": {
            "time_get_row_delta": 0.7888522396795452,
            "time_delta_mm_pattern": 5.952347751175985,
            "time_forward_total": 9.766999432295561
        }
    },
    "metrics": {
        "alias": "longbench_hotpotqa",
        "qa_f1_score,none": 0.492422723475355,
        "qa_f1_score_stderr,none": 0.045638589154546834
    },
    "total_benchmark_time_s": 85.7970883846283,
    "parameters": {
        "delta_pf_key_on": 1,
        "delta_type": "row",
        "scale": 0.05,
        "delta_mlp": "Regular",
        "row_delta_threshold": 16.0,
        "row_similarity_metric": "euclidean",
        "divide_to": 16,
        "flash": true
    },
    "experiment_type": "row_delta"
}
[IO] Saved full result to longbench_hotpotqa.json
--- Running Task: longbench_narrativeqa ---
  -> Pass: Measuring total benchmark time AND internal latency breakdown (internal syncs ON)
    - Setting time_internal: True
    - Task 'longbench_narrativeqa' completed in 260.32 seconds.
Task: longbench_narrativeqa | Acc: 0.2731 | Total Time: 260.32s
{
    "task_name": "longbench_narrativeqa",
    "timestamp": "2026-04-09T01:09:29.135510",
    "shot": 0,
    "sparsity": 0.5259594815092986,
    "mlp_spars": 0.0,
    "benchmark_stats": {
        "num_passages": 100,
        "seq_len_avg": 29242.6,
        "seq_len_min": 8092,
        "seq_len_max": 65412,
        "seq_len_std": 16323.565525950511
    },
    "accuracy": 0.27307042287251004,
    "timings": {
        "total_avg_ms": 43.078752070069314,
        "latency_breakdown_ms": {
            "time_get_row_delta": 1.552617698777467,
            "time_delta_mm_pattern": 34.910157606713476,
            "time_forward_total": 43.078752070069314
        }
    },
    "metrics": {
        "alias": "longbench_narrativeqa",
        "qa_f1_score,none": 0.27307042287251004,
        "qa_f1_score_stderr,none": 0.028990764239130468
    },
    "total_benchmark_time_s": 260.3177373409271,
    "parameters": {
        "delta_pf_key_on": 1,
        "delta_type": "row",
        "scale": 0.05,
        "delta_mlp": "Regular",
        "row_delta_threshold": 16.0,
        "row_similarity_metric": "euclidean",
        "divide_to": 16,
        "flash": true
    },
    "experiment_type": "row_delta"
}
[IO] Saved full result to longbench_narrativeqa.json
--- Running Task: longbench_passage_retrieval_en ---
  -> Pass: Measuring total benchmark time AND internal latency breakdown (internal syncs ON)
    - Setting time_internal: True
    - Task 'longbench_passage_retrieval_en' completed in 77.20 seconds.
Task: longbench_passage_retrieval_en | Acc: 0.9200 | Total Time: 77.20s
{
    "task_name": "longbench_passage_retrieval_en",
    "timestamp": "2026-04-09T01:10:46.820812",
    "shot": 0,
    "sparsity": 0.5716536110885356,
    "mlp_spars": 0.0,
    "benchmark_stats": {
        "num_passages": 100,
        "seq_len_avg": 12644.36,
        "seq_len_min": 10061,
        "seq_len_max": 15253,
        "seq_len_std": 1204.6597239054688
    },
    "accuracy": 0.92,
    "timings": {
        "total_avg_ms": 9.003359914571046,
        "latency_breakdown_ms": {
            "time_get_row_delta": 0.7711305694282055,
            "time_delta_mm_pattern": 5.31099668815732,
            "time_forward_total": 9.003359914571046
        }
    },
    "metrics": {
        "alias": "longbench_passage_retrieval_en",
        "retrieval_score,none": 0.92,
        "retrieval_score_stderr,none": 0.027265992434429086
    },
    "total_benchmark_time_s": 77.20392298698425,
    "parameters": {
        "delta_pf_key_on": 1,
        "delta_type": "row",
        "scale": 0.05,
        "delta_mlp": "Regular",
        "row_delta_threshold": 16.0,
        "row_similarity_metric": "euclidean",
        "divide_to": 16,
        "flash": true
    },
    "experiment_type": "row_delta"
}
[IO] Saved full result to longbench_passage_retrieval_en.json
[Worker] Finished. Exiting.

=== Step 17/20: {'scale': 0.05, 'delta': 17, 'row_sim': 'euclidean', 'divide_to': 2} ===
[Master] Running worker for {'scale': 0.05, 'delta': 17, 'row_sim': 'euclidean', 'divide_to': 2}
AAAAAA {'delta_pf_key_on': 1, 'delta_type': 'row', 'scale': 0.05, 'delta_mlp': 'Regular', 'row_delta_threshold': 17.0, 'row_similarity_metric': 'euclidean', 'divide_to': 2, 'flash': True}
[Worker] Setting safe globVR defaults for model initialization...
[Worker] '--long_bench' triggered. Running 4 LongBench tasks.
[Worker] Loading Model: meta-llama/Meta-Llama-3.1-8B-Instruct...
[Worker] Model loaded safely. Applying row_delta settings: {'delta_pf_key_on': 1, 'delta_type': 'row', 'scale': 0.05, 'delta_mlp': 'Regular', 'row_delta_threshold': 17.0, 'row_similarity_metric': 'euclidean', 'divide_to': 2, 'flash': True}
[Config] Created new directory: snellius_experiments/llama/experiment_row_delta_2/config_17
--- Running Task: longbench_multifieldqa_en ---
  -> Pass: Measuring total benchmark time AND internal latency breakdown (internal syncs ON)
    - Setting time_internal: True
    - Task 'longbench_multifieldqa_en' completed in 98.46 seconds.
Task: longbench_multifieldqa_en | Acc: 0.4208 | Total Time: 98.46s
{
    "task_name": "longbench_multifieldqa_en",
    "timestamp": "2026-04-09T01:12:41.087778",
    "shot": 0,
    "sparsity": 0.6351603044529885,
    "mlp_spars": 0.0,
    "benchmark_stats": {
        "num_passages": 100,
        "seq_len_avg": 6935.69,
        "seq_len_min": 1387,
        "seq_len_max": 15039,
        "seq_len_std": 3637.211826921825
    },
    "accuracy": 0.42078500315231054,
    "timings": {
        "total_avg_ms": 5.808420802988112,
        "latency_breakdown_ms": {
            "time_get_row_delta": 2.1321854969579728,
            "time_delta_mm_pattern": 1.9640449487743898,
            "time_forward_total": 5.808420802988112
        }
    },
    "metrics": {
        "alias": "longbench_multifieldqa_en",
        "qa_f1_score,none": 0.42078500315231054,
        "qa_f1_score_stderr,none": 0.03407051312692218
    },
    "total_benchmark_time_s": 98.46234202384949,
    "parameters": {
        "delta_pf_key_on": 1,
        "delta_type": "row",
        "scale": 0.05,
        "delta_mlp": "Regular",
        "row_delta_threshold": 17.0,
        "row_similarity_metric": "euclidean",
        "divide_to": 2,
        "flash": true
    },
    "experiment_type": "row_delta"
}
[IO] Saved full result to longbench_multifieldqa_en.json
--- Running Task: longbench_hotpotqa ---
  -> Pass: Measuring total benchmark time AND internal latency breakdown (internal syncs ON)
    - Setting time_internal: True
    - Task 'longbench_hotpotqa' completed in 93.56 seconds.
Task: longbench_hotpotqa | Acc: 0.4298 | Total Time: 93.56s
{
    "task_name": "longbench_hotpotqa",
    "timestamp": "2026-04-09T01:14:15.036547",
    "shot": 0,
    "sparsity": 0.6282126323177823,
    "mlp_spars": 0.0,
    "benchmark_stats": {
        "num_passages": 100,
        "seq_len_avg": 13116.25,
        "seq_len_min": 2289,
        "seq_len_max": 16437,
        "seq_len_std": 3543.0962966732923
    },
    "accuracy": 0.4298415750915749,
    "timings": {
        "total_avg_ms": 12.239669172950089,
        "latency_breakdown_ms": {
            "time_get_row_delta": 4.09317757062614,
            "time_delta_mm_pattern": 5.139677474414929,
            "time_forward_total": 12.239669172950089
        }
    },
    "metrics": {
        "alias": "longbench_hotpotqa",
        "qa_f1_score,none": 0.4298415750915749,
        "qa_f1_score_stderr,none": 0.04348914386940781
    },
    "total_benchmark_time_s": 93.56354022026062,
    "parameters": {
        "delta_pf_key_on": 1,
        "delta_type": "row",
        "scale": 0.05,
        "delta_mlp": "Regular",
        "row_delta_threshold": 17.0,
        "row_similarity_metric": "euclidean",
        "divide_to": 2,
        "flash": true
    },
    "experiment_type": "row_delta"
}
[IO] Saved full result to longbench_hotpotqa.json
--- Running Task: longbench_narrativeqa ---
  -> Pass: Measuring total benchmark time AND internal latency breakdown (internal syncs ON)
    - Setting time_internal: True
    - Task 'longbench_narrativeqa' completed in 274.66 seconds.
Task: longbench_narrativeqa | Acc: 0.2371 | Total Time: 274.66s
{
    "task_name": "longbench_narrativeqa",
    "timestamp": "2026-04-09T01:18:50.087617",
    "shot": 0,
    "sparsity": 0.5973989760298948,
    "mlp_spars": 0.0,
    "benchmark_stats": {
        "num_passages": 100,
        "seq_len_avg": 29242.6,
        "seq_len_min": 8092,
        "seq_len_max": 65412,
        "seq_len_std": 16323.565525950511
    },
    "accuracy": 0.23708270194369788,
    "timings": {
        "total_avg_ms": 45.862803908735515,
        "latency_breakdown_ms": {
            "time_get_row_delta": 9.19507447488606,
            "time_delta_mm_pattern": 30.09358772777021,
            "time_forward_total": 45.862803908735515
        }
    },
    "metrics": {
        "alias": "longbench_narrativeqa",
        "qa_f1_score,none": 0.23708270194369788,
        "qa_f1_score_stderr,none": 0.027018431416515814
    },
    "total_benchmark_time_s": 274.65572810173035,
    "parameters": {
        "delta_pf_key_on": 1,
        "delta_type": "row",
        "scale": 0.05,
        "delta_mlp": "Regular",
        "row_delta_threshold": 17.0,
        "row_similarity_metric": "euclidean",
        "divide_to": 2,
        "flash": true
    },
    "experiment_type": "row_delta"
}
[IO] Saved full result to longbench_narrativeqa.json
--- Running Task: longbench_passage_retrieval_en ---
  -> Pass: Measuring total benchmark time AND internal latency breakdown (internal syncs ON)
    - Setting time_internal: True
    - Task 'longbench_passage_retrieval_en' completed in 86.95 seconds.
Task: longbench_passage_retrieval_en | Acc: 0.9133 | Total Time: 86.95s
{
    "task_name": "longbench_passage_retrieval_en",
    "timestamp": "2026-04-09T01:20:17.526737",
    "shot": 0,
    "sparsity": 0.6405439866005793,
    "mlp_spars": 0.0,
    "benchmark_stats": {
        "num_passages": 100,
        "seq_len_avg": 12644.36,
        "seq_len_min": 10061,
        "seq_len_max": 15253,
        "seq_len_std": 1204.6597239054688
    },
    "accuracy": 0.9133333333333334,
    "timings": {
        "total_avg_ms": 11.526396852880715,
        "latency_breakdown_ms": {
            "time_get_row_delta": 4.005054364278912,
            "time_delta_mm_pattern": 4.617258089482784,
            "time_forward_total": 11.526396852880715
        }
    },
    "metrics": {
        "alias": "longbench_passage_retrieval_en",
        "retrieval_score,none": 0.9133333333333334,
        "retrieval_score_stderr,none": 0.027876591920541132
    },
    "total_benchmark_time_s": 86.95411920547485,
    "parameters": {
        "delta_pf_key_on": 1,
        "delta_type": "row",
        "scale": 0.05,
        "delta_mlp": "Regular",
        "row_delta_threshold": 17.0,
        "row_similarity_metric": "euclidean",
        "divide_to": 2,
        "flash": true
    },
    "experiment_type": "row_delta"
}
[IO] Saved full result to longbench_passage_retrieval_en.json
[Worker] Finished. Exiting.

=== Step 18/20: {'scale': 0.05, 'delta': 17, 'row_sim': 'euclidean', 'divide_to': 4} ===
[Master] Running worker for {'scale': 0.05, 'delta': 17, 'row_sim': 'euclidean', 'divide_to': 4}
AAAAAA {'delta_pf_key_on': 1, 'delta_type': 'row', 'scale': 0.05, 'delta_mlp': 'Regular', 'row_delta_threshold': 17.0, 'row_similarity_metric': 'euclidean', 'divide_to': 4, 'flash': True}
[Worker] Setting safe globVR defaults for model initialization...
[Worker] '--long_bench' triggered. Running 4 LongBench tasks.
[Worker] Loading Model: meta-llama/Meta-Llama-3.1-8B-Instruct...
[Worker] Model loaded safely. Applying row_delta settings: {'delta_pf_key_on': 1, 'delta_type': 'row', 'scale': 0.05, 'delta_mlp': 'Regular', 'row_delta_threshold': 17.0, 'row_similarity_metric': 'euclidean', 'divide_to': 4, 'flash': True}
[Config] Created new directory: snellius_experiments/llama/experiment_row_delta_2/config_18
--- Running Task: longbench_multifieldqa_en ---
  -> Pass: Measuring total benchmark time AND internal latency breakdown (internal syncs ON)
    - Setting time_internal: True
    - Task 'longbench_multifieldqa_en' completed in 92.93 seconds.
Task: longbench_multifieldqa_en | Acc: 0.4580 | Total Time: 92.93s
{
    "task_name": "longbench_multifieldqa_en",
    "timestamp": "2026-04-09T01:22:06.310640",
    "shot": 0,
    "sparsity": 0.6350415070739028,
    "mlp_spars": 0.0,
    "benchmark_stats": {
        "num_passages": 100,
        "seq_len_avg": 6935.69,
        "seq_len_min": 1387,
        "seq_len_max": 15039,
        "seq_len_std": 3637.211826921825
    },
    "accuracy": 0.4579825109120073,
    "timings": {
        "total_avg_ms": 4.98784103307873,
        "latency_breakdown_ms": {
            "time_get_row_delta": 1.3085362411942334,
            "time_delta_mm_pattern": 1.968281389796175,
            "time_forward_total": 4.98784103307873
        }
    },
    "metrics": {
        "alias": "longbench_multifieldqa_en",
        "qa_f1_score,none": 0.4579825109120073,
        "qa_f1_score_stderr,none": 0.03507931811641189
    },
    "total_benchmark_time_s": 92.92579174041748,
    "parameters": {
        "delta_pf_key_on": 1,
        "delta_type": "row",
        "scale": 0.05,
        "delta_mlp": "Regular",
        "row_delta_threshold": 17.0,
        "row_similarity_metric": "euclidean",
        "divide_to": 4,
        "flash": true
    },
    "experiment_type": "row_delta"
}
[IO] Saved full result to longbench_multifieldqa_en.json
--- Running Task: longbench_hotpotqa ---
  -> Pass: Measuring total benchmark time AND internal latency breakdown (internal syncs ON)
    - Setting time_internal: True
    - Task 'longbench_hotpotqa' completed in 89.11 seconds.
Task: longbench_hotpotqa | Acc: 0.4825 | Total Time: 89.11s
{
    "task_name": "longbench_hotpotqa",
    "timestamp": "2026-04-09T01:23:35.802533",
    "shot": 0,
    "sparsity": 0.6268782553404966,
    "mlp_spars": 0.0,
    "benchmark_stats": {
        "num_passages": 100,
        "seq_len_avg": 13116.25,
        "seq_len_min": 2289,
        "seq_len_max": 16437,
        "seq_len_std": 3543.0962966732923
    },
    "accuracy": 0.48254684204684195,
    "timings": {
        "total_avg_ms": 10.381797248162329,
        "latency_breakdown_ms": {
            "time_get_row_delta": 2.2255012593884023,
            "time_delta_mm_pattern": 5.15056335285306,
            "time_forward_total": 10.381797248162329
        }
    },
    "metrics": {
        "alias": "longbench_hotpotqa",
        "qa_f1_score,none": 0.48254684204684195,
        "qa_f1_score_stderr,none": 0.044295719939422905
    },
    "total_benchmark_time_s": 89.1108992099762,
    "parameters": {
        "delta_pf_key_on": 1,
        "delta_type": "row",
        "scale": 0.05,
        "delta_mlp": "Regular",
        "row_delta_threshold": 17.0,
        "row_similarity_metric": "euclidean",
        "divide_to": 4,
        "flash": true
    },
    "experiment_type": "row_delta"
}
[IO] Saved full result to longbench_hotpotqa.json
--- Running Task: longbench_narrativeqa ---
  -> Pass: Measuring total benchmark time AND internal latency breakdown (internal syncs ON)
    - Setting time_internal: True
    - Task 'longbench_narrativeqa' completed in 259.66 seconds.
Task: longbench_narrativeqa | Acc: 0.2708 | Total Time: 259.66s
{
    "task_name": "longbench_narrativeqa",
    "timestamp": "2026-04-09T01:27:55.845088",
    "shot": 0,
    "sparsity": 0.5973780737630272,
    "mlp_spars": 0.0,
    "benchmark_stats": {
        "num_passages": 100,
        "seq_len_avg": 29242.6,
        "seq_len_min": 8092,
        "seq_len_max": 65412,
        "seq_len_std": 16323.565525950511
    },
    "accuracy": 0.2707657496571543,
    "timings": {
        "total_avg_ms": 41.7106021283567,
        "latency_breakdown_ms": {
            "time_get_row_delta": 4.869875910654664,
            "time_delta_mm_pattern": 30.260718215331437,
            "time_forward_total": 41.7106021283567
        }
    },
    "metrics": {
        "alias": "longbench_narrativeqa",
        "qa_f1_score,none": 0.2707657496571543,
        "qa_f1_score_stderr,none": 0.030331670202716265
    },
    "total_benchmark_time_s": 259.6582262516022,
    "parameters": {
        "delta_pf_key_on": 1,
        "delta_type": "row",
        "scale": 0.05,
        "delta_mlp": "Regular",
        "row_delta_threshold": 17.0,
        "row_similarity_metric": "euclidean",
        "divide_to": 4,
        "flash": true
    },
    "experiment_type": "row_delta"
}
[IO] Saved full result to longbench_narrativeqa.json
--- Running Task: longbench_passage_retrieval_en ---
  -> Pass: Measuring total benchmark time AND internal latency breakdown (internal syncs ON)
    - Setting time_internal: True
    - Task 'longbench_passage_retrieval_en' completed in 79.55 seconds.
Task: longbench_passage_retrieval_en | Acc: 0.8900 | Total Time: 79.55s
{
    "task_name": "longbench_passage_retrieval_en",
    "timestamp": "2026-04-09T01:29:15.870401",
    "shot": 0,
    "sparsity": 0.6416126978300556,
    "mlp_spars": 0.0,
    "benchmark_stats": {
        "num_passages": 100,
        "seq_len_avg": 12644.36,
        "seq_len_min": 10061,
        "seq_len_max": 15253,
        "seq_len_std": 1204.6597239054688
    },
    "accuracy": 0.89,
    "timings": {
        "total_avg_ms": 9.695958119183778,
        "latency_breakdown_ms": {
            "time_get_row_delta": 2.1704095609113576,
            "time_delta_mm_pattern": 4.62104591101408,
            "time_forward_total": 9.695958119183778
        }
    },
    "metrics": {
        "alias": "longbench_passage_retrieval_en",
        "retrieval_score,none": 0.89,
        "retrieval_score_stderr,none": 0.03144660377352202
    },
    "total_benchmark_time_s": 79.54995942115784,
    "parameters": {
        "delta_pf_key_on": 1,
        "delta_type": "row",
        "scale": 0.05,
        "delta_mlp": "Regular",
        "row_delta_threshold": 17.0,
        "row_similarity_metric": "euclidean",
        "divide_to": 4,
        "flash": true
    },
    "experiment_type": "row_delta"
}
[IO] Saved full result to longbench_passage_retrieval_en.json
[Worker] Finished. Exiting.

=== Step 19/20: {'scale': 0.05, 'delta': 17, 'row_sim': 'euclidean', 'divide_to': 8} ===
[Master] Running worker for {'scale': 0.05, 'delta': 17, 'row_sim': 'euclidean', 'divide_to': 8}
AAAAAA {'delta_pf_key_on': 1, 'delta_type': 'row', 'scale': 0.05, 'delta_mlp': 'Regular', 'row_delta_threshold': 17.0, 'row_similarity_metric': 'euclidean', 'divide_to': 8, 'flash': True}
[Worker] Setting safe globVR defaults for model initialization...
[Worker] '--long_bench' triggered. Running 4 LongBench tasks.
[Worker] Loading Model: meta-llama/Meta-Llama-3.1-8B-Instruct...
[Worker] Model loaded safely. Applying row_delta settings: {'delta_pf_key_on': 1, 'delta_type': 'row', 'scale': 0.05, 'delta_mlp': 'Regular', 'row_delta_threshold': 17.0, 'row_similarity_metric': 'euclidean', 'divide_to': 8, 'flash': True}
[Config] Created new directory: snellius_experiments/llama/experiment_row_delta_2/config_19
--- Running Task: longbench_multifieldqa_en ---
  -> Pass: Measuring total benchmark time AND internal latency breakdown (internal syncs ON)
    - Setting time_internal: True
    - Task 'longbench_multifieldqa_en' completed in 94.38 seconds.
Task: longbench_multifieldqa_en | Acc: 0.4774 | Total Time: 94.38s
{
    "task_name": "longbench_multifieldqa_en",
    "timestamp": "2026-04-09T01:31:06.055579",
    "shot": 0,
    "sparsity": 0.6344790405436955,
    "mlp_spars": 0.0,
    "benchmark_stats": {
        "num_passages": 100,
        "seq_len_avg": 6935.69,
        "seq_len_min": 1387,
        "seq_len_max": 15039,
        "seq_len_std": 3637.211826921825
    },
    "accuracy": 0.47737004473313893,
    "timings": {
        "total_avg_ms": 4.548951344080269,
        "latency_breakdown_ms": {
            "time_get_row_delta": 0.8653815525304526,
            "time_delta_mm_pattern": 1.9698826094437392,
            "time_forward_total": 4.548951344080269
        }
    },
    "metrics": {
        "alias": "longbench_multifieldqa_en",
        "qa_f1_score,none": 0.47737004473313893,
        "qa_f1_score_stderr,none": 0.0335116269997696
    },
    "total_benchmark_time_s": 94.37507629394531,
    "parameters": {
        "delta_pf_key_on": 1,
        "delta_type": "row",
        "scale": 0.05,
        "delta_mlp": "Regular",
        "row_delta_threshold": 17.0,
        "row_similarity_metric": "euclidean",
        "divide_to": 8,
        "flash": true
    },
    "experiment_type": "row_delta"
}
[IO] Saved full result to longbench_multifieldqa_en.json
--- Running Task: longbench_hotpotqa ---
  -> Pass: Measuring total benchmark time AND internal latency breakdown (internal syncs ON)
    - Setting time_internal: True
    - Task 'longbench_hotpotqa' completed in 87.89 seconds.
Task: longbench_hotpotqa | Acc: 0.5152 | Total Time: 87.89s
{
    "task_name": "longbench_hotpotqa",
    "timestamp": "2026-04-09T01:32:34.335196",
    "shot": 0,
    "sparsity": 0.6257203557250163,
    "mlp_spars": 0.0,
    "benchmark_stats": {
        "num_passages": 100,
        "seq_len_avg": 13116.25,
        "seq_len_min": 2289,
        "seq_len_max": 16437,
        "seq_len_std": 3543.0962966732923
    },
    "accuracy": 0.5152441231283336,
    "timings": {
        "total_avg_ms": 9.440497653149068,
        "latency_breakdown_ms": {
            "time_get_row_delta": 1.2660998792853206,
            "time_delta_mm_pattern": 5.168771916953847,
            "time_forward_total": 9.440497653149068
        }
    },
    "metrics": {
        "alias": "longbench_hotpotqa",
        "qa_f1_score,none": 0.5152441231283336,
        "qa_f1_score_stderr,none": 0.04399888545572116
    },
    "total_benchmark_time_s": 87.89355325698853,
    "parameters": {
        "delta_pf_key_on": 1,
        "delta_type": "row",
        "scale": 0.05,
        "delta_mlp": "Regular",
        "row_delta_threshold": 17.0,
        "row_similarity_metric": "euclidean",
        "divide_to": 8,
        "flash": true
    },
    "experiment_type": "row_delta"
}
[IO] Saved full result to longbench_hotpotqa.json
--- Running Task: longbench_narrativeqa ---
  -> Pass: Measuring total benchmark time AND internal latency breakdown (internal syncs ON)
    - Setting time_internal: True
    - Task 'longbench_narrativeqa' completed in 253.17 seconds.
Task: longbench_narrativeqa | Acc: 0.2716 | Total Time: 253.17s
{
    "task_name": "longbench_narrativeqa",
    "timestamp": "2026-04-09T01:36:47.887111",
    "shot": 0,
    "sparsity": 0.5969503121312725,
    "mlp_spars": 0.0,
    "benchmark_stats": {
        "num_passages": 100,
        "seq_len_avg": 29242.6,
        "seq_len_min": 8092,
        "seq_len_max": 65412,
        "seq_len_std": 16323.565525950511
    },
    "accuracy": 0.2716347136334348,
    "timings": {
        "total_avg_ms": 39.553813374340535,
        "latency_breakdown_ms": {
            "time_get_row_delta": 2.646972651761025,
            "time_delta_mm_pattern": 30.327515028752387,
            "time_forward_total": 39.553813374340535
        }
    },
    "metrics": {
        "alias": "longbench_narrativeqa",
        "qa_f1_score,none": 0.2716347136334348,
        "qa_f1_score_stderr,none": 0.028929638508615785
    },
    "total_benchmark_time_s": 253.17172360420227,
    "parameters": {
        "delta_pf_key_on": 1,
        "delta_type": "row",
        "scale": 0.05,
        "delta_mlp": "Regular",
        "row_delta_threshold": 17.0,
        "row_similarity_metric": "euclidean",
        "divide_to": 8,
        "flash": true
    },
    "experiment_type": "row_delta"
}
[IO] Saved full result to longbench_narrativeqa.json
--- Running Task: longbench_passage_retrieval_en ---
  -> Pass: Measuring total benchmark time AND internal latency breakdown (internal syncs ON)
    - Setting time_internal: True
    - Task 'longbench_passage_retrieval_en' completed in 76.19 seconds.
Task: longbench_passage_retrieval_en | Acc: 0.8900 | Total Time: 76.19s
{
    "task_name": "longbench_passage_retrieval_en",
    "timestamp": "2026-04-09T01:38:04.971055",
    "shot": 0,
    "sparsity": 0.641282583622088,
    "mlp_spars": 0.0,
    "benchmark_stats": {
        "num_passages": 100,
        "seq_len_avg": 12644.36,
        "seq_len_min": 10061,
        "seq_len_max": 15253,
        "seq_len_std": 1204.6597239054688
    },
    "accuracy": 0.89,
    "timings": {
        "total_avg_ms": 8.781655448675156,
        "latency_breakdown_ms": {
            "time_get_row_delta": 1.238938559629023,
            "time_delta_mm_pattern": 4.6380327488482,
            "time_forward_total": 8.781655448675156
        }
    },
    "metrics": {
        "alias": "longbench_passage_retrieval_en",
        "retrieval_score,none": 0.89,
        "retrieval_score_stderr,none": 0.03144660377352202
    },
    "total_benchmark_time_s": 76.18621039390564,
    "parameters": {
        "delta_pf_key_on": 1,
        "delta_type": "row",
        "scale": 0.05,
        "delta_mlp": "Regular",
        "row_delta_threshold": 17.0,
        "row_similarity_metric": "euclidean",
        "divide_to": 8,
        "flash": true
    },
    "experiment_type": "row_delta"
}
[IO] Saved full result to longbench_passage_retrieval_en.json
[Worker] Finished. Exiting.

=== Step 20/20: {'scale': 0.05, 'delta': 17, 'row_sim': 'euclidean', 'divide_to': 16} ===
[Master] Running worker for {'scale': 0.05, 'delta': 17, 'row_sim': 'euclidean', 'divide_to': 16}
AAAAAA {'delta_pf_key_on': 1, 'delta_type': 'row', 'scale': 0.05, 'delta_mlp': 'Regular', 'row_delta_threshold': 17.0, 'row_similarity_metric': 'euclidean', 'divide_to': 16, 'flash': True}
[Worker] Setting safe globVR defaults for model initialization...
[Worker] '--long_bench' triggered. Running 4 LongBench tasks.
[Worker] Loading Model: meta-llama/Meta-Llama-3.1-8B-Instruct...
[Worker] Model loaded safely. Applying row_delta settings: {'delta_pf_key_on': 1, 'delta_type': 'row', 'scale': 0.05, 'delta_mlp': 'Regular', 'row_delta_threshold': 17.0, 'row_similarity_metric': 'euclidean', 'divide_to': 16, 'flash': True}
[Config] Created new directory: snellius_experiments/llama/experiment_row_delta_2/config_20
--- Running Task: longbench_multifieldqa_en ---
  -> Pass: Measuring total benchmark time AND internal latency breakdown (internal syncs ON)
    - Setting time_internal: True
    - Task 'longbench_multifieldqa_en' completed in 96.79 seconds.
Task: longbench_multifieldqa_en | Acc: 0.4690 | Total Time: 96.79s
{
    "task_name": "longbench_multifieldqa_en",
    "timestamp": "2026-04-09T01:39:58.422976",
    "shot": 0,
    "sparsity": 0.6315670723682971,
    "mlp_spars": 0.0,
    "benchmark_stats": {
        "num_passages": 100,
        "seq_len_avg": 6935.69,
        "seq_len_min": 1387,
        "seq_len_max": 15039,
        "seq_len_std": 3637.211826921825
    },
    "accuracy": 0.4689949963018261,
    "timings": {
        "total_avg_ms": 4.337557097245008,
        "latency_breakdown_ms": {
            "time_get_row_delta": 0.6457819113647565,
            "time_delta_mm_pattern": 1.9775846387585625,
            "time_forward_total": 4.337557097245008
        }
    },
    "metrics": {
        "alias": "longbench_multifieldqa_en",
        "qa_f1_score,none": 0.4689949963018261,
        "qa_f1_score_stderr,none": 0.032883876236477566
    },
    "total_benchmark_time_s": 96.79442501068115,
    "parameters": {
        "delta_pf_key_on": 1,
        "delta_type": "row",
        "scale": 0.05,
        "delta_mlp": "Regular",
        "row_delta_threshold": 17.0,
        "row_similarity_metric": "euclidean",
        "divide_to": 16,
        "flash": true
    },
    "experiment_type": "row_delta"
}
[IO] Saved full result to longbench_multifieldqa_en.json
--- Running Task: longbench_hotpotqa ---
  -> Pass: Measuring total benchmark time AND internal latency breakdown (internal syncs ON)
    - Setting time_internal: True
    - Task 'longbench_hotpotqa' completed in 83.63 seconds.
Task: longbench_hotpotqa | Acc: 0.4912 | Total Time: 83.63s
{
    "task_name": "longbench_hotpotqa",
    "timestamp": "2026-04-09T01:41:22.440191",
    "shot": 0,
    "sparsity": 0.6246228955227626,
    "mlp_spars": 0.0,
    "benchmark_stats": {
        "num_passages": 100,
        "seq_len_avg": 13116.25,
        "seq_len_min": 2289,
        "seq_len_max": 16437,
        "seq_len_std": 3543.0962966732923
    },
    "accuracy": 0.49120424836601295,
    "timings": {
        "total_avg_ms": 8.983313375525176,
        "latency_breakdown_ms": {
            "time_get_row_delta": 0.7898942901194096,
            "time_delta_mm_pattern": 5.180826672650873,
            "time_forward_total": 8.983313375525176
        }
    },
    "metrics": {
        "alias": "longbench_hotpotqa",
        "qa_f1_score,none": 0.49120424836601295,
        "qa_f1_score_stderr,none": 0.04450382764045075
    },
    "total_benchmark_time_s": 83.62629508972168,
    "parameters": {
        "delta_pf_key_on": 1,
        "delta_type": "row",
        "scale": 0.05,
        "delta_mlp": "Regular",
        "row_delta_threshold": 17.0,
        "row_similarity_metric": "euclidean",
        "divide_to": 16,
        "flash": true
    },
    "experiment_type": "row_delta"
}
[IO] Saved full result to longbench_hotpotqa.json
--- Running Task: longbench_narrativeqa ---
  -> Pass: Measuring total benchmark time AND internal latency breakdown (internal syncs ON)
    - Setting time_internal: True
    - Task 'longbench_narrativeqa' completed in 251.85 seconds.
Task: longbench_narrativeqa | Acc: 0.3007 | Total Time: 251.85s
{
    "task_name": "longbench_narrativeqa",
    "timestamp": "2026-04-09T01:45:34.680529",
    "shot": 0,
    "sparsity": 0.5964852634770034,
    "mlp_spars": 0.0,
    "benchmark_stats": {
        "num_passages": 100,
        "seq_len_avg": 29242.6,
        "seq_len_min": 8092,
        "seq_len_max": 65412,
        "seq_len_std": 16323.565525950511
    },
    "accuracy": 0.3006911904312384,
    "timings": {
        "total_avg_ms": 38.59424129351974,
        "latency_breakdown_ms": {
            "time_get_row_delta": 1.5484589104354383,
            "time_delta_mm_pattern": 30.44997214782983,
            "time_forward_total": 38.59424129351974
        }
    },
    "metrics": {
        "alias": "longbench_narrativeqa",
        "qa_f1_score,none": 0.3006911904312384,
        "qa_f1_score_stderr,none": 0.031047053097422554
    },
    "total_benchmark_time_s": 251.84903049468994,
    "parameters": {
        "delta_pf_key_on": 1,
        "delta_type": "row",
        "scale": 0.05,
        "delta_mlp": "Regular",
        "row_delta_threshold": 17.0,
        "row_similarity_metric": "euclidean",
        "divide_to": 16,
        "flash": true
    },
    "experiment_type": "row_delta"
}
[IO] Saved full result to longbench_narrativeqa.json
--- Running Task: longbench_passage_retrieval_en ---
  -> Pass: Measuring total benchmark time AND internal latency breakdown (internal syncs ON)
    - Setting time_internal: True
    - Task 'longbench_passage_retrieval_en' completed in 76.15 seconds.
Task: longbench_passage_retrieval_en | Acc: 0.8950 | Total Time: 76.15s
{
    "task_name": "longbench_passage_retrieval_en",
    "timestamp": "2026-04-09T01:46:51.310252",
    "shot": 0,
    "sparsity": 0.6404321654287535,
    "mlp_spars": 0.0,
    "benchmark_stats": {
        "num_passages": 100,
        "seq_len_avg": 12644.36,
        "seq_len_min": 10061,
        "seq_len_max": 15253,
        "seq_len_std": 1204.6597239054688
    },
    "accuracy": 0.895,
    "timings": {
        "total_avg_ms": 8.332430947721004,
        "latency_breakdown_ms": {
            "time_get_row_delta": 0.7732336602546275,
            "time_delta_mm_pattern": 4.648241942226886,
            "time_forward_total": 8.332430947721004
        }
    },
    "metrics": {
        "alias": "longbench_passage_retrieval_en",
        "retrieval_score,none": 0.895,
        "retrieval_score_stderr,none": 0.03039720215726933
    },
    "total_benchmark_time_s": 76.14788055419922,
    "parameters": {
        "delta_pf_key_on": 1,
        "delta_type": "row",
        "scale": 0.05,
        "delta_mlp": "Regular",
        "row_delta_threshold": 17.0,
        "row_similarity_metric": "euclidean",
        "divide_to": 16,
        "flash": true
    },
    "experiment_type": "row_delta"
}
[IO] Saved full result to longbench_passage_retrieval_en.json
[Worker] Finished. Exiting.
