Task,ID,Prediction
niah_single_1,171880,The special magic number for harmonious-uniform is: 2338687.
niah_single_1,334508,The special magic number for loving-cockroach is: 5663623.
niah_single_1,262150,The special magic number for discreet-commodity is: 7210606.
niah_single_1,477968,The special magic number for uncovered-turkey is: 5479144.
niah_single_1,393993,The special magic number for strong-hive is: 3871230.
niah_single_1,279968,The special magic number for disgusted-buckle is: 8755439.
niah_single_1,239287,The special magic number for terrible-online is: 4684531.
niah_single_1,232806,1538552.
niah_single_1,155767,The special magic number for grandiose-clave is 2110460.
niah_single_1,291933,The special magic number for fair-yogurt is: 9375710.
niah_single_1,103118,The special magic number for deafening-radish is 5443951.
niah_single_1,431164,The special magic number for shiny-fleece is: 5408072.
niah_single_1,267096,The special magic number for solid-sanction is: 7700828.
niah_single_1,364024,The special magic number for dark-boyhood is: 9548432.
niah_single_1,112929,The special magic number for annoying-doorbell is: 2839607.
niah_single_1,439894,The special magic number for used-postfix is: 8082668.
niah_single_1,439534,The special magic number for lush-tornado is 7402509.
niah_single_1,408131,The special magic number for rhetorical-industry is: 5218028.
niah_single_1,396062,The special magic number for used-hound is: 2921859.
niah_single_1,82414,The special magic number for tested-shout is 6707197.
niah_single_1,334692,The special magic number for nondescript-rotation is: 3653446.
niah_single_1,369248,The special magic number for workable-chateau is: 5418934.
niah_single_1,461222,The special magic number for quick-vane is: 2785277.
niah_single_1,449169,The special magic number for tenuous-epauliere is: 9517169.
niah_single_1,119320,The special magic number for deranged-asparagus is 7273233.
niah_single_1,360427,The special magic number for stale-spaghetti is: 6438436.
niah_single_1,226957,The special magic number for colossal-friend is: 7089806.
niah_single_1,418478,The special magic number for average-pendulum is: 5041154.
niah_single_1,51186,The special magic number for bright-urgency is 9153566.
niah_single_1,405516,The special magic number for cultured-silly is: 8973915.
niah_single_1,447455,The special magic number for good-standoff is: 9852897.
niah_single_1,230013,The special magic number for faint-water is: 4374754.
niah_single_1,323173,The special magic number for undesirable-signature is: 7264956.
niah_single_1,165845,The special magic number for crabby-player is: 5159166.
niah_single_1,433958,The special magic number for invincible-cocoa is: 1352896.
niah_single_1,5470,The special magic number for spectacular-spleen is 4694634.
niah_single_1,168994,The special magic number for wet-lollipop is: 1987737.
niah_single_1,52447,The special magic number for afraid-stir-fry is 6543670.
niah_single_1,158201,The special magic number for guiltless-ice-cream is: 9143903.
niah_single_1,179345,The special magic number for worried-purse is: 8930103.
niah_single_1,69730,The special magic number for mindless-kilometer is 4194548.
niah_single_1,261426,The special magic number for troubled-board is: 8231838.
niah_single_1,40118,The special magic number for moaning-kilogram is 8835373.
niah_single_1,250357,The special magic number for axiomatic-watch is: 7754864.
niah_single_1,140469,The special magic number for furtive-milestone is: 4214348.
niah_single_1,135520,The special magic number for dazzling-godparent is: 8077999.
niah_single_1,55784,The special magic number for overconfident-creditor is 5191056.
niah_single_1,37507,The special magic number for scattered-prize is 2642635.
niah_single_1,122827,The special magic number for capricious-foal is 4965789.
niah_single_1,157835,The special magic number for plucky-prefix is: 9075854.
niah_single_1,279603,The special magic number for aware-louse is: 3762152.
niah_single_1,335676,The special magic number for madly-titanium is: 5449368.
niah_single_1,114364,The special magic number for nasty-course is 9164991.
niah_single_1,43354,The special magic number for helpless-yew is 4652414.
niah_single_1,37146,The special magic number for hurried-tensor is 1959074.
niah_single_1,116260,The special magic number for purring-watercress is 9910817.
niah_single_1,137224,The special magic number for quickest-car is: 2344047.
niah_single_1,173584,The special magic number for squalid-yarn is: 2140194.
niah_single_1,427029,The special magic number for cowardly-duckling is: 5130808.
niah_single_1,309304,The special magic number for swift-bronze is: 2375453.
niah_single_1,231816,The special magic number for gleaming-manor is: 4426900.
niah_single_1,96725,The special magic number for goofy-manacle is 7640184.
niah_single_1,53705,The special magic number for orange-mangle is 6304573.
niah_single_1,54245,The special magic number for ordinary-stem is 2677407.
niah_single_1,97905,The special magic number for quarrelsome-realization is 5449324.
niah_single_1,272675,The special magic number for billowy-blend is: 5098412.
niah_single_1,400746,The special magic number for different-burn is: 8351517.
niah_single_1,6011,The special magic number for subsequent-motorcar is 9874152.
niah_single_1,99240,The special magic number for ugly-map is 2737893.
niah_single_1,408126,The special magic number for condemned-scam is: 2795765.
niah_single_1,446111,5727085.
niah_single_1,150274,The special magic number for witty-offset is: 6752576.
niah_single_1,185382,The special magic number for quarrelsome-casualty is 9196204.
niah_single_1,204187,The special magic number for capable-citizen is: 8106422.
niah_single_1,96640,The special magic number for abashed-girlfriend is 6596150.
niah_single_1,406954,The special magic number for dirty-stress is: 8412769.
niah_single_1,82684,The special magic number for sharp-season is: 1162230.
niah_single_1,402454,The special magic number for vigorous-rag is: 3500715.
niah_single_1,317045,The special magic number for lewd-porthole is: 3484601.
niah_single_1,269086,The special magic number for ambitious-reorganisation is: 6171716.
niah_single_1,184215,The special magic number for lackadaisical-modernity is: 4524499.
niah_single_1,457804,The special magic number for knotty-inlay mentioned in the provided text is: 7817881.
niah_single_1,130744,The special magic number for foamy-sneeze is 3726327.
niah_single_1,245136,The special magic number for ad hoc-picture is: 4009172.
niah_single_1,196897,The special magic number for uncovered-nymph is: 5163555.
niah_single_1,282210,The special magic number for wary-gum is: 2813543.
niah_single_1,147316,The special magic number for parsimonious-conditioner is 4731818.
niah_single_1,168004,The special magic number for jumpy-kinase is 6120253.
niah_single_1,294009,The special magic number for acrid-disposition is 4240180.
niah_single_1,205987,The special magic number for guiltless-nurse is 2164686.
niah_single_1,294907,The special magic number for testy-hydrocarb is: 9546409.
niah_single_1,192757,The special magic number for adhesive-catsup is 2935113.
niah_single_1,28415,The special magic number for snotty-canvas is 5453786.
niah_single_1,255040,8290770.
niah_single_1,85480,The special magic number for nostalgic-scallops is: 9580255.
niah_single_1,187984,The special magic number for smiling-coil is: 4188992.
niah_single_1,1418,The special magic number for whimsical-prince is 8315831.
niah_single_1,51810,8235969.
niah_single_1,489303,The special magic number for tacit-scope mentioned in the provided text is: 6266630.
niah_single_1,374107,The special magic number for wonderful-diary is: 6038571.
niah_single_1,240730,The special magic number for unadvised-survival is 7851696.
niah_single_1,408941,The special magic number for wakeful-fundraising is: 5960271.
niah_single_1,490472,The special magic number for empty-drop is: 8053918.
niah_single_1,454024,The special magic number for upbeat-satin is: 3919694.
niah_single_1,224259,The special magic number for mighty-distortion is: 1006810.
niah_single_1,427834,The special magic number for fabulous-way is: 8212326.
niah_single_1,326229,The special magic number for overt-celebration is: 8411939.
niah_single_1,125349,The special magic number for rabid-discrepancy is 8938746.
niah_single_1,489668,The special magic number for halting-affinity mentioned in the provided text is: 9647849.
niah_single_1,229028,The special magic number for capricious-lever is: 4940441.
niah_single_1,18244,The special magic number for erect-elixir is 3472189.
niah_single_1,450874,The special magic number for fretful-stag is: 8971465.
niah_single_1,464555,The special magic number for open-elephant is: 7953166.
niah_single_1,364663,7442089
niah_single_1,483909,The special magic number for fresh-secretariat is: 3475836.
niah_single_1,161523,The special magic number for clever-spit is 8132769.
niah_single_1,342695,The special magic number for wacky-sandbar is: 9689889.
niah_single_1,89710,The special magic number for selfish-impairment is 5180853.
niah_single_1,391833,The special magic number for daffy-treat is: 8795419.
niah_single_1,314796,The special magic number for oafish-harvest is: 9468772.
niah_single_1,331988,The special magic number for difficult-stucco is: 8963715.
niah_single_1,384548,The special magic number for functional-sitar is: 5652512.
niah_single_1,202652,The special magic number for tan-creche is: 5013879.
niah_single_1,173043,The special magic number for bored-spool is: 5793722.
niah_single_1,398408,The special magic number for inquisitive-gyro is: 6363836.
niah_single_1,170702,The special magic number for dark-chess mentioned in the provided text is: 3530518.
niah_single_1,157931,The special magic number for voracious-ferryboat is: 3563646.
niah_single_1,244146,The special magic number for muddled-change is: 7838382.
niah_single_1,152705,2044645.
niah_single_1,424688,The special magic number for maddening-rescue is: 1327691.
niah_single_1,259544,The special magic number for permissible-waterwheel is 1098919.
niah_single_1,397061,The special magic number for madly-functionality is: 8030010.
niah_single_1,201398,The special magic number for political-target is: 4681284.
niah_single_1,286896,The special magic number for plucky-premium is: 1486955.
niah_single_1,121933,7783308.
niah_single_1,20044,The special magic number for cuddly-study is 9961107.
niah_single_1,62076,1454696.
niah_single_1,134166,8746014
niah_single_1,241539,The special magic number for glamorous-selling is: 7360307.
niah_single_1,249008,The special magic number for onerous-hardware is: 6483562.
niah_single_1,186188,The special magic number for guiltless-clutch is: 8072684.
niah_single_1,397865,The special magic number for parched-rainy is: 1325197.
niah_single_1,479500,The special magic number for jumpy-subcomponent is: 4761823.
niah_single_1,23108,The special magic number for tiresome-chatter is 1675419.
niah_single_1,458254,The special magic number for erect-nature is: 1341919.
niah_single_1,349361,The special magic number for forgetful-automaton is: 3117636.
niah_single_1,343051,The special magic number for short-mob is: 4656838.
niah_single_1,446912,The special magic number for lewd-dress is: 3815034.
niah_single_1,79896,The special magic number for disgusted-mile is: 6218367.
niah_single_1,292657,7296605.
niah_single_1,75309,5074336.
niah_single_1,417483,The special magic number for vague-fluke is: 3030966.
niah_single_1,316061,The special magic number for judicious-inability is: 9937982.
niah_single_1,477606,The special magic number for billowy-eaglet is: 9488613.
niah_single_1,361601,The special magic number for abrasive-perception is: 8047416.
niah_single_1,468788,The special magic number for nonchalant-crest is: 7076506.
niah_single_1,321278,The special magic number for wee-subscription is: 3566765.
niah_single_1,479764,The special magic number for zealous-pail is: 9753457.
niah_single_1,342963,The special magic number for super-snail is: 9111742.
niah_single_1,237851,The special magic number for youthful-contention is: 5502929.
niah_single_1,332529,The special magic number for broken-conclusion is: 5679639.
niah_single_1,248201,The special magic number for overrated-shearling is: 7358385.
niah_single_1,134258,The special magic number for productive-guess is: 6452832.
niah_single_1,190681,The special magic number for fair-frog is: 6952975.
niah_single_1,410018,The special magic number for gullible-timbale is: 5635017.
niah_single_1,63335,The special magic number for rare-advocate is 4205394.
niah_single_1,360432,The special magic number for wonderful-photograph is: 7818732.
niah_single_1,476444,The special magic number for vigorous-correspondent is: 8987516.
niah_single_1,68826,1289293
niah_single_1,179615,The special magic number for feigned-board is: 7784725.
niah_single_1,349083,The special magic number for ultra-delay is: 7191135.
niah_single_1,259628,The special magic number for nebulous-ellipse is: 6549757.
niah_single_1,185556,The special magic number for green-bookcase is: 6144280.
niah_single_1,232805,The special magic number for crabby-dancer is: 4231028.
niah_single_1,141455,The special magic number for romantic-sill is 4106298.
niah_single_1,434857,The special magic number for plausible-thief is 5638893.
niah_single_1,218589,The special magic number for chivalrous-felony is: 4256752.
niah_single_1,223089,The special magic number for large-fulfillment is: 4010529.
niah_single_1,93486,The special magic number for wet-resolution is 9961299.
niah_single_1,408220,The special magic number for animated-effective is: 1914794.
niah_single_1,470494,The special magic number for wakeful-papa is: 3118618.
niah_single_1,423426,The special magic number for chunky-teacher is 1205779.
niah_single_1,324967,The special magic number for panoramic-nexus is: 9031491.
niah_single_1,186371,The special magic number for efficacious-apricot is: 1861958.
niah_single_1,295626,The special magic number for concerned-bull is: 2096280.
niah_single_1,112023,The special magic number for blue-parade is: 1899411.
niah_single_1,62979,6097514.
niah_single_1,447187,The special magic number for cooperative-lie is: 7982241.
niah_single_1,332341,The special magic number for red-freak is: 7381684.
niah_single_1,225342,The special magic number for hesitant-shareholder is: 8194570.
niah_single_1,153429,The special magic number for stupid-assumption is 2664863.
niah_single_1,115983,The special magic number for good-fedora is 2362099.
niah_single_1,115622,2259379.
niah_single_1,438005,The special magic number for minor-eardrum is: 8558197.
niah_single_1,170886,The special magic number for healthy-device is: 1547605.
niah_single_1,334949,The special magic number for wee-hip is: 5743227.
niah_single_1,195276,The special magic number for venomous-creek is: 4916201.
niah_single_1,401749,The special magic number for nauseating-step-grandmother is: 2925626.
niah_single_1,196089,The special magic number for thundering-autumn is: 3499627.
niah_single_1,122557,The special magic number for black-expertise is 2000560.
niah_single_1,323977,The special magic number for square-achiever is: 5842082.
niah_single_1,296978,The special magic number for panicky-recorder is 6101803.
niah_single_1,322983,The special magic number for puny-anklet is: 9284509.
niah_single_1,318761,The special magic number for staking-pumpkinseed is: 1668752.
niah_single_1,19242,5200476
niah_single_1,198873,The special magic number for flaky-child is: 1348050.
niah_single_1,382834,The special magic number for dull-printer is: 8893693.
niah_single_1,431801,The special magic number for guiltless-athletics is: 4044882.
niah_single_1,67479,The special magic number for teeny-tiny-deputy is 9249789.
niah_single_1,245947,The special magic number for juicy-godparent is: 7850944.
niah_single_1,118779,2754894.
niah_single_1,212734,The special magic number for modern-churn is: 9312590.
niah_single_1,335499,The special magic number for scattered-hammock is: 1615675.
niah_single_1,238567,The special magic number for hushed-aluminum is: 5234550.
niah_single_1,1054,The special magic number for melted-trail is 9633492.
niah_single_1,138491,The special magic number for momentous-centurion is 1909393.
niah_single_1,461315,The special magic number for tacit-caribou is: 9363326.
niah_single_1,197077,The special magic number for arrogant-sponge is: 4415140.
niah_single_1,357546,The special magic number for hard-digestion is: 8350368.
niah_single_1,116977,The special magic number for adjoining-pupil is: 5014745.
niah_single_1,407406,The special magic number for scientific-eye is: 1229419.
niah_single_1,83857,The special magic number for capricious-dust is 4769851.
niah_single_1,367624,The special magic number for cool-earring is: 3583206.
niah_single_1,306519,The special magic number for quiet-health-care is: 5587308.
niah_single_1,336937,The special magic number for pathetic-bitten is: 5089126.
niah_single_1,442151,The special magic number for ludicrous-incentive is: 4197911.
niah_single_1,306152,The special magic number for bitter-fir is: 5634662.
niah_single_1,2139,5482413
niah_single_1,432964,The special magic number for wrong-assist is: 6008935.
niah_single_1,397327,8491822
niah_single_1,407139,The special magic number for jobless-synthesis is: 6577416.
niah_single_1,139297,The special magic number for open-counseling is 6398528.
niah_single_1,172414,The special magic number for slimy-desert is: 7425184.
niah_single_1,348904,The special magic number for amused-woman is: 6338112.
niah_single_1,365376,The special magic number for lying-mangrove is: 3551903.
niah_single_1,435306,The special magic number for cruel-chemical is: 9427047.
niah_single_1,73690,The special magic number for chivalrous-cayenne is 8387112.
niah_single_1,302468,The special magic number for absorbed-windage is: 3418526.
niah_single_1,195638,The special magic number for blushing-menorah is 8876745.
niah_single_1,479313,The special magic number for tacit-thump is: 7668663.
niah_single_1,280416,The special magic number for imported-greed is: 9952696.
niah_single_1,399121,The special magic number for tan-dream is: 9186400.
niah_single_1,173318,The special magic number for swanky-reference is: 2147909.
niah_single_1,320193,The special magic number for finicky-gap is: 2516313.
niah_single_1,327308,The special magic number for tearful-swimming is: 2686231.
niah_single_1,21579,The special magic number for voracious-guilder is 6024207.
niah_single_1,216516,The special magic number for immense-coyote is: 1941524.
niah_single_1,107522,8225725.
niah_single_1,417485,The special magic number for righteous-yin is: 7913081.
niah_single_1,58391,The special magic number for doubtful-derivation mentioned in the provided text is 3937176.
niah_single_1,367083,The special magic number for swift-linen is: 5040453.
niah_single_1,470498,The special magic number for flippant-concept is: 8736811.
niah_single_1,7089,The special magic number for ossified-howitzer is 5283671.
niah_single_1,54697,The special magic number for happy-satellite is 3650391.
niah_single_1,471306,The special magic number for jolly-highland is: 6018975.
niah_single_1,337028,The special magic number for victorious-staff is: 5195951.
niah_single_1,356461,The special magic number for erect-ham is: 7454081.
niah_single_1,421895,The special magic number for foolish-graph is: 7398231.
niah_single_1,217862,The special magic number for slow-whorl is: 5963914.
niah_single_1,202567,The special magic number for trite-chronicle is 7640518.
niah_single_1,447275,The special magic number for shy-xylophone is: 1822825.
niah_single_1,447823,The special magic number for handsomely-wraparound is 4860745.
niah_single_1,457981,The special magic number for fast-talk mentioned in the provided text is: 4189885.
niah_single_1,463386,The special magic number for uppity-excerpt is: 3294774.
niah_single_1,227946,The special magic number for tangible-bough is: 1661401.
niah_single_1,97089,The special magic number for agreeable-disease is: 7121355.
niah_single_1,306517,The special magic number for helpful-algebra is: 6481437.
niah_single_1,397868,The special magic number for ethereal-forever is: 3217273.
niah_single_1,201127,The special magic number for righteous-octet is: 9418719.
niah_single_1,217773,The special magic number for giant-stair is: 9084065.
niah_single_1,55689,The special magic number for condemned-impress is 8857296.
niah_single_1,411096,The special magic number for filthy-balance is: 7667458.
niah_single_1,10507,The special magic number for cagey-processor is 7619862.
niah_single_1,335495,The special magic number for roomy-postfix is: 3073474.
niah_single_1,431165,The special magic number for uneven-coyote is: 5398338.
niah_single_1,80075,The special magic number for tense-smoking is 7232293.
niah_single_1,457000,The special magic number for pastoral-classmate is: 1419843.
niah_single_1,477697,The special magic number for stupid-occasion is: 4713925.
niah_single_1,222992,The special magic number for teeny-tree is 8789116.
niah_single_1,33635,3345069.
niah_single_1,85841,The special magic number for homeless-instructor is 9264869.
niah_single_1,286714,The special magic number for fluffy-hedge is: 3276065.
niah_single_1,433237,The special magic number for likeable-thesis is 8031780.
niah_single_1,360969,The special magic number for muddled-clearance is: 2661307.
niah_single_1,273395,The special magic number for gusty-adapter is: 1548888.
niah_single_1,174305,The special magic number for obedient-hate is: 8460758.
niah_single_1,401652,The special magic number for childlike-technician is: 7162857.
niah_single_1,203651,The special magic number for axiomatic-temporary is: 7679674.
niah_single_1,67745,The special magic number for crazy-boudoir is 8628891.
niah_single_1,37503,The special magic number for testy-rally is 1358318.
niah_single_1,416501,The special magic number for fresh-disengagement is: 3112652.
niah_single_1,432509,The special magic number for big-sub is: 4475523.
niah_single_1,108974,The special magic number for flipped-out-confidence is 6512314.
niah_single_1,96007,The special magic number for grumpy-virginal is 3427461.
niah_single_1,487592,The special magic number for dry-speech mentioned in the provided text is: 2844258.
niah_single_1,264309,The special magic number for cynical-analgesia is: 1249314.
niah_single_1,11857,The special magic number for spicy-fireplace is 6431983.
niah_single_1,93663,The special magic number for goofy-curio is: 1879109.
niah_single_1,47052,The special magic number for reminiscent-quantity is 2906718.
niah_single_1,378610,The special magic number for obsolete-intensity is: 7074006.
niah_single_1,163505,The special magic number for old-billboard is: 9453010.
niah_single_1,222542,The special magic number for wry-locket is: 9748499.
niah_single_1,45072,The special magic number for therapeutic-resource is 1522621.
niah_single_1,79803,The special magic number for measly-rose is 8151684.
niah_single_1,54430,8441741.
niah_single_1,48665,The special magic number for illegal-haven is 3488628.
niah_single_1,281052,The special magic number for grubby-clarification is: 6455706.
niah_single_1,446564,The special magic number for omniscient-consequence mentioned in the provided text is: 9481739.
niah_single_1,482922,The special magic number for childlike-pocketbook is: 2919549.
niah_single_1,168633,The special magic number for new-vehicle is: 8575834.
niah_single_1,294182,The special magic number for irate-crew is: 8608449.
niah_single_1,230648,The special magic number for yielding-impress is: 2595275.
niah_single_1,276185,The special magic number for hungry-metric is: 5276341.
niah_single_1,49655,The special magic number for vengeful-look is 8956894.
niah_single_1,318581,The special magic number for bright-nanoparticle is: 2564141.
niah_single_1,410384,The special magic number for little-transplantation is: 3182975.
niah_single_1,90335,The special magic number for sour-gradient is 6530541.
niah_single_1,38140,8095702.
niah_single_1,259451,The special magic number for statuesque-pawnshop is: 6242022.
niah_single_1,157023,The special magic number for smoggy-sole is: 9512969.
niah_single_1,165578,The special magic number for trashy-ephemeris is 9089795.
niah_single_1,84937,The special magic number for juvenile-author is 7166651.
niah_single_1,316593,The special magic number for slow-bowler is: 4794319.
niah_single_1,21575,5487028
niah_single_1,250717,The special magic number for grotesque-acorn is: 6183902.
niah_single_1,105816,The special magic number for abiding-medium is 4043480.
niah_single_1,466983,The special magic number for bitter-bass is: 3380261.
niah_single_1,158820,The special magic number for calm-lab is 9900022.
niah_single_1,251529,The special magic number for mysterious-dugout is: 8610913.
niah_single_1,239372,6228407
niah_single_1,116258,3610197.
niah_single_1,200859,The special magic number for uninterested-pair is: 2368710.
niah_single_1,358280,The special magic number for ubiquitous-revascularization is: 8113787.
niah_single_1,159101,The special magic number for motionless-elephant is 5582979.
niah_single_1,81967,8212753.
niah_single_1,388689,The special magic number for uppity-tachometer is: 9164342.
niah_single_1,291578,The special magic number for animated-codling is: 4699685.
niah_single_1,222455,The special magic number for ablaze-lender is: 4429650.
niah_single_1,213643,The special magic number for dangerous-restriction is: 5286905.
niah_single_1,366908,The special magic number for cowardly-habitat is: 1129686.
niah_single_1,280504,The special magic number for dusty-escape is: 3167376.
niah_single_1,53347,The special magic number for pumped-savannah is 6941939.
niah_single_1,14016,The special magic number for amuck-executor is 8318550.
niah_single_1,424682,The special magic number for boring-end is: 6252285.
niah_single_1,472202,The special magic number for sloppy-cut is: 7785090.
niah_single_1,298869,The special magic number for harsh-bourgeoisie is: 2932288.
niah_single_1,455919,The special magic number for immense-proximity is 3883553.
niah_single_1,65135,7070880
niah_single_1,321457,The special magic number for clear-underwire is: 5082173.
niah_single_1,292028,The special magic number for reflective-black is: 2319479.
niah_single_1,245770,The special magic number for irate-underwriting is: 4717362.
niah_single_1,467079,The special magic number for boorish-inversion is: 9564488.
niah_single_1,143170,The special magic number for righteous-elevator is: 9555575.
niah_single_1,174396,The special magic number for kaput-dividend is: 3477824.
niah_single_1,145685,The special magic number for deeply-casket is: 5294434.
niah_single_1,483453,The special magic number for steep-brand is: 3564729.
niah_single_1,342254,The special magic number for dysfunctional-brushing is: 9289908.
niah_single_1,462666,The special magic number for utopian-killer is: 6422534.
niah_single_1,50560,The special magic number for delightful-railway is 8377995.
niah_single_1,202745,The special magic number for nutty-vulture is: 6080483.
niah_single_1,54873,The special magic number for kind-eraser is 9511700.
niah_single_1,27962,The special magic number for oval-candy is 8581856.
niah_single_1,56764,The special magic number for lewd-blogger is 5816353.
niah_single_1,283655,The special magic number for sulky-propane is: 9507186.
niah_single_1,331808,The special magic number for snobbish-signify is: 1688246.
niah_single_1,369871,The special magic number for ill-probe is: 8979730.
niah_single_1,76477,The special magic number for barbarous-madam is: 8558523.
niah_single_1,372215,The special magic number for willing-magic is: 2414808.
niah_single_1,322985,The special magic number for alluring-hare is: 5156449.
niah_single_1,449799,The special magic number for reflective-coyote is: 9770256.
niah_single_1,208773,The special magic number for lazy-branch is: 7255418.
niah_single_1,440971,The special magic number for minor-oat is: 6676858.
niah_single_1,48756,6614484.
niah_single_1,209683,The special magic number for careful-temporariness is: 7485471.
niah_single_1,245947,The special magic number for worthless-colon is: 3522845.
niah_single_1,258095,The special magic number for soggy-seminar is: 3372774.
niah_single_1,95296,The special magic number for tranquil-interconnection is: 7575963.
niah_single_1,474636,The special magic number for huge-tracksuit is: 7319630.
niah_single_1,69099,The special magic number for cultured-barracks is: 9831414.
niah_single_1,13659,7070468
niah_single_1,158105,The special magic number for huge-anywhere is 4024309.
niah_single_1,167201,The special magic number for pointless-inspector is 4221313.
niah_single_1,218321,The special magic number for detailed-permafrost is: 2294615.
niah_single_1,28055,9833734.
niah_single_1,440527,The special magic number for sweet-housework is 3198638.
niah_single_1,133536,The special magic number for deserted-shark is 3722056.
niah_single_1,32377,The special magic number for woozy-amusement is 8342941.
niah_single_1,327665,The special magic number for lazy-notebook is: 4985095.
niah_single_1,393907,The special magic number for obtainable-doll is: 4925917.
niah_single_1,143260,The special magic number for huge-screenwriting mentioned in the provided text is 8868776.
niah_single_1,340624,The special magic number for uppity-wrist is: 8391997.
niah_single_1,389046,The special magic number for lowly-farmland is: 9437374.
niah_single_1,446020,The special magic number for disagreeable-idiom is 4350371.
niah_single_1,472925,The special magic number for fuzzy-cruelty is: 1875431.
niah_single_1,380588,The special magic number for literate-charset is: 2721170.
niah_single_1,118425,The special magic number for handsome-neurobiologist is 2407191.
niah_single_1,108879,The special magic number for obtainable-rubric is 9612629.
niah_single_1,332793,The special magic number for calm-hubris is: 4725179.
niah_single_1,39490,The special magic number for adaptable-woodshed is 7960815.
niah_single_1,174036,The special magic number for purple-trinket is: 7274032.
niah_single_1,165756,The special magic number for brave-twilight is: 7289990.
niah_single_1,479404,The special magic number for icy-collagen is: 2662338.
niah_single_1,28414,The special magic number for deep-penguin is 3308538.
niah_single_1,346024,The special magic number for pathetic-gap is: 3328554.
niah_single_1,58653,1088100.
niah_single_1,110403,The special magic number for gentle-meat is 4618086.
niah_single_1,175386,The special magic number for colorful-lover is: 5833542.
niah_single_1,176014,The special magic number for craven-quiet is 1801102.
niah_single_1,46506,The special magic number for tenuous-eraser is 8669093.
niah_single_1,12313,9993490
niah_single_1,214986,The special magic number for woebegone-rush is: 3408819.
niah_single_1,177544,6919270.
niah_single_1,386167,The special magic number for elderly-premium is: 2436363.
niah_single_1,401379,The special magic number for bewildered-quartz is: 9825812.
niah_single_1,32286,The special magic number for madly-vaulting mentioned in the provided text is 8887557.
niah_single_1,12221,There is no special magic number for lively-relationship mentioned in the provided text. The text appears to be a large block of repetitive text with no specific information about a special magic number for lively-relationship.
niah_single_1,178002,The special magic number for bewildered-mineshaft is: 6784825.
niah_single_1,98521,The special magic number for soft-ring is 6578736.
niah_single_1,474093,The special magic number for kind-roller is: 6679880.
niah_single_1,353049,The special magic number for vague-switchboard is: 8795078.
niah_single_1,337659,The special magic number for damaged-shoe-horn is: 2058651.
niah_single_1,32467,The special magic number for heavenly-viewer is 4382135.
niah_single_1,228849,The special magic number for ambitious-species is: 6294819.
niah_single_1,186997,The special magic number for ruthless-plight is: 8942330.
niah_single_1,211122,The special magic number for threatening-champion is: 4206183.
niah_single_1,201672,The special magic number for anxious-capitulation is: 6568772.
niah_single_1,295089,The special magic number for level-consumption is: 8330827.
niah_single_1,137945,The special magic number for lyrical-dance is 6688090.
niah_single_1,271058,The special magic number for voiceless-agency is: 9347057.
niah_single_1,58394,The special magic number for breakable-colonization is 8121922.
niah_single_1,402365,The special magic number for steep-clipper is: 4027557.
niah_single_1,59192,2721307.
niah_single_1,226145,The special magic number for typical-kebab is: 5960015.
niah_single_1,123095,The special magic number for steep-gateway is: 8149041.
niah_single_1,31384,8501590.
niah_single_1,202652,The special magic number for sulky-leek is: 8297090.
niah_single_1,268086,The special magic number for blushing-snake is: 7815076.
niah_single_1,448175,The special magic number for afraid-liquor is 3395441.
niah_single_1,49746,3117788.
niah_single_1,267184,The special magic number for thirsty-yurt is: 7145971.
niah_single_1,446285,The special magic number for silky-outside is: 1543335.
niah_single_1,273664,The special magic number for upset-tremor is: 8548448.
niah_single_1,423337,The special magic number for obeisant-breeze is 2289923.
niah_single_1,293647,The special magic number for rhetorical-talk is: 7156398.
niah_single_1,184210,The special magic number for tightfisted-hostel is: 5675638.
niah_single_1,368170,The special magic number for adaptable-attitude is: 4121368.
niah_single_1,193204,The special magic number for shiny-record is: 2975701.
niah_single_1,158381,The special magic number for watery-snowboarding is 8487220.
niah_single_1,147756,The special magic number for voracious-gear is 9240971.
niah_single_1,333516,The special magic number for damaging-syrup is: 2242387.
niah_single_1,64953,The special magic number for wild-formal is 8467726.
niah_single_1,48046,The special magic number for unbecoming-assassination is 6828829.
niah_single_1,470412,The special magic number for hilarious-aftershock is 3642499.
niah_single_1,165484,The special magic number for late-canteen is: 9535505.
niah_single_1,174759,The special magic number for ethereal-nestling is 3329967.
niah_single_1,408666,The special magic number for adaptable-liar is: 7054838.
niah_single_1,451418,The special magic number for painstaking-care is: 3177199.
niah_single_1,293738,The special magic number for berserk-executor is: 6189037.
niah_single_1,302107,The special magic number for reminiscent-cue is: 7891998.
niah_single_1,473831,The special magic number for crowded-agriculture is 6318841.
niah_single_1,381668,The special magic number for oceanic-mobility is: 8815384.
niah_single_1,95379,The special magic number for cultured-religion is 4052834.
niah_single_1,91774,The special magic number for purring-word is: 1929673.
niah_single_1,119588,The special magic number for homeless-climate is 3762487.
niah_single_1,255309,The special magic number for whispering-fresco is: 4782763.
niah_single_1,144969,The special magic number for boundless-maracas is: 5204459.
niah_single_1,453214,The special magic number for crooked-sofa is: 6080553.
niah_single_1,436565,3829240
niah_single_1,415771,The special magic number for drab-room is: 6664316.
niah_single_1,33729,The special magic number for adjoining-booklet is 2362693.
niah_single_1,421987,The special magic number for tired-gastropod is 4536777.
niah_single_1,367359,The special magic number for sweet-maintenance is: 1508113.
niah_single_1,356285,The special magic number for testy-washtub is: 6068298.
niah_single_1,219484,The special magic number for various-diet is: 7813102.
niah_single_1,116707,The special magic number for blue-dictionary is: 2005173.
niah_single_1,342603,The special magic number for muddy-beret is: 9124385.
niah_single_1,230642,The special magic number for itchy-seat is: 3410360.
niah_single_1,294184,The special magic number for zippy-cannon is: 6794356.
niah_single_1,414340,The special magic number for likeable-evaluator is: 9639932.
niah_single_1,344131,The special magic number for icy-queen is: 5055688.
niah_single_1,182949,The special magic number for graceful-spectrum is: 8542969.
niah_single_1,214183,The special magic number for changeable-rethinking is: 1849015.
niah_single_1,183212,The special magic number for super-chin is: 8015136.
niah_single_1,140198,6246485.
niah_single_1,344411,The special magic number for psychotic-elevation is: 9635649.
niah_single_1,17255,There is no special magic number mentioned in the provided text for hot-parachute.
niah_single_1,337296,The special magic number for majestic-grass is: 9479950.
niah_single_1,36071,The special magic number for fanatical-brushfire is 6920597.
niah_single_1,440709,The special magic number for habitual-activity is 9302946.
niah_single_1,79449,The special magic number for handsomely-hugger is 1137194.
niah_single_1,269882,The special magic number for daily-pint is: 5437118.
niah_single_1,295533,1759041.
niah_single_1,267452,The special magic number for skinny-gas is: 4265774.
niah_single_1,371954,The special magic number for blue-eyed-overclocking is 7481857.
niah_single_1,459698,The special magic number for scattered-bumper is: 5692934.
niah_single_1,290586,The special magic number for curious-centre is: 2622046.
niah_single_1,106536,The special magic number for irate-handover is 7133857.
niah_single_1,296162,The special magic number for steep-colt is: 9541658.
niah_single_1,101227,The special magic number for animated-appeal is: 1652868.
niah_single_1,337115,9712957
niah_single_2,157407,5107245
niah_single_2,549786,5528972
niah_single_2,44567,6440561
niah_single_2,389148,6292423
niah_single_2,387584,9375710
niah_single_2,127150,5443951
niah_single_2,583347,The special magic number for shiny-fleece is: 5408072.
niah_single_2,357247,7700828
niah_single_2,482166,9548432
niah_single_2,138452,2839607
niah_single_2,596739,8082668
niah_single_2,596739,7402509
niah_single_2,549792,5218028
niah_single_2,530632,2921859.
niah_single_2,108149,6707197
niah_single_2,497641,5418934
niah_single_2,292769,2785277.
niah_single_2,157411,7273233
niah_single_2,291270,7089806
niah_single_2,562722,5041154
niah_single_2,56127,9153566
niah_single_2,549787,8973915
niah_single_2,596740,9852897
niah_single_2,292770,4374754.
niah_single_2,437867,7264956
niah_single_2,214737,5159166
niah_single_2,583351,1352896
niah_single_2,251,4694634
niah_single_2,214736,1987737
niah_single_2,197646,9143903
niah_single_2,228606,8930103
niah_single_2,336416,8231838
niah_single_2,322892,7754864
niah_single_2,168621,8077999
niah_single_2,44458,2642635
niah_single_2,197640,9075854
niah_single_2,377167,3762152
niah_single_2,138014,9164991
niah_single_2,44568,4652414
niah_single_2,44570,1959074
niah_single_2,168615,2344047
niah_single_2,581003,5130808
niah_single_2,407345,2375453
niah_single_2,305864,4426900
niah_single_2,127147,The special magic number for goofy-manacle is 7640184.
niah_single_2,56126,6304573
niah_single_2,56126,2677407
niah_single_2,355447,5098412
niah_single_2,530636,8351517.
niah_single_2,252,There is no special magic number for subsequent-motorcar mentioned in the provided text.
niah_single_2,127142,2737893
niah_single_2,549787,2795765
niah_single_2,197639,6752576
niah_single_2,264782,8106422
niah_single_2,127152,6596150
niah_single_2,549785,8412769
niah_single_2,108149,1162230
niah_single_2,530634,3500715.
niah_single_2,355458,6171716
niah_single_2,613017,There is no special magic number for knotty-inlay mentioned in the provided text.
niah_single_2,322891,4009172
niah_single_2,266336,5163555
niah_single_2,377164,2813543
niah_single_2,213642,6120253
niah_single_2,389144,4240180
niah_single_2,266336,2164686
niah_single_2,245884,2935113
niah_single_2,27262,5453786
niah_single_2,107442,9580255
niah_single_2,246676,4188992
niah_single_2,249,8315831
niah_single_2,56121,8235969
niah_single_2,108148,6266630
niah_single_2,407352,6188935
niah_single_2,549787,5960271
niah_single_2,377166,8053918
niah_single_2,389148,6049101
niah_single_2,198187,5813613
niah_single_2,497637,4585314
niah_single_2,291271,4940441
niah_single_2,17046,3472189
niah_single_2,615790,There is no special magic number for fretful-stag mentioned in the provided text.
niah_single_2,562719,7953166
niah_single_2,250,3475836
niah_single_2,169082,4671545
niah_single_2,108154,5180853
niah_single_2,418213,9468772
niah_single_2,437862,8963715
niah_single_2,518690,5652512
niah_single_2,266331,5013879
niah_single_2,228604,5793722
niah_single_2,213640,3530518
niah_single_2,322891,7838382
niah_single_2,198187,2044645
niah_single_2,562722,1327691
niah_single_2,337752,1098919
niah_single_2,530641,8030010.
niah_single_2,266337,4681284
niah_single_2,377170,1486955
niah_single_2,157414,7783308
niah_single_2,17046,9961107
niah_single_2,76660,1454696
niah_single_2,169080,8746014
niah_single_2,305867,7360307
niah_single_2,245885,8072684.
niah_single_2,55985,The special magic number for jumpy-subcomponent is 4761823.
niah_single_2,227756,3556551
niah_single_2,562725,2919136
niah_single_2,357246,5299055
niah_single_2,157404,2921542
niah_single_2,292771,1430812.
niah_single_2,593793,6059717
niah_single_2,337737,1689025
niah_single_2,56128,7217147
niah_single_2,482173,8047416
niah_single_2,516560,3955087
niah_single_2,450244,9111742
niah_single_2,305869,5502929
niah_single_2,437863,5679639
niah_single_2,168619,6452832
niah_single_2,246673,6952975
niah_single_2,76373,4205394
niah_single_2,482174,7818732
niah_single_2,482176,8987516
niah_single_2,275950,2561176
niah_single_2,292777,$5081983.
niah_single_2,337742,9907391
niah_single_2,337746,6549757
niah_single_2,246678,6144280
niah_single_2,305863,4231028
niah_single_2,186580,"410,6298."
niah_single_2,583350,5638893
niah_single_2,291272,4010529
niah_single_2,127148,9961299
niah_single_2,549791,1914794.
niah_single_2,482166,3118618
niah_single_2,469030,5770422
niah_single_2,169080,6716097
niah_single_2,55987,There is no special magic number for mature-parallelogram mentioned in the provided text.
niah_single_2,562719,3503120
niah_single_2,108150,5163953
niah_single_2,291264,8427625
niah_single_2,245888,4540415
niah_single_2,169081,5024269
niah_single_2,275324,8883823
niah_single_2,275951,5833597
niah_single_2,246677,4916201
niah_single_2,264784,3499627
niah_single_2,157408,2000560
niah_single_2,437861,5842082
niah_single_2,389143,6101803
niah_single_2,418218,1668752.
niah_single_2,264778,1348050
niah_single_2,518686,8893693
niah_single_2,76377,One of the special magic numbers for teeny-tiny-deputy is: 9249789.
niah_single_2,323991,7850944
niah_single_2,157410,2754894
niah_single_2,275949,9312590
niah_single_2,450250,1615675
niah_single_2,305865,5234550
niah_single_2,245,9633492
niah_single_2,436127,9363326
niah_single_2,479915,8350368
niah_single_2,157408,5014745
niah_single_2,549787,1229419
niah_single_2,479913,3583206
niah_single_2,407350,5587308
niah_single_2,450248,5089126
niah_single_2,596746,4197911
niah_single_2,407343,5634662
niah_single_2,250,5482413
niah_single_2,583347,6008935
niah_single_2,530637,8491822.
niah_single_2,549790,6577416
niah_single_2,186582,6398528
niah_single_2,214736,7425184
niah_single_2,469028,6338112
niah_single_2,482168,3551903
niah_single_2,583349,9427047
niah_single_2,405982,3418526
niah_single_2,76371,7668663
niah_single_2,528454,9186400
niah_single_2,228609,2147909
niah_single_2,419822,2516313
niah_single_2,437862,2686231
niah_single_2,17051,6024207
niah_single_2,275951,1941524
niah_single_2,138445,8225725
niah_single_2,562719,7913081
niah_single_2,76665,3937176
niah_single_2,482165,5040453
niah_single_2,447489,1157662
niah_single_2,418213,6018975
niah_single_2,186582,6068760
niah_single_2,228610,2789344
niah_single_2,17047,5953150
niah_single_2,562720,1135861
niah_single_2,213645,6910964
niah_single_2,291269,1661401
niah_single_2,127151,7121355
niah_single_2,407348,6481437
niah_single_2,264782,9418719
niah_single_2,275948,9084065
niah_single_2,56130,Condemned-impress is not explicitly mentioned in the provided text snippet.
niah_single_2,549787,7667458.
niah_single_2,248,The special magic number for cagey-processor is 7619862.
niah_single_2,450246,3073474
niah_single_2,583348,The special magic number for uneven-coyote is 5398338.
niah_single_2,90042,7232293
niah_single_2,615796,There is no special magic number mentioned in the provided text for pastoral-classmate.
niah_single_2,56128,4713925
niah_single_2,407347,6069909
niah_single_2,27260,1760793
niah_single_2,90046,2948178
niah_single_2,377169,3276065
niah_single_2,583350,The special magic number for likeable-thesis is: 8031780.
niah_single_2,482171,2661307
niah_single_2,357246,1548888
niah_single_2,228606,8460758
niah_single_2,264786,7679674
niah_single_2,76659,8628891
niah_single_2,44567,1358318
niah_single_2,562725,3112652
niah_single_2,583342,4475523
niah_single_2,138457,6512314
niah_single_2,17044,2844258
niah_single_2,228605,7010308
niah_single_2,246680,3923366
niah_single_2,518687,8062546
niah_single_2,436126,2829622
niah_single_2,518689,1727544
niah_single_2,44572,10
niah_single_2,90040,"815,1684"
niah_single_2,56131,8441741
niah_single_2,56126,3488628
niah_single_2,593805,9481739
niah_single_2,549793,2919549
niah_single_2,214735,8575834
niah_single_2,389137,8608449
niah_single_2,305866,2595275
niah_single_2,357246,5276341
niah_single_2,418218,2564141
niah_single_2,549795,3182975
niah_single_2,108150,There is no special magic number for sour-gradient mentioned in the provided text.
niah_single_2,336421,6242022
niah_single_2,213646,9089795
niah_single_2,108152,7166651
niah_single_2,419822,4794319
niah_single_2,17047,5487028
niah_single_2,323991,6183902
niah_single_2,138449,4043480
niah_single_2,17045,3380261
niah_single_2,377174,4609330
niah_single_2,560138,6442241
niah_single_2,157409,3610197
niah_single_2,266338,2368710
niah_single_2,482182,8113787
niah_single_2,107439,8212753
niah_single_2,387589,4699685
niah_single_2,292772,4429650
niah_single_2,275958,5286905
niah_single_2,375366,3167376
niah_single_2,56128,6941939
niah_single_2,17048,8318550
niah_single_2,562716,6252285
niah_single_2,407343,7785090
niah_single_2,17053,7795314
niah_single_2,227752,2776088
niah_single_2,518683,7718433
niah_single_2,323989,6205543
niah_single_2,185911,9555575
niah_single_2,228607,3477824
niah_single_2,186580,5294434
niah_single_2,56124,3564729
niah_single_2,450251,9289908
niah_single_2,305864,6422534
niah_single_2,264786,6080483
niah_single_2,56124,9511700
niah_single_2,27259,8581856
niah_single_2,56125,5816353
niah_single_2,377169,9507186
niah_single_2,497634,8979730
niah_single_2,90044,8558523
niah_single_2,499440,2414808
niah_single_2,437859,5156449
niah_single_2,615795,There is no special magic number mentioned in the provided text for reflective-coyote.
niah_single_2,275948,7255418
niah_single_2,596736,6676858
niah_single_2,56127,6614484
niah_single_2,322892,3522845
niah_single_2,126337,7575963
niah_single_2,323990,7319630
niah_single_2,76665,9831414
niah_single_2,17051,7070468
niah_single_2,198187,4024309
niah_single_2,214743,4221313
niah_single_2,275956,2294615
niah_single_2,27262,"983,3734"
niah_single_2,596742,3198638
niah_single_2,169080,3722056
niah_single_2,27264,8342941
niah_single_2,437859,4985095
niah_single_2,530637,4925917.
niah_single_2,186585,8868776
niah_single_2,450245,8391997
niah_single_2,593801,4350371
niah_single_2,516560,2721170
niah_single_2,138019,9612629
niah_single_2,437857,4725179
niah_single_2,44574,7960815
niah_single_2,228607,7274032
niah_single_2,214738,7289990
niah_single_2,323988,2662338
niah_single_2,466654,3328554
niah_single_2,76657,1088100
niah_single_2,138446,4618086
niah_single_2,228607,5833542
niah_single_2,228605,1801102
niah_single_2,17055,9993490
niah_single_2,227752,6919270
niah_single_2,518689,2436363
niah_single_2,530639,9825812.
niah_single_2,17053,5255545
niah_single_2,126322,6578736
niah_single_2,169077,6679880
niah_single_2,27212,8678589
niah_single_2,497635,6202210
niah_single_2,246679,8942330
niah_single_2,275957,4206183
niah_single_2,266341,6568772
niah_single_2,389144,8330827
niah_single_2,169079,6688090
niah_single_2,357249,9347057
niah_single_2,528458,4027557
niah_single_2,76656,2721307
niah_single_2,292772,5960015.
niah_single_2,157406,8149041
niah_single_2,264777,8297090
niah_single_2,357247,7815076
niah_single_2,596740,3395441
niah_single_2,56127,3117788
niah_single_2,357245,7145971
niah_single_2,596740,1543335.
niah_single_2,357245,8548448
niah_single_2,387588,7156398
niah_single_2,479919,4121368
niah_single_2,246676,2975701
niah_single_2,185907,9240971
niah_single_2,437860,2242387
niah_single_2,76657,8467726
niah_single_2,168623,3642499
niah_single_2,108148,4762150
niah_single_2,482166,4971774.
niah_single_2,450248,7189302
niah_single_2,56129,2446455
niah_single_2,518688,9030667
niah_single_2,436127,2244282
niah_single_2,337740,9679860
niah_single_2,127153,4052834
niah_single_2,108149,1929673
niah_single_2,157409,3762487
niah_single_2,337747,4782763
niah_single_2,186584,5204459
niah_single_2,615790,There is no special magic number for crooked-sofa mentioned in the provided text.
niah_single_2,560128,6664316.
niah_single_2,27266,2362693
niah_single_2,479918,"$150,811.3"
niah_single_2,291267,7813102
niah_single_2,157408,2005173
niah_single_2,450244,9124385
niah_single_2,305860,3410360
niah_single_2,389139,6794356
niah_single_2,549791,9639932
niah_single_2,450242,5055688
niah_single_2,228610,8542969
niah_single_2,275958,1849015
niah_single_2,228603,8015136
niah_single_2,186583,6246485
niah_single_2,450252,9635649
niah_single_2,17047,9344488
niah_single_2,450247,9479950
niah_single_2,593800,9302946
niah_single_2,355444,5437118
niah_single_2,389138,1759041
niah_single_2,357243,4265774
niah_single_2,613021,5692934
niah_single_2,389141,2622046
niah_single_2,138449,7133857
niah_single_2,389137,9541658
niah_single_2,127149,1652868
niah_single_2,450246,9712957
niah_single_2,127147,9648751
niah_single_2,581001,6020319
niah_single_2,530635,9551583.
niah_single_2,469030,6029651
niah_single_2,108151,6557278
niah_single_2,17044,6161977
niah_single_2,613019,There is no special magic number for doubtful-thump mentioned in the provided text.
niah_single_2,27267,5063384
niah_single_2,437865,1317716
niah_single_2,613015,9419134
niah_single_2,466655,6453426
niah_single_2,245886,6943949
niah_single_2,266335,5135904
niah_single_2,275948,5993143
niah_single_2,305866,9204110
niah_single_2,387590,7370211
niah_single_2,27263,5872986
niah_single_2,337745,2325893
niah_single_2,469032,5302415
niah_single_2,613022,There is no special magic number for dangerous-shackle mentioned in the provided text.
niah_single_2,518688,1851702
niah_single_2,44567,4906349
niah_single_2,469032,6541407
niah_single_2,245,3306314
niah_single_2,275330,6388299
niah_single_2,530637,4896008.
niah_single_2,169076,8010946
niah_single_2,169077,9311162
niah_single_2,292775,1155477.
niah_single_2,450250,5774152
niah_single_2,322893,2889899
niah_single_2,246678,8699307
niah_single_2,275949,6655803
niah_single_2,419825,7802999
niah_single_2,90043,7724865
niah_single_2,305864,9010350
niah_single_2,377177,5375250
niah_single_2,323991,5479421
niah_single_2,246677,1191859
niah_single_2,156795,6147356
niah_single_2,292771,9430894.
niah_single_2,357248,5949909
niah_single_2,469028,3240912
niah_single_2,227755,4664338
niah_single_2,518695,8495187
niah_single_2,44566,2882551
niah_single_2,157413,3514105
niah_single_2,108153,8412854
niah_single_2,126329,8607331
niah_single_2,549785,1968662
niah_single_2,17048,6170227
niah_single_2,336414,8108462
niah_single_2,56125,20
niah_single_2,407350,5816582
niah_single_2,357249,8052503
niah_single_2,377174,7333337
niah_single_2,337746,3231198
niah_single_2,518684,7594429
niah_single_2,528462,8767916
niah_single_2,214738,7363203
niah_single_2,138460,6807596
niah_single_2,227751,1262492
niah_single_2,227760,1816653
niah_single_2,497643,3351084
niah_single_2,562722,6350316
niah_single_2,264781,6041569
niah_single_2,375367,6778321
niah_single_2,168620,"731,5953"
niah_single_2,292770,4780654.
niah_single_2,126326,9891787
niah_single_2,198186,5278117
niah_single_2,437863,2326581
niah_single_2,186583,"998,6473."
niah_single_2,596742,7327828
niah_single_2,322890,4504577
niah_single_2,186580,4553544
niah_single_2,596740,5070038
niah_single_2,447493,7386444
niah_single_2,357241,5388275
niah_single_2,304611,7219396
niah_single_2,138451,4712363
niah_single_2,275953,8005797
niah_single_2,214742,6534221
niah_single_2,479911,9197701
niah_single_2,157406,6908535
niah_single_2,169080,9192588
niah_single_2,56132,1567468
niah_single_2,127147,7918793
niah_single_2,242,3533857
niah_single_2,479918,9106820
niah_single_2,549788,The special magic number for abject-coliseum is: 9929043.
niah_single_2,518687,1280618
niah_single_2,17053,5809835
niah_single_2,90045,2795437
niah_single_2,615792,The special magic number for frail-audience is 4220085.
niah_single_2,389141,5484964
niah_single_2,450243,7812009
niah_single_2,292770,4789255.
niah_single_2,76658,The special magic number for torpid-nudge is 1531577.
niah_single_2,549785,7327855
niah_single_2,322895,8279795
niah_single_2,214738,1713900
niah_single_2,528455,5703878
niah_single_2,17046,6276177
niah_single_2,389142,3419132
niah_single_2,562725,3725462
niah_single_2,530639,7528964.
niah_single_2,76661,3347981
niah_single_2,419823,2638895
niah_single_3,44513,c17af08a-1745-46d8-be57-0ddf827050a8
niah_single_3,419652,The special magic uuid for deranged-assurance is: ae340454-cac5-468c-a8f4-9481a0a04dc4.
niah_single_3,518599,77d21e02-ff01-4f99-988c-24c961b1cd22
niah_single_3,156790,6f4cc69a-4b22-4308-9c8e-aee95715bd6f
niah_single_3,291259,a013ac6e-deda-4e16-9b3d-bd5ce9a1fa6f
niah_single_3,518605,8a14be62-295b-4715-8333-e8615fb8d16c
niah_single_3,76375,913e4de2-e0c5-4cb8-bda9-c2a90ed42f1a
niah_single_3,530255,fa5d3100-11b7-4948-90e6-e6607c69dee1
niah_single_3,157370,8cbfedb0-f264-4ccc-b9ac-1b1ea8e56e0c
niah_single_3,355327,abf3ad39-fec2-4bbe-a624-5bfa4fcca39a
niah_single_3,56119,3985c3cf-3f76-4e1d-9efa-21977394988f
niah_single_3,214606,96a402f2-3ae8-4c93-8dcd-cd03969b6662
niah_single_3,56120,3a9bedd4-0f12-49e0-a18f-f6b6b535106e
niah_single_3,560040,e1e3db63-ef7d-4c76-b92d-a22b21df306f
niah_single_3,186460,The special magic uuid for freezing-milk is: 683514f2-ceb8-4f9d-b914-c120c8dcd19f.
niah_single_3,407178,6c6fa611-5ab3-4edf-ae59-5ed3a8b317fa
niah_single_3,90036,fbf24050-a748-4bcf-ac61-9e630dde29a6
niah_single_3,418120,23e2fcb4-72d8-467d-894a-05e430b187ef
niah_single_3,56126,ec5b227c-dfde-4fbf-bff3-50bf766ecb15
niah_single_3,156793,3c835dc0-d944-4fa5-80e9-ab30ed2662e9
niah_single_3,44514,66aa9385-dd59-4a71-b6b8-24817b3a4e3e
niah_single_3,546796,fed4057d-bb02-4576-b512-c4c3b253d218
niah_single_3,44520,f7fd5646-37bb-4eec-8bf5-0b52309d258c
niah_single_3,499351,7a0ecfea-958c-49ba-8cd6-20c20ea2622b
niah_single_3,387579,3c365296-dca0-4eec-acda-bacc1165e210
niah_single_3,304520,The special magic uuid for mute-mambo is: 85d51695-90b2-4633-956b-8c0ca8499b92.
niah_single_3,246670,3d1a85dd-506e-4a9a-b758-588dab73295b
niah_single_3,305804,750cab75-4ccc-4bc2-a53f-8a28abf3e3fc
niah_single_3,90034,The special magic uuid for aboard-lode is: 902059e4-ff9a-45c2-9f04-4aed75523327.
niah_single_3,337703,21e8ac68-43e4-4caf-8181-a8cc369147eb
niah_single_3,516559,a76afde6-ce9e-4a11-bcbb-4e59fbddcf7c
niah_single_3,546793,be0f051b-1b66-45a9-a3c4-36571d8cbbac
niah_single_3,479908,81627cf1-4394-42e6-9a58-7e8aa25d6b29
niah_single_3,266209,d450281c-6c6f-4633-a260-772317a0df49
niah_single_3,246673,a319dcb4-217d-45a0-8568-11cd5563f616
niah_single_3,138012,e767dcea-b0e6-4969-a213-42b0f1eedba3
niah_single_3,27205,cbceabde-eede-4b07-a623-a6895d59cd2a
niah_single_3,337705,1a50aec3-aabc-45fa-bfe1-2e47ae9bec36
niah_single_3,228608,The special magic uuid for symptomatic-principle is ee0caeb5-ecfe-4b99-a790-cebdbfddc3d9.
niah_single_3,323739,2dea9493-0658-463a-a98c-206fe1a47e10
niah_single_3,266205,3f87e362-cf8d-446a-bc2c-bb0ddd334cc7
niah_single_3,468802,09e9db0a-df46-4290-a1ee-411a1bac27a7
niah_single_3,292430,598336e3-75d6-4ed4-ab1f-a9f2d10bd1d0
niah_single_3,323741,6601ddd0-3170-4437-a8f7-ef5a060edf5b
niah_single_3,16896,The special magic uuid for uptight-kit is 54c63cd8-8945-4f27-97fa-2d8dfb2ca025.
niah_single_3,246668,fbc9f87a-f668-4617-94a1-875d2db69edb
niah_single_3,305808,ba81edd9-587e-4344-af3f-920c98b8e4cc
niah_single_3,516556,The special magic uuid for gaudy-bankruptcy is: 006ed6e3-6fa1-4735-b572-f3d00b5cea6a.
niah_single_3,323735,aa0b7b14-f2e9-402d-91e9-cdaa6e6981a3
niah_single_3,292428,e6697833-b841-40a0-9fe7-71d6d9178793
niah_single_3,168607,610faa3f-f0bb-4c67-aa38-d0a16ba25efe
niah_single_3,275948,4dcabfb7-001a-4a8b-956f-03508c459ce2
niah_single_3,466565,The special magic uuid for nutty-hunter is: 82dc4c8e-36b5-429a-acf5-e81e71316269.
niah_single_3,291265,3c20592f-c04a-46c4-b3b6-3fe1d1843324
niah_single_3,185900,935f2b0a-a138-4ddc-a2d9-de5d6a18ce4c
niah_single_3,244,There is no special magic uuid for productive-kitsch mentioned in the provided text.
niah_single_3,518603,f53d4330-cdda-44ba-ad06-e8cf3805f907
niah_single_3,107951,d92c9227-eadf-4085-bfcb-75468eb22579
niah_single_3,497633,The special magic uuid for oafish-harvest is: e45b712e-b822-4688-90a4-44329cd6c852.
niah_single_3,468808,be6033f7-28be-4288-a5af-6e39722764e6
niah_single_3,266209,a33dc7af-d701-410d-bf4b-1a70c074718e
niah_single_3,76370,8a476a87-e49d-481d-91d8-7c6455fa1ab8
niah_single_3,405974,7746d0ba-8ae8-405b-94b4-a48268586eba
niah_single_3,583188,e7a37e81-63b4-408b-ab8e-869fd5385b0e
niah_single_3,405979,d5f25073-f414-42b1-a442-9ebbda7b9095
niah_single_3,17044,7c5308bf-6f92-425e-85df-16b6382c043f
niah_single_3,387579,06e745f9-88bc-439c-9f4c-3b79fb10987f
niah_single_3,449945,dde9f863-22bd-4388-adb9-9102a48b3dbe
niah_single_3,449946,362f5e5c-53cd-4268-a10c-f37342999aa4
niah_single_3,407183,473bd358-610e-4a64-a130-1617c2dff335
niah_single_3,27205,f510ab53-c7fe-439f-9190-f938a66fd7f7
niah_single_3,138445,9f0fda8d-0537-4ff6-96d7-b3b833094d35
niah_single_3,198106,90604f62-1d48-4071-ab61-a7b1793b4c32
niah_single_3,16899,9424aed5-1bac-4c15-8fa0-3f26f6f7f0cc
niah_single_3,389077,60141de9-f54a-40a2-a874-66d7ad66a1bd
niah_single_3,593791,The special magic uuid for wakeful-flight is: af2b99b4-d9ac-4158-8d34-85c5c5c14eb4.
niah_single_3,419641,8861fe18-58e2-4888-8a83-81bec85aca46
niah_single_3,447392,a2b5b498-5cb8-4aed-b5f6-2c976efb63b1
niah_single_3,266204,f7294951-8591-41d2-bbda-02422d174fc9
niah_single_3,435984,The special magic uuid for friendly-perpendicular is: 4767d76c-162f-4a24-af43-613cd4aac9a3.
niah_single_3,197596,7cd0129d-2e8d-4e87-9334-20e6d9d80b8d
niah_single_3,266206,989d9d4a-e15c-4666-8797-b2c957207246
niah_single_3,479907,79e13cea-b0cb-461f-bd85-de89c2171429
niah_single_3,228600,The special magic uuid for absurd-extent is: 6786d506-38ba-4abc-8b53-05e517d2582e.
niah_single_3,518598,8db06746-7927-4973-9e78-1fd794e0d3ba
niah_single_3,185901,1ee34dc4-3b04-4a8b-805b-fdc94e7ed827
niah_single_3,169078,c31edbbc-f36c-462b-892e-6161be2d740a
niah_single_3,583186,b97e6703-46c8-4dfe-bbf4-7042bd1531c8
niah_single_3,264778,2067bdac-88bd-43d1-b540-b30e039f3a25
niah_single_3,127144,f1afdb65-b289-4224-8ac9-778d8da8eee4
niah_single_3,245877,0d270659-f72a-4a9b-af32-751e5738811d
niah_single_3,56121,7de31a51-6694-4343-90ba-58e3d2762bdc
niah_single_3,593790,6a8a616f-c3b2-40d0-8edd-dfcd1e52d770
niah_single_3,292427,715629ee-e893-4e3d-b354-ea6f61607459
niah_single_3,156790,14c8b3b4-a911-4192-83bf-d9313605bf54
niah_single_3,407173,00af5b3a-2812-459a-9337-739e8d4f5d27
niah_single_3,55968,743b65a2-dc0f-4fcf-b3f6-fe0d48603b32
niah_single_3,264775,26242b40-a5cb-43a2-b98d-1ca68b6870b5
niah_single_3,387584,4dd8eb85-b04d-4376-b7fc-97031fd5a423
niah_single_3,16900,40181c6e-9a8c-4a3c-9283-aac7bc0a6a5d
niah_single_3,562629,dc4ad56b-d601-4237-ac9e-d156f63fce41
niah_single_3,168608,473544f9-ea83-4f00-b135-f221a6c9537f
niah_single_3,156794,1ac70ec0-ab8d-4eb4-9230-dfbd5553b2fe
niah_single_3,389074,a99f1318-49c8-443f-bed7-0ed7b194990b
niah_single_3,107946,52c21221-409d-4602-9084-3242168b1625
niah_single_3,612934,There is no special magic uuid for momentous-centurion mentioned in the provided text.
niah_single_3,266199,341c6494-0d36-4dfc-828e-bd7071299889
niah_single_3,107948,7c16128d-b2c0-4394-a17f-29e170286046
niah_single_3,213548,17dc8eff-6872-43f9-8d60-593603802b70
niah_single_3,138444,d50755d9-a5d0-4d53-9e12-42e3f27292b6
niah_single_3,375083,The special magic uuid for pathetic-bitten is: 25074181-8d1f-4540-b4ef-f5453e652603.
niah_single_3,264773,81fb18b3-c9a7-491f-af2a-e71357021049
niah_single_3,583184,96418ced-d664-4264-8c6e-27ffb9de7a3a
niah_single_3,323742,585a0afa-7bfd-4c12-89e0-6ab37250ee18
niah_single_3,228602,304b8590-de9e-4757-9260-001eeecf67d2
niah_single_3,138015,62d60e93-6198-4d54-8fb8-7e6fe9d68f23
niah_single_3,323739,9716108e-f721-49bb-8096-27182051acef
niah_single_3,241,The special magic uuid for numerous-opera is 74f93d17-e912-44bf-86a4-bae41986b4b2.
niah_single_3,56121,2784378f-f84f-46b3-a79f-bfafdef57689
niah_single_3,76654,65c17795-b155-46bc-9f8d-ed9756abf2f1
niah_single_3,275326,3c19e71d-1184-45ad-9e11-d2cd0930aef6
niah_single_3,90034,c2a79689-1933-418c-ba74-57616f18c108
niah_single_3,27258,0769165f-e746-4cb9-8ca9-cf07b1aa0f6a
niah_single_3,168610,The special magic uuid for righteous-yin is: cae28e66-ae8a-4813-90e0-a95b697c3923.
niah_single_3,615679,61ee6c5b-deef-480f-9c07-a75114374509
niah_single_3,449947,3b70b3a1-24a3-4cf2-9549-c931e9af299d
niah_single_3,449944,e61ede90-0267-4eb3-aab6-12c9415d174a
niah_single_3,447388,40066ff2-b0b8-42ef-ac9f-82b9f6478986
niah_single_3,90032,7bb38605-da74-4152-a27b-41a1ffd6f232
niah_single_3,275939,4bbe4aff-9326-4ffd-9be4-bf5192698698
niah_single_3,336290,9b689c88-3ae9-49fe-8c82-18dac696f5e6
niah_single_3,127142,ad81f8bd-4029-43ec-9ef2-b93e30ac7d7b
niah_single_3,437700,c9e26074-4f16-49a0-8a17-991ea5769411
niah_single_3,528318,c958e75e-21d5-4971-b367-49b52cf6bf75
niah_single_3,322654,bf1e8366-4b8e-43d4-8e76-07adf7a67b94
niah_single_3,214599,c1101266-2408-46dc-9346-d1a9f6802cdb
niah_single_3,239,The special magic uuid for selfish-fate is 6502d6a2-ca6a-4224-971e-16cc5da36f1b.
niah_single_3,213547,acc216a0-1bbc-41f7-9f18-e583f0b6f83f
niah_single_3,291267,The special magic uuid for thundering-begonia is: 76da3ca0-d2e8-4f38-a2a9-d4d8102efde5.
niah_single_3,126284,899ca782-e323-4d1a-bc1b-dacc18e19331
niah_single_3,405974,The special magic uuid for sparkling-jade is: e2aa7a5d-278e-400d-ba02-66efbe055787.
niah_single_3,266208,f396ea37-f065-4817-a87a-48509d9b6231
niah_single_3,336289,8b621d41-5e09-49ee-af88-bdecfb1e143b
niah_single_3,449942,1f45dbfd-f7dc-47e0-b097-4b2b46a02a9b
niah_single_3,17041,The special magic uuid for ugliest-scent is 98de8ebb-a3b5-4ece-a446-be72364c911a.
niah_single_3,562634,c9776598-203c-4c25-bd23-5def3e5a87e3
niah_single_3,583181,The special magic uuid for big-sub is: 350843f0-8de0-4fc2-83e1-5a85d46ef104.
niah_single_3,596433,c9e48e8c-25c6-4c45-863d-04ee541c7a86
niah_single_3,126280,06998731-ddcf-4766-a93b-12cd1c24220e
niah_single_3,405973,bde13c1b-2073-4f6d-8d6a-05b343ef2016
niah_single_3,27204,9d77a45e-f206-4269-b8b7-7c0780fb9296
niah_single_3,435980,b65feea9-7d82-4264-9ba3-62e7afa415e5
niah_single_3,127138,10d08d11-25f9-44bf-9bb9-61555275eb94
niah_single_3,305809,b64fa54a-8c61-4654-95da-75c1a21150f9
niah_single_3,546804,da509fed-1d4a-4d81-b3a7-d0e0cb08587d
niah_single_3,323738,69efafb1-3a7e-4e14-a359-eee173991a47
niah_single_3,419651,50032b35-1857-4baf-bac7-e2b96a7e4c36
niah_single_3,468811,2713582c-f41e-43ac-9fd2-31094140752c
niah_single_3,546799,f4e559e5-9622-4348-8f5a-e9d38e6e5003
niah_single_3,419657,dfa4bb9f-5a85-4750-a92a-c1391f4a8ca1
niah_single_3,562628,1a85910d-5a05-4c11-8ffc-a6b199b479d4
niah_single_3,560040,47503f1d-c33a-4f6c-9d69-1fba5e187b24
niah_single_3,615684,c4767556-f97b-42dd-8f9b-72aed85c16bd
niah_single_3,266203,b18753e6-d457-4ad9-a867-a096edd877c8
niah_single_3,387581,The special magic uuid for abiding-medium is: 90fa6b57-24ac-4130-9eaf-528d2e709838.
niah_single_3,76652,07d924ce-f8c8-4fae-a217-8f84bdb025ff
niah_single_3,357145,284bf962-5744-4596-b422-21676b7a2460
niah_single_3,596427,914dcfae-f100-43a7-86de-b2f0530ac1c7
niah_single_3,44517,9e2aa4ac-c122-45b3-a84c-03d227d415b6
niah_single_3,596426,7c54535f-6c8c-4b6a-a974-d079716fda0a
niah_single_3,107953,The special magic uuid for motionless-elephant is: 832920b7-c143-4426-b72f-871a45ee432d.
niah_single_3,583185,adb14670-ad9f-400d-8882-d73c1c6345ab
niah_single_3,126283,36136e15-f200-4261-8d29-d1ab345512f7
niah_single_3,419651,7f54a511-01fa-464e-9eb7-4b5653ffd3a2
niah_single_3,499353,3ae88926-b423-4cde-8857-511761554667
niah_single_3,419646,0ad45230-bdf6-4ba5-9c9c-96de65a674c2
niah_single_3,275317,6aedfdc7-a3e0-4309-b5a1-b94967884209
niah_single_3,615681,2bffe17b-5324-41fc-b758-dce20556daea
niah_single_3,387579,1422373f-8622-48d1-a683-e10796c044d0
niah_single_3,336287,c6b6e4ad-e7ea-4d5a-b1a3-ac4d828c37e7
niah_single_3,593792,2c6a6e9a-3280-47a1-8187-222b257d5e52
niah_single_3,481788,c5d95f51-f387-41bd-ad59-72c6134a5a2f
niah_single_3,562632,ae5ec365-72eb-4474-9458-054ec2874f06
niah_single_3,468807,117b355b-7094-4bdb-a6a5-24e350ee7a92
niah_single_3,44520,97674900-4651-4367-8bdc-43184d85a3d2
niah_single_3,27253,The special magic uuid for quick-lock mentioned in the provided text is: 73b0a091-7634-4169-8f76-e38812fe28bf.
niah_single_3,76652,a508dc95-13a4-4492-897d-e16dd4ea120a
niah_single_3,27265,The special magic uuid for overconfident-exocrine is not explicitly mentioned in the provided text.
niah_single_3,468808,9ae1a991-524f-43ff-b030-7633a6ded1d8
niah_single_3,435977,3f6c21f7-0a05-47f0-ac2c-d22ba56895c6
niah_single_3,593795,The special magic uuid for macabre-conclusion is: adcc3daf-569f-4ab3-8643-530068a51c68.
niah_single_3,90037,54669d19-10df-4974-95ab-946da5b5cdc2
niah_single_3,596428,a8149562-da00-4f16-b946-9bcf4082cbb9
niah_single_3,337706,2434a678-a9e2-4ba9-952e-6abb14dd5061
niah_single_3,596435,The special magic uuid for tranquil-interconnection is: 2102f9c9-6457-4bc4-a981-b098b2cf952d.
niah_single_3,323741,The special magic uuid for huge-tracksuit is: caaa5bbe-a4bb-4962-a06e-0e1c8f158449.
niah_single_3,518606,bd20563b-f275-45f3-9436-a7a8b3ecb951
niah_single_3,17049,5ca0c428-822c-4d32-ac64-5c15aba301cb
niah_single_3,481787,577bc55a-36d5-4494-b37f-d50d2e25b5ee
niah_single_3,275941,13c11754-27aa-4cbc-a337-7bbcfffe77c8
niah_single_3,126286,9e374f7a-c42c-4c39-a05b-46c556363094
niah_single_3,615682,b15e54f6-d4d3-4795-ae4b-ebc429890880
niah_single_3,435974,c8a723e9-bfa0-46c2-809c-b50648f1096d
niah_single_3,468811,cf01f944-f731-4749-8f39-49a83d3a2582
niah_single_3,437700,fc043f08-9207-4158-b277-1f63ada58417
niah_single_3,407176,87079ad4-80be-4e35-a1c2-645ac7332304
niah_single_3,246670,df7d0dd7-236e-4608-9acb-394acd1f5318
niah_single_3,435985,The special magic uuid for handsome-neurobiologist is: 45d5a68d-290a-4abb-835b-9fea1578d709.
niah_single_3,355335,The special magic uuid for adaptable-woodshed is: 808389c8-657e-41c9-8da2-3e5c6a36af18.
niah_single_3,138014,The special magic uuid for childlike-merchant is 55d596af-a663-42cd-b6f6-dbf1d6d441cc.
niah_single_3,127142,The special magic uuid for alleged-garlic is: 78f2ce6b-d46b-415d-aada-79a34970ed9a.
niah_single_3,593794,f0b2a5d1-8c7e-4f42-a646-eaf9d5c0244d
niah_single_3,447396,9f708368-cb3c-48ca-a392-57316b79afcc
niah_single_3,138008,b7f28572-3def-4849-9336-4f7e83efa9f3
niah_single_3,562631,3d959e3f-5a52-46e6-9d64-29320066853d
niah_single_3,357150,8603156a-15ea-4bcf-ab10-21ceaa143cd8
niah_single_3,499359,fd034ada-c952-4185-81e0-3a5e8b48f496
niah_single_3,55978,c9dc72b8-5b6a-4102-8428-7378bf5023f4
niah_single_3,583190,1a89b71e-a0d5-42c8-a837-fe68bba205ca
niah_single_3,169074,The special magic uuid for daily-affinity is: 56ab087a-8bc7-4e81-9a30-45280b599562.
niah_single_3,275318,0977c513-752a-4d25-b190-1b7ec6b469ef
niah_single_3,305807,0aba590e-e2c3-48aa-b310-7475ca862225
niah_single_3,468813,8b040f49-d0be-43ee-bd37-253965f202f9
niah_single_3,355336,cca1b45c-1fdd-480a-85f1-861954f90429
niah_single_3,376973,f4dbca07-e506-4670-b092-947dbe4969ec
niah_single_3,518599,5e0a72ab-7f5d-4163-b12b-66807f072cb9
niah_single_3,304525,147f6570-1a43-4b54-923a-e9934b3446bc
niah_single_3,157370,6d15f16f-b7b8-41a5-9a45-693d7227890e
niah_single_3,337702,The special magic uuid for kaput-sonata is: debac186-ba10-4217-8ad7-c9a2727716ec.
niah_single_3,156794,83599af6-5d01-455f-a7fd-64c4a334058a
niah_single_3,355331,a52964ff-c74c-4890-bc6a-3174113634a5
niah_single_3,138443,9ae77eab-084a-4780-9136-f1f8f31046dc
niah_single_3,562633,13aec376-c359-410a-b1a6-014c5f3c44dc
niah_single_3,266205,a6499cdc-507b-4072-a5e5-8f345df06e8c
niah_single_3,518606,7fc15858-2fa0-4842-bc55-300b06a241af
niah_single_3,437698,42a259a6-c664-4285-8303-cbc11e2595b8
niah_single_3,481789,ffa623d0-ea9e-4c8d-b1a8-b71f491b90e9
niah_single_3,304522,d8741408-f7b2-47c7-ae92-ea71cf7dcb43
niah_single_3,292436,4a552ea0-8acb-4e09-8ccc-9cea109fd8ee
niah_single_3,126281,3373730e-fc31-4597-9f11-9c0f3967e60a
niah_single_3,55983,The special magic uuid for scintillating-exterior is: 161237c9-e25d-49a8-9ca8-a5c42138afe0.
niah_single_3,518601,7a89cbeb-b807-478a-b788-f5d1ffe575f6
niah_single_3,126286,The special magic uuid for oceanic-mobility is: 58321ee4-8471-44b0-ae1b-9f697740d831.
niah_single_3,44515,de431e06-e924-4069-80bb-ae526ec01269
niah_single_3,275318,e519dd7e-84d6-4c4f-b0df-1684f28e4122
niah_single_3,266204,8d03f17a-f4d3-45c1-a293-19fa3240d7a1
niah_single_3,499352,17eaec83-8892-442f-9d4b-2bf94d85e9c7
niah_single_3,76368,07437c3b-dd20-43bf-9342-af080a8bb5b4
niah_single_3,528322,e3954cb1-7f7f-4c0a-87c0-d116a394ed54
niah_single_3,435972,The special magic uuid for old-wisdom mentioned in the text is: 2877f5d9-0f56-45f8-b048-faa112ae5c22.
niah_single_3,138443,9b4e164b-5716-4c2e-b43a-da2a76e5ae78
niah_single_3,89508,8fc85fc0-83d5-4ceb-9edb-b8eec2baf0e0
niah_single_3,612936,6257a4a2-f204-4e89-8a4b-55630cf477ef
niah_single_3,497636,fef7d9ea-7f8e-4483-a8ca-aa1dc35bec2c
niah_single_3,76654,05eee1d4-7f53-488e-8efc-8248e10b1a47
niah_single_3,583195,3713b466-3da0-4476-b778-c676750d112e
niah_single_3,126285,6e51484d-1b84-4dc3-98e0-49de0217ea0e
niah_single_3,27252,5dae1201-673b-48bd-838c-1dec5da39a73
niah_single_3,546806,c3affcfe-734a-4ca3-8116-e3fc62e7c1a6
niah_single_3,355332,8ece1128-56ce-4b42-bc9e-1dcbcb7e6268
niah_single_3,27256,80051b10-66c1-4dca-8255-da619a3b0319
niah_single_3,304523,23c8afdb-83f8-4f16-a4a4-474c9b33e3a4
niah_single_3,292438,bd44089d-9dd2-49de-bd98-fe336498abe9
niah_single_3,107406,The special magic uuid for perfect-golf is: 54cc1e2a-5e4c-4287-8442-51dbd0d4ea67.
niah_single_3,17038,b9aed8e4-e615-49c8-8bf8-1f864ec3f970
niah_single_3,516554,2ba6adb3-7afe-4114-9561-c8130d259caa
niah_single_3,562636,08150147-3e00-480e-ae44-1e21d25864f2
niah_single_3,138448,6b352f85-504e-4687-b0e7-e75604d9145e
niah_single_3,615684,c66495a7-8077-4e33-a90e-7e6234323ec6
niah_single_3,168610,50521700-6077-46a3-8685-abaa7a768555
niah_single_3,291263,8edec44d-476c-468c-bf1b-e0d0f5141058
niah_single_3,481787,35102852-b474-4349-89fc-2cd8c56bad4c
niah_single_3,387580,6133a34d-8b0e-4eb1-ad37-1d9e92cf6021
niah_single_3,76654,f48f709c-49a2-4441-8ac4-de854a5b1aff
niah_single_3,264774,b2384849-8fe0-49b6-aeda-a8024568f426
niah_single_3,228603,3d4196fe-963a-4617-bdab-07e79d9d028e
niah_single_3,89508,78ef7666-b7a4-4719-948e-1f6b69ce1e4e
niah_single_3,466572,79c773a0-e0de-4c3d-a172-1c83ef5e4376
niah_single_3,76657,0f25477d-a559-40e7-8910-fade52380bf2
niah_single_3,27208,ef158d5b-2d00-4d05-966d-4627e1dace6a
niah_single_3,275947,f64e3dfc-bfbe-4c7a-afc5-97382fb21e66
niah_single_3,323737,1b780ede-9a4f-4c0c-9165-f2ed4c636e95
niah_single_3,107404,The special magic uuid for quack-pick is: cf0e6d2b-315c-467a-85d8-a6ad77d0359e.
niah_single_3,185909,aca58d95-915a-4c30-8b86-b5a1ca6fbff8
niah_single_3,419651,67ce378f-e5a4-483b-a383-889adb2c6ac8
niah_single_3,127142,2f4dd219-186b-4880-ab54-5a15669d01ff
niah_single_3,376975,42c2d2eb-01bf-4e73-bf80-0385ef9240b6
niah_single_3,292433,546252e7-f43b-4052-8459-bd6ec0f63229
niah_single_3,497630,afa28559-67c9-4204-a8e3-33b64e8adc4b
niah_single_3,275950,f0cd7f05-ea87-455e-a382-95d31e0ef546
niah_single_3,468819,22319050-f515-4494-b818-cfd33889936a
niah_single_3,227749,37e9d2e2-d35a-407a-aa02-17d0cd4f8b2b
niah_single_3,185902,The special magic uuid for barbarous-glove is: 8167999f-e723-4da3-8c32-bdb2d42a895e.
niah_single_3,107953,711c7673-8535-4a69-9abf-984e53ff8461
niah_single_3,447390,6a5943ce-8364-45e3-a1c7-1aa3741423b5
niah_single_3,17042,4ee4334e-ce92-4136-ac3a-812f765e6cb5
niah_single_3,528317,105291d3-b34c-4c73-9833-0b306c776e95
niah_single_3,405980,a43afb7a-c40d-4874-a2ab-7752c4db5a62
niah_single_3,376968,e821e716-eac8-4da1-9e9f-6f5b72d35458
niah_single_3,528318,2db0728d-1e5e-4e54-9907-7299dc3bbdd8
niah_single_3,242,390239d9-fa8d-4e42-ba54-e920209d180
niah_single_3,264776,27b608dc-589d-4cb0-b5eb-89c23f5cf2f3
niah_single_3,27202,The special magic uuid for fragile-pop is 980cb95c-19d4-4deb-9139-fa1234c1c3ea.
niah_single_3,228605,The special magic uuid for staking-grandchild is: 0c760d28-df49-4037-b40a-9181ac09bdb7.
niah_single_3,560037,d0d75e37-3bf2-425f-8a0d-2b73fe54ee4b
niah_single_3,305807,d18183d1-ac2b-4cfc-85c5-1060991121e7
niah_single_3,518608,a903ae67-fc56-4b53-a4ac-b722e0527739
niah_single_3,44447,7ee1011a-8e4c-4ab5-ad5d-0477adc29178
niah_single_3,305810,86433603-c92a-4d7c-a193-5990abdd1a8f
niah_single_3,530262,2f12b150-605f-41eb-8cc5-7e0d26332018
niah_single_3,546803,6aa0426d-f7c0-45f7-a9a5-3b4f8ff8869d
niah_single_3,185906,d453f867-b97e-4224-891f-691217abb863
niah_single_3,27258,9a591974-9adf-4709-ac75-c344608e149e
niah_single_3,549474,b96c1163-966b-4275-82fe-8954cdfd9531
niah_single_3,107410,The special magic uuid for faint-windscreen is bdd151b0-f64a-46ec-b0a5-648eefe9b3d0.
niah_single_3,389078,The special magic uuid for freezing-balloon is: 345af934-b42a-4d93-9aba-0f15b2149062.
niah_single_3,479903,e1fff6c0-8347-41da-9c11-ab6d42f5b3f5
niah_single_3,305805,78308631-b8f0-488e-bb37-afaecd8563ca
niah_single_3,580911,The special magic uuid for abstracted-ballpark is: 95831d58-ef4c-4119-8da5-d39b42c21797.
niah_single_3,376969,3ae28023-5472-4d2d-b239-9ffb27046f25
niah_single_3,323739,The special magic uuid for puffy-mukluk is: af521b94-f186-447a-a794-63208cf6e8b8.
niah_single_3,481783,bd5609c4-a446-4663-b93b-17fbf76d15fd
niah_single_3,44453,fd85d7fa-8ac9-4b01-a3ad-64d4eab9eb02
niah_single_3,138011,116658ce-3b3f-4800-a175-a9c3d7b102a9
niah_single_3,615680,0f79a8a7-5f8a-44bd-b4bd-0c938177b661
niah_single_3,549472,883f13c6-01b1-48e9-8406-ff447ce40679
niah_single_3,530255,465568b7-b8e1-4f56-8787-ea2104482a22
niah_single_3,419652,ac8d6c7d-b2a6-4468-902b-124380913ac1
niah_single_3,264774,5abca6e5-d0b1-43eb-809e-7a8086c5d1d6
niah_single_3,562637,7580e050-67f1-498c-b594-8a545f804eeb
niah_single_3,466570,8d7dd772-608e-4f5c-a117-727067c0518b
niah_single_3,481791,152aeaec-2bdf-4b41-b3ed-a8f1026b5383
niah_single_3,90041,fa323f69-90db-4ad6-94ce-26bec8cce2c2
niah_single_3,562636,b139c476-de3c-488b-a6b9-d31a361f6d90
niah_single_3,266202,The special magic uuid for green-escape is: af36b8cc-1308-4974-ac95-b3ac0beb7c34.
niah_single_3,291260,13b22cec-edca-4f94-a5f6-ba53d226a8b3
niah_single_3,76369,ca5e151b-23d3-4d4c-bd5f-f093c16f9bcc
niah_single_3,56119,d6b361e4-3b6d-4a0d-afe5-040b1901ef87
niah_single_3,389078,9879cf35-f471-4986-9d26-4599c4dd8df5
niah_single_3,437700,fe1a1ba9-c896-4c5b-85f8-c28da255e1bb
niah_single_3,419649,601bfbcb-f0ee-4cce-8d93-e14a5b167158
niah_single_3,615681,There is no special magic uuid for uptight-purse mentioned in the provided text.
niah_single_3,138447,4499d0a6-1500-4170-92d1-5585b68e47fa
niah_single_3,291260,f165d779-0154-4950-976d-e21f1b46ebdc
niah_single_3,76654,21ebfaa9-1a2b-469c-850f-69eec2e79a98
niah_single_3,593797,17d30f32-8de1-496c-9a9a-206a16f142a2
niah_single_3,156791,6177a771-af70-4e70-ab69-c95e85671b58
niah_single_3,55978,7bf69552-4cbc-4044-abcd-5ce746a56fe8
niah_single_3,481789,a002352a-b88c-4dde-bf20-86c2f1b88d65
niah_single_3,389081,01bb819c-4dfe-4117-a2af-711f1b628a9d
niah_single_3,437704,The special magic uuid for symptomatic-buckle is: 545cd88d-dcb9-475e-8dd7-f460614077d3.
niah_single_3,185905,b1fead13-f280-4f1d-9a6c-0db952171c88
niah_single_3,305802,f7fe604f-65f3-4779-b6ee-5cdb2d79a2d1
niah_single_3,562630,f7bf5244-7db2-47aa-a205-e54fb1e8c09d
niah_single_3,389081,c92e8c93-d105-48d6-87c1-c01760452909
niah_single_3,530260,979c30cf-3326-4887-9058-81dfee9bf3e1
niah_single_3,449944,f3f81c31-06e3-4949-8cd3-4c62c4829b71
niah_single_3,56122,b15da72d-d4ce-427c-8a94-ae9fcc351e4f
niah_single_3,228598,The special magic uuid for uneven-grid is: 4d8670bd-a222-4f96-a3a1-3e207fd255ee.
niah_single_3,376967,The special magic uuid for trite-producer is: ca00ef58-6c52-4d13-b719-bb682775ee42.
niah_single_3,389077,950df1a0-7aaf-4001-9912-316afd9e8e20
niah_single_3,530254,5c0a1feb-f7ea-466e-8a6c-af9b09697101
niah_single_3,337706,aa2960fd-a858-44df-bf8c-1097c4da2c2e
niah_single_3,389082,fbcdbf5e-902f-4465-8b57-07209cd8758b
niah_single_3,214596,423cad9d-193e-4783-82b3-42541b1f2eb1
niah_single_3,275323,1ac3bf31-7b96-42d1-8649-bcf6ff69723d
niah_single_3,138446,baeb286b-f0d0-470f-94d1-3d551db6b844
niah_single_3,435976,The special magic uuid for juicy-skeleton is: b8d49848-702b-449f-98fd-d2b979e5c9aa.
niah_single_3,156791,The special magic uuid for jealous-flame is: ccd015c1-ad59-40dd-9bff-3142a5e15b55.
niah_single_3,549461,54bbbcf8-28fe-4761-8d49-fe3f2ca8f783
niah_single_3,612933,0779250a-6544-4313-aea0-5d13a84554c3
niah_single_3,55977,cbc72f1a-cf08-4a54-b429-9924c0986750
niah_single_3,449941,327375bf-5373-4f4d-9da4-9cb92fdc9992
niah_single_3,305804,871854c1-7d4e-426e-9cd5-bfaeabb316a7
niah_single_3,337707,591196dc-1d3e-403a-9645-f0e4647dc392
niah_single_3,292432,b4bba73f-ac70-41d1-9051-267f2c2ac34b
niah_single_3,375086,The special magic uuid for economic-gunpowder is: 82c56b21-2430-42da-b185-0eb85f90fc87.
niah_single_3,168615,a52fc3ec-eb4e-4281-b184-d1fc8991b01a
niah_single_3,437703,508850d3-2fe5-4140-a3ea-795649f1137d
niah_single_3,479912,68bd075b-7eb6-481e-a72f-947d816462cb
niah_single_3,76655,2ad11fe8-7d1b-495e-b1a0-449dd703262f
niah_single_3,530255,The special magic uuid for faulty-savior is: 398f569b-465c-42cb-885e-b4894ac66780.
niah_single_3,481786,be15ad12-90ce-47e9-b513-03b9c7de96ea
niah_single_3,357151,8b0901ab-c66d-4eb3-8494-5e091d3ca5a4
niah_single_3,419645,fd61f13b-37f2-4d36-8bdd-cee370fd6672
niah_single_3,435976,164484a0-d115-4fff-9cb9-1d5f593c572b
niah_single_3,337706,96822e22-bcd4-444f-8f8a-368e35ba9357
niah_single_3,198104,34e50699-c8eb-427a-a3a4-e70e9dbc15c0
niah_multikey_1,481711,2642635
niah_multikey_1,516571,1981186
niah_multikey_1,596518,2149597
niah_multikey_1,497822,The special magic number for orange-mangle is 6304573.
niah_multikey_1,89937,3646552
niah_multikey_1,323889,4533779
niah_multikey_1,546816,1162230
niah_multikey_1,227606,7907400
niah_multikey_1,107482,6891254
niah_multikey_1,528441,4188992
niah_multikey_1,407223,6038571
niah_multikey_1,447521,6406444
niah_multikey_1,375152,2221854
niah_multikey_1,549605,1093026
niah_multikey_1,264509,5013879
niah_multikey_1,198236,7426265
niah_multikey_1,247,8816912
niah_multikey_1,377101,8312114
niah_multikey_1,562581,3768991
niah_multikey_1,305717,7360307
niah_multikey_1,447595,3556551
niah_multikey_1,56128,7296605
niah_multikey_1,323879,7217147
niah_multikey_1,419753,3566765
niah_multikey_1,449993,5679639
niah_multikey_1,479956,7818732
niah_multikey_1,292437,7784725
niah_multikey_1,89512,5747930
niah_multikey_1,549608,6071208
niah_multikey_1,227604,6097514
niah_multikey_1,405954,2259379
niah_multikey_1,214453,5833597
niah_multikey_1,528449,3086308
niah_multikey_1,76376,8312936
niah_multikey_1,27261,9312590
niah_multikey_1,480011,9363326
niah_multikey_1,447464,5896624
niah_multikey_1,246,4197911
niah_multikey_1,530134,9125900
niah_multikey_1,516569,3551903
niah_multikey_1,418270,9186400
niah_multikey_1,337780,The special magic number for voracious-guilder is: 6024207.
niah_multikey_1,481581,4020853
niah_multikey_1,375220,5195951
niah_multikey_1,389269,4979651
niah_multikey_1,185976,7121355
niah_multikey_1,245957,7619862
niah_multikey_1,17047,7232293
niah_multikey_1,407295,4713925
niah_multikey_1,407162,2630611
niah_multikey_1,447594,7162857
niah_multikey_1,16971,3427461
niah_multikey_1,468942,8062546
niah_multikey_1,138038,2811298
niah_multikey_1,304592,6686328
niah_multikey_1,593890,3050700
niah_multikey_1,336485,4794319
niah_multikey_1,377100,1514340
niah_multikey_1,497836,2368710
niah_multikey_1,107493,The special magic number for hissing-solicitation is 4543918.
niah_multikey_1,450057,7378822
niah_multikey_1,76375,5082173
niah_multikey_1,479953,2264218
niah_multikey_1,583336,6422534
niah_multikey_1,275965,1954456
niah_multikey_1,156656,8344365
niah_multikey_1,323869,6614484
niah_multikey_1,291228,6510922
niah_multikey_1,612989,6649968
niah_multikey_1,126290,9437374
niah_multikey_1,157440,2721170
niah_multikey_1,138095,6625238
niah_multikey_1,447530,8043503
niah_multikey_1,528385,9825812
niah_multikey_1,56132,6991041
niah_multikey_1,169214,8795078
niah_multikey_1,389081,1703065
niah_multikey_1,76374,9712003
niah_multikey_1,355397,6914963
niah_multikey_1,357039,8351320
niah_multikey_1,197599,9686324
niah_multikey_1,437845,9240971
niah_multikey_1,387648,2446455
niah_multikey_1,156652,9692311.
niah_multikey_1,612983,6664316
niah_multikey_1,126292,6707484
niah_multikey_1,479951,3673322
niah_multikey_1,44518,8229768
niah_multikey_1,127284,5692934
niah_multikey_1,27263,The special magic number for decisive-hutch is 4333857.
niah_multikey_1,466763,6643410
niah_multikey_1,405976,6262886
niah_multikey_1,185908,5435261
niah_multikey_1,549619,5993143
niah_multikey_1,227537,5548852
niah_multikey_1,560156,8980915
niah_multikey_1,185976,9796605
niah_multikey_1,275984,6655803
niah_multikey_1,246,There is no special magic number for mature-sensor mentioned in the provided text.
niah_multikey_1,357181,4951390
niah_multikey_2,338265,The special magic number for chilly-gear is 2001726.
niah_multikey_2,387505,The special magic number for hurt-engagement is 1111223.
niah_multikey_2,51254,The special magic number for uppity-aspic is 5780834.
niah_multikey_2,354451,The special magic number for cagey-longitude is 4398322.
niah_multikey_2,206979,The special magic number for spicy-secretary is 5008414.
niah_multikey_2,115379,The special magic number for relieved-aluminum is 9406482.
niah_multikey_2,457975,The special magic number for deranged-seal is 9696506.
niah_multikey_2,445611,The special magic number for trashy-crisp is 9182921.
niah_multikey_2,2706,The special magic number for lopsided-baker is 1362132.
niah_multikey_2,308653,The special magic number for typical-laborer is 6465589.
niah_multikey_2,194820,The special magic number for piquant-blogger is 5835361.
niah_multikey_2,127697,The special magic number for profuse-lane is 5537295.
niah_multikey_2,434646,The special magic number for auspicious-weasel is 9512938.
niah_multikey_2,393509,The special magic number for rabid-cummerbund is 8560858.
niah_multikey_2,190970,The special magic number for stale-bookmark is 8389469.
niah_multikey_2,227399,The special magic number for willing-croup is 6644065.
niah_multikey_2,229044,3612907
niah_multikey_2,387970,The special magic number for black-inquiry is 1192705.
niah_multikey_2,174970,1403019
niah_multikey_2,315438,The special magic number for aboard-lumberman is 2622325.
niah_multikey_2,41960,The special magic number for daily-attainment is 3098503.
niah_multikey_2,191906,1724904
niah_multikey_2,388939,The special magic number for troubled-lesbian is 5895609.
niah_multikey_2,98970,The special magic number for moaning-proponent is 2024980.
niah_multikey_2,299665,The special magic number for open-thistle is 8171026.
niah_multikey_2,282511,The special magic number for nonstop-wind is 1178401.
niah_multikey_2,313324,The special magic number for economic-octopus is 6563788.
niah_multikey_2,56092,The special magic number for ceaseless-netsuke is 7256639.
niah_multikey_2,465248,The special magic number for difficult-finger is 3230274.
niah_multikey_2,1427,"The special magic number for ""decorous-detail"" is 5537504."
niah_multikey_2,1327,The special magic number for mindless-seizure is 1196604.
niah_multikey_2,231402,The special magic number for grieving-princess is 1625953.
niah_multikey_2,49710,The special magic number for kind-dinner is 4045050.
niah_multikey_2,343555,The special magic number for spectacular-hashtag is 9502946.
niah_multikey_2,290633,2065259
niah_multikey_2,159298,The special magic number for wrong-oar is 9018456.
niah_multikey_2,300387,The special magic number for absent-popsicle is 3300042.
niah_multikey_2,49614,The special magic number for worthless-civilisation is 9991480.
niah_multikey_2,158523,The special magic number for efficient-surround is 6922801.
niah_multikey_2,355706,3506280
niah_multikey_2,38468,The special magic number for redundant-runaway is 1154009.
niah_multikey_2,197350,The special magic number for rhetorical-eligibility is 7629283.
niah_multikey_2,141095,The special magic number for statuesque-almond is 4584772.
niah_multikey_2,414744,The special magic number for courageous-deck is 3017511.
niah_multikey_2,164162,The special magic number for disillusioned-dysfunction is 4349450.
niah_multikey_2,86613,The special magic number for small-spank is 4492096.
niah_multikey_2,185103,The special magic number for silent-spud is 8318466.
niah_multikey_2,199110,The special magic number for greasy-geometry is 6412685.
niah_multikey_2,280498,The special magic number for eager-earplug is 2527800.
niah_multikey_2,4556,8538304
niah_multikey_2,78191,The special magic number for muddy-noir is 6090054.
niah_multikey_2,59774,The special magic number for functional-few is 4406406.
niah_multikey_2,107866,The special magic number for tight-plenty is 2506250.
niah_multikey_2,394454,The special magic number for new-mascara is 4127412.
niah_multikey_2,141951,The special magic number for rainy-squash is 9791214.
niah_multikey_2,360551,The special magic number for purple-shipyard is 4618048.
niah_multikey_2,108595,The special magic number for wise-initial is 4361986.
niah_multikey_2,170786,The special magic number for abusive-sheep is 2297951.
niah_multikey_2,349187,7797550
niah_multikey_2,412983,The special magic number for mute-bridge is 7762171.
niah_multikey_2,266091,The special magic number for subdued-interject is 1578193.
niah_multikey_2,266062,The special magic number for black-herb is 7976842.
niah_multikey_2,146227,The special magic number for hilarious-scalp is 9774691.
niah_multikey_2,405887,The special magic number for rhetorical-autumn is 4792723.
niah_multikey_2,61930,The special magic number for giddy-scrim is 4467145.
niah_multikey_2,92498,3486938
niah_multikey_2,332546,The special magic number for unadvised-behest is 5320863.
niah_multikey_2,128062,5541897
niah_multikey_2,299822,The special magic number for labored-turnover is 4955999.
niah_multikey_2,36596,The special magic number for giant-roller is 2781682.
niah_multikey_2,179676,The special magic number for lethal-repeat is 6545419.
niah_multikey_2,414199,The special magic number for tangy-min is 1393387.
niah_multikey_2,54240,The special magic number for dysfunctional-immortal is 5017699.
niah_multikey_2,456723,4507308
niah_multikey_2,219275,The special magic number for low-workbench is 2414364.
niah_multikey_2,237280,The special magic number for thirsty-interview is 5737957.
niah_multikey_2,276274,5123086
niah_multikey_2,297555,The special magic number for addicted-scorn is 1383057.
niah_multikey_2,171731,The special magic number for sordid-musician is 2646031.
niah_multikey_2,181439,The special magic number for hospitable-legume is 6561197.
niah_multikey_2,385715,The special magic number for rambunctious-sanity is 1518332.
niah_multikey_2,380155,The special magic number for quaint-tactile is 3238708.
niah_multikey_2,217455,The special magic number for aware-probe is 9238283.
niah_multikey_2,95101,The special magic number for energetic-concern is 6985422.
niah_multikey_2,231724,7731489
niah_multikey_2,415626,The special magic number for amuck-desk is 2414326.
niah_multikey_2,153948,7590366
niah_multikey_2,33861,The special magic number for foamy-husband is 7079494.
niah_multikey_2,198581,4789689
niah_multikey_2,59993,The special magic number for average-motorboat is 7348137.
niah_multikey_2,138996,The special magic number for muddy-forelimb is 3021048.
niah_multikey_2,29815,The special magic number for picayune-cone is 3213197.
niah_multikey_2,14132,The special magic number for incompetent-cupboard is 4973853.
niah_multikey_2,201930,7310899
niah_multikey_2,374591,The special magic number for learned-wife is 4913117.
niah_multikey_2,10001,6482494
niah_multikey_2,474719,The special magic number for feigned-pipe is 9499287.
niah_multikey_2,435615,The special magic number for scintillating-pate is 5695608.
niah_multikey_2,210829,The special magic number for depressed-hosiery is 3321548.
niah_multikey_2,89601,The special magic number for sleepy-shackle is 5940742.
niah_multikey_3,240004,The special magic uuid for fc1391d3-23f6-4970-bf66-fa4239bac955 is d5565226-a16b-4ccc-8149-dfa142952417.
niah_multikey_3,250492,The special magic uuid for e8053392-2d12-494e-b63e-7fe19d0ede28 is 3954e4e2-ab98-4db4-8694-b1db03a1bb5e.
niah_multikey_3,197140,The special magic uuid for 6c8a9aaa-7039-4a01-9923-48e0f604bcc9 is 6c4e1db0-0cd4-48c3-b2b1-37ec3a2f10e7.
niah_multikey_3,93856,The special magic uuid for 95b46cf9-ee78-4f42-8fc2-5397de057b0b is 23bb0e07-a945-46a4-b605-7b9bb3d1aab8.
niah_multikey_3,66496,The special magic uuid for cc16931f-65aa-4ec6-a339-46a6c18c2192 is c9e797e4-f9c2-4437-b082-0e09c20a2cfa.
niah_multikey_3,163738,The special magic uuid for 73a6ce63-f327-4efa-927b-254eaf7c6f6f is 3ee0a3b3-c3dc-43c8-9f6f-c85ef9e5299d.
niah_multikey_3,110158,The special magic uuid for 1903c61d-954d-423f-bc13-0f52fd0ebb4a is 01e9cc8e-fec4-47aa-a850-11604a1cb371.
niah_multikey_3,149374,The special magic uuid for 46dce6f1-6699-4097-a4e9-f9b183d34664 is fc31a9db-3835-4f70-9c3b-fa81f83ec766.
niah_multikey_3,256876,The special magic uuid for 84ae1dfd-4403-45da-bda9-3ece7f29dcf7 is 9ff95952-af65-42e9-ad68-8d4368c4b851.
niah_multikey_3,238294,The special magic uuid for 17792cd3-741c-484b-9c7f-fff2fa793f07 is f0520313-31b9-4ed3-ad43-713d50f32e61.
niah_multikey_3,205804,The special magic uuid for 9a44e2e8-1189-4c18-a98e-dca46be0c474 is 9bdc28cf-c3b9-4678-a5aa-d55bd58172ba.
niah_multikey_3,9496,The special magic uuid for 2b34e92d-56b5-48d6-a3a9-075bfceec118 is 05948d64-1b38-41fe-47ee-504ee362a18a.
niah_multikey_3,219826,The special magic uuid for 1a7b88e3-0ea6-40ce-850d-3820added879 is 2c327de4-7f16-4738-8e01-2a37463c66eb.
niah_multikey_3,181180,The special magic uuid for 193a230a-0e08-4581-861c-1db74f917890 is 7009ef93-a561-484f-a8e2-5818598dd7e1.
niah_multikey_3,107536,The special magic uuid for 742f023c-1c96-4b1d-973a-d329973f287b is 6b1c0578-13d0-4b7c-917e-4361949397bc.
niah_multikey_3,137062,The special magic uuid for 18d3923b-6dfd-4602-98a1-f68354dd51a7 is 7c4ec518-9631-4cff-8fb3-ce4f165d40a5.
niah_multikey_3,50878,The special magic uuid for 4da5fb1a-aebf-49a5-b778-f7b78391ccbc is 4b7e11b7-7e7a-4a2d-8f5e-21058854206e.
niah_multikey_3,157582,The special magic uuid for 8b21c97e-5c51-4d1b-99b2-0e4826935d42 is b697cfb8-04ef-4fd4-b6b8-218d9921186a.
niah_multikey_3,55666,20ce1e74-8cf9-4d3b-9cdd-5ef914793e4d
niah_multikey_3,242512,4c386cb0-cac7-485c-a69d-1e8bcc7d24d6
niah_multikey_3,172174,The special magic uuid for a8a2aac2-1211-41b8-8f44-d8150d66902c is 812ddf7a-a6b2-48fb-ba64-7ea7643909ac.
niah_multikey_3,3340,The special magic uuid for 3b9bf51b-a9f9-4071-91fb-0d4f809d5d83 is 3b9bf51b-a9f9-4071-91fb-0d4f809d5d83.
niah_multikey_3,83482,The special magic uuid for b6283f84-5a64-4403-96bf-b4c97c174d0f is a6b8f250a-4f12-4b10-a838-e2efb48e746d.
niah_multikey_3,29446,The special magic uuid for 3c997e8a-ac62-4584-921d-6732dbbd0f4b is 1e1ddef7-6f95-4953-8994-30b0934e996e.
niah_multikey_3,144472,The special magic uuid for e1aaf32a-d3b4-4222-b555-f8698b22e547 is 3909d258-ee3c-4112-b7c4-02435b95e315.
niah_multikey_3,195544,The special magic uuid for 494b652b-afaf-440c-b807-f78df177565e is 494b652b-afaf-440c-b807-f78df177565e.
niah_multikey_3,223018,The special magic uuid for b3b95209-97bb-4faa-8ac8-9783d74f8b08 is 1afe8661-bde7-4750-99c1-1f24e82742f9.
niah_multikey_3,234988,The special magic uuid for 1233754b-7bd9-4d8a-8a32-0d0664e45fd9 is 30620786-2a91-4418-a126-1136de1bda23.
niah_multikey_3,22036,The special magic uuid for 314469b6-f19c-4894-ab75-217f2330e4b2 is 80da9cff-fd1c-498e-b3c4-93c89ebafddc.
niah_multikey_3,170806,The special magic uuid for 9542bc73-6d2c-4c6a-ba7a-e7b57eba9b2f is 6df9102a-5b6e-41f7-aa42-291fb2499f3a.
niah_multikey_3,205234,The special magic uuid for 7f175701-4f51-4ee7-a7bd-0858ede90352 is 1fc89f0a-29c9-409a-9ecb-78ec4c2ce899.
niah_multikey_3,23290,The special magic uuid for 9c642190-0a81-4954-b25c-73e8b10b6442 is 4e0a4a1f-8a4f-4b5d-8e3f-5a1e5a8b3a4d.
niah_multikey_3,177418,The special magic uuid for df3c715e-9327-46ae-ba8f-a6d4d422d189 is 3c42a8e2-84f8-4956-a582-8af952df0970.
niah_multikey_3,173656,The special magic uuid for cebf074e-4477-4881-8042-a7e8c5886b1a is 40312b52-e399-4709-aba6-c0aed287f070.
niah_multikey_3,1288,The special magic uuid for 06b80b0a-2467-4f3e-ad07-8e1d07f3c6b3 is 60b1471f-600b-424b-b5fb-00246096d660.
niah_multikey_3,189046,The special magic uuid for 7945947d-fb29-42c9-8393-81bca7f2f8b5 is 85ef6f5b-6c09-4e2f-890f-71f8301ead34.
niah_multikey_3,245020,The special magic uuid for fec0fe46-250b-463f-bc7d-f2d0f550bf6d is 3aaefb55-ce2c-43e7-981c-173ff5072639.
niah_multikey_3,116200,The special magic uuid for daf74728-73e4-4c9a-8a45-19cd296d8d3b is 6677cab6-26a8-45c9-b1c5-a712fe64a8ff.
niah_multikey_3,189616,The special magic uuid for fb376fb6-5e99-40b9-a174-550e030f4882 is 7a6c9058-692e-41af-af14-0d4bc1b4f566.
niah_multikey_3,52474,The special magic uuid for fac6dfc2-2645-488f-ab0e-5ff43628b76f is 19ac1c50-155a-4c8f-8e44-691f207a57a6.
niah_multikey_3,51220,The special magic uuid for efa72cf3-60f9-4eea-b646-4f7a378edc98 is 6fe09dc6-8f69-4cbe-9b6b-b766627fa0ab.
niah_multikey_3,130108,The special magic uuid for 89772bae-4aab-4cdf-89a1-7b5947fb1bcd is 89772bae-4aab-4cdf-89a1-7b5947fb1bcd.
niah_multikey_3,15880,The special magic uuid for d995765e-310d-47ce-b0d7-4ea5831e7b22 is 5d2c47d0-b4f2-4bfd-b2e3-dc29b6143d4c.
niah_multikey_3,102862,The special magic uuid for 443aab2f-779d-4aaf-ab58-03d6ba10d131 is 32d8d9d6-c206-48c0-b5bf-5c090434b220.
niah_multikey_3,209908,4a6c396c-08ec-4ce9-ad2b-7a38cb8fdd63
niah_multikey_3,42670,The special magic uuid for 60c0e2fa-c4ce-44c0-abad-2342b87c8629 is 972290b2-032a-4813-b01a-c8d76963b802.
niah_multikey_3,187222,The special magic uuid for e32d8542-d84f-4c0c-971b-9c8013542700 is e5f348c3-c7d3-48ab-b7fd-24d97a35d8a8.
niah_multikey_3,186652,The special magic uuid for f07c6847-9b86-4f44-bdc6-2df855eaa66f is 9d4004a7-a5d6-4d2f-b4e4-085af6aa78c4.
niah_multikey_3,165334,The special magic uuid for ef36bc19-361d-419f-940a-3c13103fc53f is e43c8260-e723-40cf-b343-84e500761c47.
niah_multikey_3,68548,The special magic uuid for 5d9b4812-873a-4e80-a415-21baa2091772 is 940ab017-6e2b-46b7-94af-9f16222e3f35.
niah_multikey_3,168982,The special magic uuid for b5c3ed2d-615c-4bf3-b315-5a88fa8b493a is 5b5545c9-57bf-48ab-944a-5c96ade25e4a.
niah_multikey_3,49054,The special magic uuid for df188b18-5c38-4055-925f-5b0b0609b0f0 is e75acbed-ec8b-4c37-9640-f420dffecc6b.
niah_multikey_3,121216,The special magic uuid for d235080c-9d87-41d8-9e27-3ec284a04117 is bb33bd21-2478-44c1-8408-5bd5918aa541.
niah_multikey_3,189844,The special magic uuid for 6067483a-1b5c-4222-88f4-51ad60b66f1e is 546402f2-d7cf-4c25-a65a-680bdb186a42.
niah_multikey_3,83710,The special magic uuid for 0ce210e8-6b7f-4e37-9d6b-421cdc7f5051 is 6c53f801-b466-4146-8141-bb8a75edf311.
niah_multikey_3,9382,The special magic uuid for 5a262603-ec60-488a-98f6-32e8fa6756e7 is 370b8e48-5a5a-4b5e-b826-da4f31c1788a.
niah_multikey_3,63532,The special magic uuid for d86dd194-78bd-4a0d-bb9a-1e8875beb394 is 14675f60-68f1-49ec-8e54-b08995bd4863.
niah_multikey_3,140026,The special magic uuid for 024e656f-52a8-4ff6-bca3-9355bd47d166 is a24c6b11-0f32-4f93-9181-eb66b72f8acc.
niah_multikey_3,195202,The special magic uuid for e7dab32a-8abd-4292-95ae-309bbff5e65f is e9a91c8e-e37c-4d96-a0df-598da67da55b.
niah_multikey_3,151768,The special magic uuid for 2549298d-cc68-43f6-bc84-9470448e664f is 2549298d-cc68-43f6-bc84-9470448e664f.
niah_multikey_3,243310,The special magic uuid for 8c97b33a-37cf-411f-9c7b-ba418148d7dd is 1b15f553-11c6-45e8-b736-0fb4268fe293.
niah_multikey_3,174568,The special magic uuid for 4502badf-6456-40e3-b8ef-9c65029f979b is 4502badf-6456-40e3-b8ef-9c65029f979b.
niah_multikey_3,187450,The special magic uuid for 9061f7af-9362-4a52-b3fd-3c75d417889a is 9061f7af-9362-4a52-b3fd-3c75d417889a.
niah_multikey_3,162940,The special magic uuid for e3e12aea-40f1-4d41-9cd7-dfc27833c769 is 801f0311-b64c-4b33-8c19-5e46a6ffd503.
niah_multikey_3,96592,The special magic uuid for dad25b7c-2d77-445e-9ba0-4367040d0142 is 77f2b3f9-28e2-4e96-9e19-707ea9d8db93.
niah_multikey_3,193036,The special magic uuid for 25491915-cbaa-48b9-9d01-6b9e16445b15 is 36e5ecc3-fa9b-46d7-9069-0b49a57dbb0e.
niah_multikey_3,84166,The special magic uuid for 946110c5-fe83-43c5-b213-70ab5450d029 is 5c5a2e78-64c7-44cb-8778-e7656aa7d162.
niah_multikey_3,23062,The special magic uuid for 1f4ece94-602d-4793-9ed9-370dc6107589 is 7d368ed9-3f20-483e-8bb4-38c91c83d3f0.
niah_multikey_3,207514,The special magic uuid for b9b4bda3-3e1f-4f88-9d17-f75294da453e is 3b08086e-e487-427e-9fa9-a9549725be71.
niah_multikey_3,65470,The special magic uuid for 992fe166-90fa-478f-a2f0-78c2b85b5127 is b3d72ea9-a94b-40dc-a4bd-3d21911ffa7c.
niah_multikey_3,43924,The special magic uuid for 6d66a121-f265-40a3-a366-51b2cf5f63ba is 2dad48a0-c753-4a91-85fa-69c93c32cd4d.
niah_multikey_3,179128,The special magic uuid for 75ae3df5-bc63-4eed-9d47-f1d6854b4e99 is 75b22c3a-34e0-4266-a1c9-89745a98f467.
niah_multikey_3,253000,The special magic uuid for 91895ee4-7260-45d1-97f0-1a107287b670 is c284f81c-a42f-43e2-a562-617d8099ae5b.
niah_multikey_3,208540,The special magic uuid for 25f90c79-289c-4e36-b9cd-6a77123ce8a3 is 25f90c79-289c-4e36-b9cd-6a77123ce8a3.
niah_multikey_3,201244,The special magic uuid for 66e7a617-0b5f-4933-a203-aaf5a65bb532 is 065722bc-4f98-4bff-843d-f323d7c0246b.
niah_multikey_3,211048,The special magic uuid for 297df3b6-4e89-418c-8594-c3077882221b is 89acf91b-351b-407b-8e4b-e2e73a602421.
niah_multikey_3,49282,The special magic uuid for 6b696165-e92f-4600-90ab-e14060b3b7ee is f3efce0a-3220-49ac-ad3f-79dd7422a1b7.
niah_multikey_3,62848,The special magic uuid for 9244952c-d590-42bf-abcb-730d2c5fa18a is 0dc4c532-950d-4703-8a6e-7362b3f30012.
niah_multikey_3,144814,The special magic uuid for a3243ec9-481b-4d9f-aeaf-df46dfde4548 is 0da93aff-1901-4326-b2ea-b13b4eb9a4eb.
niah_multikey_3,151426,The special magic uuid for 4e441eea-f943-4b22-a333-1a6f599c0dc7 is 7805c0da-cc12-4215-b827-094f34afa901.
niah_multikey_3,139456,The special magic uuid for d44776fe-5cbf-46d8-aec5-dc511a98b9bd is 8c0c6db2-fdd7-4b7f-b673-8993a4f9f17e.
niah_multikey_3,20896,The special magic uuid for 5277ee6a-5884-4276-8b15-552beaa487f0 is 27a5d483-3052-4545-adb0-2dc0ee72cf2c.
niah_multikey_3,55210,The special magic uuid for 0955631a-8c83-4836-893d-91962704468d is 256e4d1f-3887-433c-93d0-e9e2147f5c10.
niah_multikey_3,155758,The special magic uuid for a3750214-1ae9-4f21-88af-ee61567497f1 is 2a7c8598-d0c6-4701-8ccd-527b9a7e3ab9.
niah_multikey_3,114034,The special magic uuid for b1ba5f24-6db7-4078-a361-56831f2beb6d is 30d37372-23ab-4d70-a148-7f5cfdcc996e.
niah_multikey_3,7672,The special magic uuid for eab74c20-cb4f-409e-9b2a-3d5eb4ba07b5 is: 3e5a1c6f-8a4f-4a4a-8bfe-5a5b3d3d3d3d.
niah_multikey_3,237268,The special magic uuid for da122ab9-389b-4da3-a8f8-a2d84febdba7 is 46733a58-1050-4c06-92ee-6651be1f21a1.
niah_multikey_3,104914,The special magic uuid for 10ce9bfc-ac6d-4732-b2d0-3f179cf6e7c5 is a87fbcd3-41b2-48d8-9c10-2a54e23a5002.
niah_multikey_3,74248,The special magic uuid for 5886789f-eba1-4915-aed8-03667cc0ccd4 is 8d52c31a-f637-41f6-bcdc-ff8ec75f0321.
niah_multikey_3,87016,The special magic uuid for 8a8ca3b5-e05b-41e2-8ab2-75da15a1a7d1 is 1f4f802a-83d4-479a-b295-dc202f49fc00.
niah_multikey_3,108220,The special magic uuid for 7eb5e8f2-932b-4929-87f2-79fe3d553ffb is 2102f454-115c-4b83-937e-533871d8edd5.
niah_multikey_3,100696,The special magic uuid for 28d51e3a-efb7-40b7-9229-0b51236e243a is 83345c32-4f69-4c90-a604-655be06ec13c.
niah_multikey_3,169552,The special magic uuid for bc86d576-e3f6-46d6-9d49-1afd6189cf1f is 4ed517b1-3363-4dcf-8a18-4531b81fd2a1.
niah_multikey_3,160660,The special magic uuid for fba77ba4-52c3-434c-ac44-8bd8e78ef06f is 5e1df858-843c-4eed-82e1-642a10e5d800.
niah_multikey_3,12574,The special magic uuid for 1abc5a65-eb1e-4c49-a65d-6cbc9793ab31 is 1e7e18c9-2405-4c48-80d0-c56b8df05671.
niah_multikey_3,65470,The special magic uuid for 3dd1f4d3-8fd0-48d0-8eee-dd2063e96a3a is 257773a8-b226-42d7-b824-7a5bfadafec7.
niah_multikey_3,175822,The special magic uuid for 665c26b0-9d33-4a2a-a463-bfb3c10580b1 is 2ef82bd3-8a0e-442f-922b-abe370755e33.
niah_multikey_3,114034,The special magic uuid for 9c7371ac-ffb9-4abf-992f-e9476625825c is 70f08f90-f580-40d0-a199-60435390f5d0.
niah_multikey_3,134212,The special magic uuid for 7c054d2e-511f-40b6-8ae5-5d3bced49c26 is 1895d765-f60f-4cd7-8ff3-5686a1ed66c6.
niah_multikey_3,210250,The special magic uuid for ac4e584a-69d1-49c7-8825-da67cd98685c is 592e393b-496a-4ff2-a00a-5ec9420fcb60.
niah_multivalue,418257,"The special magic numbers for worried-purse mentioned in the text are:

1. 5076817
2. 8935169
3. 7829332
4. 8930103"
niah_multivalue,447627,"The special magic numbers for embarrassed-discussion mentioned in the provided text are:

1. 3351868
2. 8077999
3. 8526486
4. 9997381"
niah_multivalue,481715,"The special magic numbers for obedient-breeze mentioned in the text are:

1. 1247595
2. 1848731
3. 2564689
4. 2642635
5. 7
6. 50
7. 72
8. 128
9. 40
10. 1000
11. 2000
12. 1974
13. 98
14. 1974
15. 133,733
16. 28
17. 36
18. 1.7
19. 4
20."
niah_multivalue,580975,"The special magic numbers for nasty-course mentioned in the provided text are:

1. 3597059
2. 4185957
3. 9164991
4. 5977931"
niah_multivalue,518808,"The special magic numbers for hurried-tensor mentioned in the text are:

1. 8999183
2. 1841248
3. 9436429
4. 1959074"
niah_multivalue,583358,"The special magic numbers for efficient-stamina mentioned in the text are:

1. 2140194
2. 2149597
3. 4946066
4. 7774229"
niah_multivalue,612974,"The special magic numbers for mammoth-marten mentioned in the text are:

1. 8670955
2. 6033115
3. 6304573
4. 3195773"
niah_multivalue,546889,"The special magic numbers for different-burn mentioned in the text are:

* 9874152 (the number of times a programmer working as programmers are meant to is always making new things)
* 1131249 (the number of times a person would rather, at any given moment, float about in the Carribbean, or have sex, or eat some delicious food, than work on hard problems)
* 8351517 (a special magic number for different-burn)
* 100 (the number of times a basketball player makes about 128 times as much as the average person)
* 50 (the number of times"
niah_multivalue,596522,"The special magic numbers for condemned-scam mentioned in the text are:

1. 3607983
2. 5569244
3. 5727085
4. 2795765"
niah_multivalue,528441,"The special magic numbers for dirty-stress mentioned in the text are:

1. 1162230
2. 8175395
3. 2876932
4. 8412769"
niah_multivalue,612965,"The special magic numbers for utter-payoff mentioned in the text are:

1. 5186414
2. 2724590
3. 7817881
4. 6933742
5. 2000
6. 2724590
7. 2724590
8. 2724590
9. 2724590
10. 2724590
11. 2724590
12. 2724590
13. 2724590
14. 2724590
15. 2724590
16. 2724590
17."
niah_multivalue,266295,"The special magic numbers for modern-vulture mentioned in the provided text are:

1. 4009172
2. 7907400
3. 1415846
4. 6573147
5. 4009172
6. 7907400
7. 1415846
8. 6573147
9. 4009172
10. 7907400
11. 1415846
12. 6573147
13. 4009172
14. 7907400
15. 1415846
16. 6573147
17"
niah_multivalue,528449,"The special magic numbers for marked-stretch mentioned in the text are:

1. 5682940
2. 6507321
3. 2164686"
niah_multivalue,560151,"The special magic numbers for yellow-carotene mentioned in the text are:

1. 9580255
2. 8321474
3. 2940214
4. 6262632"
niah_multivalue,406014,"The special magic numbers for ugly-manor mentioned in the provided text are:

1. 3090865
2. 6188935
3. 9508103
4. 6038571"
niah_multivalue,549597,"The special magic numbers for empty-drop mentioned in the provided text are:

1. 3919694
2. 8053918
3. 7361002
4. 6049101"
niah_multivalue,499293,"The special magic numbers for fabulous-way mentioned in the text are:

1. 6406444
2. 8212326
3. 5
4. 4
5. 3
6. 2
7. 1
8. 50
9. 10
10. 100
11. 50
12. 9
13. 4.6
14. 8411939
15. 8801207
16. 2000
17. 1974
18. 1974
19. 1974
20. 1974"
niah_multivalue,612965,"The special magic numbers for defeated-dig mentioned in the text are:

1. 1775337
2. 1409790"
niah_multivalue,516559,"The special magic numbers for dusty-melon mentioned in the text are:

1. 1842524
2. 8793853
3. 5180853
4. 9689889"
niah_multivalue,275487,"The special magic numbers for receptive-shackle mentioned in the provided text are:

1. 5606980
2. 5013879
3. 8379837
4. 9130188"
niah_multivalue,581003,"The special magic numbers for miniature-chit-chat mentioned in the text are:

1. 7975534
2. 2044645
3. 6551268
4. 8816912"
niah_multivalue,387722,"The special magic numbers for political-target mentioned in the provided text are:

1. 5579094
2. 8312114
3. 9147720
4. 4681284"
niah_multivalue,447595,"The special magic numbers for damaging-stamp mentioned in the provided text are:

1. 1843636
2. 5364698
3. 8746014
4. 4048907
5. 5364698"
niah_multivalue,612989,"The special magic numbers for jumpy-subcomponent mentioned in the provided text are:

2151225, 1520596, 4761823, and 1675419."
niah_multivalue,560147,"The special magic numbers for disgusted-mile mentioned in the text are:

1. 1430812
2. 2813596
3. 6233774
4. 2813596 (again)
5. 6218367"
niah_multivalue,480024,"The special magic numbers for ubiquitous-cure mentioned in the text are:

1. 9486902
2. 2156902
3. 6724909
4. 7217147"
niah_multivalue,436007,"The special magic numbers for overrated-zombie mentioned in the provided text are:

1. 6407373
2. 5118725
3. 8307727
4. 5502929"
niah_multivalue,516579,"The special magic numbers for gifted-menopause mentioned in the provided text are:

1. 5691890
2. 1170307
3. 6709938
4. 2010
5. 2014
6. 2004
7. 2002
8. 2003
9. 2004
10. 2005
11. 2006
12. 2007
13. 2008
14. 2009
15. 2010
16. 2011
17. 2012
18. 2013
19."
niah_multivalue,276049,"The special magic numbers for poor-evaluator mentioned in the text are:

1. 8519121
2. 9234615
3. 8987516
4. 5031966
5. 8519121 (again, but this time in a different context)
6. 40
7. 10
8. 50
9. 25
10. 20
11. 50
12. 100
13. 128
14. 72
15. 6
16. 50
17. 98
18. 1000
19."
niah_multivalue,549616,"The special magic numbers for vivacious-plane mentioned in the text are:

1. 5081983
2. 8939993
3. 6137284
4. 7191135
5. 5081983 (again)
6. 5081983 (again)
7. 5081983 (again)
8. 5081983 (again)
9. 5081983 (again)
10. 5081983 (again)
11. 5081983 (again)
12. 5081983 (again)
13. 5081983 (again)
14. 508198"
niah_multivalue,593879,"The special magic numbers for romantic-sill mentioned in the text are:

1. 4213524
2. 9123504
3. 4106298"
niah_multivalue,560140,"The special magic numbers for grouchy-ease mentioned in the text are:

1. 5904794
2. 1914794
3. 3118618
4. 1763626"
niah_multivalue,469019,"The special magic numbers for panoramic-nexus mentioned in the provided text are:

6716097, 8389840, 4093109, 9031491, 6716097 is mentioned twice."
niah_multivalue,580987,"The special magic numbers for cooperative-lie mentioned in the text are:

1. 9767312
2. 4786401
3. 7381684
4. 7982241"
niah_multivalue,246884,"The special magic numbers for sincere-familiar mentioned in the provided text are:

4540415, 2664863, 2010496, 4486102, 13373, 100, 40, 50, 128, 72, 2, 8, 20, 50, 9, 10, 7, 4, 3, 2, 1, 9, 50, 100, 600, 4, 6, 8, 9, 10, 5, 4, 3, 2, 1,"
niah_multivalue,580983,"The special magic numbers for flawless-entry mentioned in the provided text are:

1. 8617381
2. 2194198
3. 5743227
4. 5833597"
niah_multivalue,292639,"The special magic numbers for concerned-wake mentioned in the text are:

1. 3386328
2. 3499627
3. 5456573
4. 4771676"
niah_multivalue,530220,"The special magic numbers for numberless-common mentioned in the text are:

1. 8863447
2. 7752972
3. 3086308"
niah_multivalue,516603,"The special magic numbers for unequaled-manufacturer mentioned in the text are:

1. 3939212
2. 1674975
3. 8893693
4. 5521644
5. 1674975"
niah_multivalue,546905,"The special magic numbers for impossible-trustee mentioned in the text are:

1. 7906258
2. 7718473
3. 7906258
4. 7906258
5. 7906258
6. 7906258
7. 7906258
8. 7906258
9. 7906258
10. 7906258
11. 7906258
12. 7906258
13. 7906258
14. 7906258
15. 7906258
16. 7906258
17"
niah_multivalue,546877,"The special magic numbers for elegant-ale mentioned in the provided text are:

* 8416216
* 7069650
* 9363326
* 9697969
* 50
* 50,000
* 2,000
* 6000
* 50,000
* 2,000
* 6000
* 50,000
* 2,000
* 6000
* 50,000
* 2,000
* 6000
* 50,000
* 2,000
* 6000"
niah_multivalue,480011,"The special magic numbers for scrawny-beet mentioned in the text are:

1. 2903561
2. 7844947
3. 7844947 is mentioned again, but it's not clear if it's the same instance or a different one.
4. 7844947 is mentioned again, but it's not clear if it's the same instance or a different one.
5. 7844947 is mentioned again, but it's not clear if it's the same instance or a different one.
6. 7844947 is mentioned again, but it's not clear if it's the same"
niah_multivalue,549624,"The special magic numbers for quiet-health-care mentioned in the text are:

7970771, 5587308, 8922533, 1.7, 36, 28, 9, 8, 10, 50, 40, 2, 3, 4, 5, 6, 7, 8, 9, 10, 20, 50, 40, 2, 3, 4, 5, 6, 7, 8, 9, 10, 20, 50, 40, 2"
niah_multivalue,499309,"The special magic numbers for embarrassed-sail mentioned in the text are:

1. 3290229
2. 5634662
3. 9526867
4. 2171218"
niah_multivalue,530192,"The special magic numbers for half-spume mentioned in the text are:

* 3493017
* 9214801
* 8491822
* 6008935"
niah_multivalue,581003,"The special magic numbers for wealthy-dysfunction mentioned in the text are:

1. 3551903
2. 7477326
3. 9310235
4. 7395997"
niah_multivalue,528449,"The special magic numbers for good-signature mentioned in the text are:

1. 6512415
2. 6680114
3. 7668663"
niah_multivalue,437861,"The special magic numbers for swanky-reference mentioned in the text are:

1. 5821419
2. 4938791
3. 4816586
4. 2147909
5. 6"
niah_multivalue,612953,"The special magic numbers for deep-auto mentioned in the provided text are:

* 7913081
* 4020853
* 9911492
* 5096953"
niah_multivalue,450043,"The special magic numbers for swift-linen mentioned in the provided text are:

1. 9349470
2. 4895475
3. 5040453"
niah_multivalue,450050,"The special magic numbers for blue-footstep mentioned in the text are:

1. 6018975
2. 6797629
3. 8118722
4. 8410995"
niah_multivalue,593875,"The special magic numbers for abnormal-aim mentioned in the provided text are:

1. 5801541
2. 9333700
3. 4860745
4. 1822825"
niah_multivalue,528433,"The special magic numbers for cagey-jute mentioned in the text are:

1. 6481437
2. 7970985
3. 3946751
4. 5951131"
niah_multivalue,528450,"The special magic numbers for unusual-mantle mentioned in the text are:

1. 2515030
2. 7619862
3. 7667458"
niah_multivalue,615697,"The special magic numbers for level-therapy mentioned in the text are:

1. 7232293
2. 7392547
3. 2817745
4. 5398338"
niah_multivalue,407304,"The special magic numbers for stupid-occasion mentioned in the text are:

1. 8789116
2. 6069909
3. 2060605
4. 4713925
5. 1000
6. 40
7. 50
8. 2000
9. 1974
10. 1974
11. 800
12. 800
13. 1800
14. 1800
15. 1900
16. 1900
17. 1974
18. 1974
19. 1974"
niah_multivalue,530228,"The special magic numbers for homeless-instructor mentioned in the provided text are:

1. 2630611
2. 2948178
3. 9264869
4. 4939290
5. 9264869"
niah_multivalue,528473,"The special magic numbers for victorious-sideburns mentioned in the text are:

1. 8438733
2. 4645180
3. 8460758
4. 7216461"
niah_multivalue,580991,"The special magic numbers for aromatic-midwife mentioned in the text are:

1. 3112652
2. 5086407
3. 4442778
4. 6595355
5. 1.5
6. 3.6
7. 10
8. 50
9. 50,000
10. 100
11. 128
12. 72
13. 2000
14. 1974
15. 1974
16. 1974
17. 1974
18. 1974
19."
niah_multivalue,530240,"The special magic numbers for flipped-out-confidence mentioned in the provided text are:

* 1047572
* 6512314
* 3475548
* 5651899"
niah_multivalue,466762,"The special magic numbers for goofy-curio mentioned in the text are:

1. 8062546
2. 3126655
3. 9826250
4. 1879109"
niah_multivalue,480043,"The special magic numbers for therapeutic-resource mentioned in the text are:

1. 9035982
2. 1522621
3. 7738019
4. 2020480"
niah_multivalue,593887,"The special magic numbers for low-catastrophe mentioned in the text are:

1. 8612081
2. 9481739
3. 5947563
4. 9901266"
niah_multivalue,450042,"The special magic numbers for new-vehicle mentioned in the text are:

1. 7942639 (new-vehicle number for new-vehicle)
2. 6686328 (special magic number for new-vehicle)
3. 4833486 (special magic number for new-vehicle)
4. 8575834 (special magic number for new-vehicle)"
niah_multivalue,418293,"The special magic numbers for little-transplantation mentioned in the text are:

1. 6530541
2. 2006313
3. 3050700
4. 3182975
5. 2000
6. 40
7. 9
8. 10
9. 50
10. 100
11. 128
12. 72
13. 50
14. 2
15. 1
16. 60
17. 276
18. 195
19. 276
20. 195
21. 276"
niah_multivalue,612977,"The special magic numbers for juvenile-author mentioned in the provided text are:

2927455, 4794319, 7166651, 5673599, 5673599, 4794319, 7166651, 5673599, 7166651, 5673599, 7166651, 5673599, 7166651, 5673599, 7166651, 5673599, 7166651, 5673599, 7166651, 5673599, 7166651, 5673599, 7166651,"
niah_multivalue,447583,"The special magic numbers for bitter-bass mentioned in the text are:

1. 2539438
2. 1514340
3. 9900022
4. 3380261
5. 3380261 is mentioned twice, but it's likely a typo and the correct number is 3380261 is not actually mentioned in the text, the correct number is 3380261 is not actually mentioned in the text, the correct number is 3380261 is not actually mentioned in the text, the correct number is 3380261 is not actually mentioned in the text, the correct number is"
niah_multivalue,593895,"The special magic numbers for uninterested-pair mentioned in the text are:

1. 8434202
2. 8113787
3. 2368710
4. 5565128"
niah_multivalue,291364,"The special magic numbers for animated-codling mentioned in the text are:

1. 1919088
2. 1128967
3. 7631419
4. 4699685
5. 1128967"
niah_multivalue,530240,"The special magic numbers for important-stepdaughter mentioned in the provided text are:

1. 9344741
2. 8225192
3. 3013003
4. 1129686"
niah_multivalue,387710,"The special magic numbers for smelly-cheese mentioned in the provided text are:

1. 8202195
2. 5857259
3. 7785090
4. 8202195"
niah_multivalue,583338,"The special magic numbers for sweet-mentor mentioned in the text are:

1. 7070880
2. 8326807
3. 8719145
4. 2478574"
niah_multivalue,323956,"The special magic numbers for reflective-black mentioned in the provided text are:

1. 2319479
2. 6696087
3. 7639863
4. 6205543
5. 2319479
6. 2319479
7. 2319479
8. 2319479
9. 2319479
10. 2319479
11. 2319479
12. 2319479
13. 2319479
14. 2319479
15. 2319479
16. 2319479
17."
niah_multivalue,246892,"The special magic numbers for righteous-elevator mentioned in the text are:

1. 6890476
2. 9555575
3. 6861544
4. 4253164
5. 9555575"
niah_multivalue,583338,"The special magic numbers for drunk-notice mentioned in the text are:

1. 3972018
2. 2264218
3. 9289908
4. 3564729
5. 60,000 (mentioned in the context of the number of computers infected by the Internet worm of 1988)
6. 50,000 (mentioned in the context of the price of slaves in ancient Rome)
7. 2,000 (mentioned in the context of the price of an ordinary adult slave in ancient Rome)
8. 600 (mentioned in the context of the price of a servant girl in"
niah_multivalue,469011,"The special magic numbers for tan-shortwave mentioned in the text are:

1. 8377995
2. 3532644
3. 2145653
4. 6303930"
niah_multivalue,580991,"The special magic numbers for boorish-timeline mentioned in the text are:

1. 7450545
2. 8763013
3. 2514923"
niah_multivalue,437833,"The special magic numbers for ill-probe mentioned in the text are:

1. 3531028
2. 9411547
3. 2038068
4. 8979730
5. 1.5
6. 50
7. 72
8. 128
9. 40
10. 10
11. 50
12. 1000
13. 1974
14. 1800
15. 1974
16. 98
17. 133733
18. 28
19. 6191
20."
niah_multivalue,546889,"The special magic numbers for half-tinderbox mentioned in the text are:

1. 1878547
2. 7499771
3. 7858012
4. 6676858"
niah_multivalue,516571,"The special magic numbers for curious-laptop mentioned in the text are:

1. 7319630
2. 6193922
3. 6510922
4. 2421349
5. 40
6. 100
7. 128
8. 72
9. 50
10. 6
11. 4
12. 3
13. 2
14. 1
15. 2000
16. 1974
17. 1800
18. 1974
19. 98
20. 1974
21"
niah_multivalue,481707,"The special magic numbers for abundant-meal mentioned in the text are:

1. 4024309
2. 4593556
3. 6181912
4. 7083379
5. 1,000,000,000,000,000,000,000,000,000,000,000,000,000,000,000,000,000,000,000,000,000,000,000,000,000,000,000,000,000,000,000,000,000,000,000,000,000,000,000,000,000"
niah_multivalue,612993,"The special magic numbers for squeamish-rectangle mentioned in the text are:

1. 3722056
2. 3587931
3. 4034091
4. 7320310"
niah_multivalue,530204,"The special magic numbers for lazy-notebook mentioned in the provided text are:

1. 5780297
2. 8452417
3. 8531761
4. 4985095
5. 1,235
6. 40
7. 50
8. 128
9. 72
10. 2,000
11. 1974
12. 1974
13. 1974
14. 1974
15. 1974
16. 1974
17. 1974
18. 1974
19."
niah_multivalue,546893,"The special magic numbers for erratic-account mentioned in the provided text are:

1. 1875431
2. 5194357
3. 9062973
4. 3321942"
niah_multivalue,497815,"The special magic numbers for odd-yourself mentioned in the provided text are:

1. 6865064
2. 1447451
3. 1893502
4. 7960815"
niah_multivalue,323948,"The special magic numbers for brave-twilight mentioned in the text are:

1. 4767135
2. 7289990
3. 1472908
4. 6346644
5. 4767135
6. 7289990
7. 1472908
8. 6346644
9. 4767135
10. 7289990
11. 1472908
12. 6346644
13. 4767135
14. 7289990
15. 1472908
16. 6346644
17."
niah_multivalue,291368,"The special magic numbers for fanatical-reserve mentioned in the text are:

1. 8101036
2. 2865405
3. 3508522
4. 9854536
5. 2865405"
niah_multivalue,596554,"The special magic numbers for foregoing-transparency mentioned in the text are:

1. 8669093
2. 2859886
3. 8043503"
niah_multivalue,546893,"The special magic numbers for elderly-premium mentioned in the text are:

1. 7049927
2. 9782613
3. 2135470
4. 2436363"
niah_multivalue,528457,"The special magic numbers for frail-definition mentioned in the text are:

1. 3238241
2. 6578736
3. 1743829
4. 2739191"
niah_multivalue,528445,"The special magic numbers for erect-rations mentioned in the text are:

1. 6202210
2. 6294819
3. 9646701
4. 1703065"
niah_multivalue,357200,"The special magic numbers for threatening-champion mentioned in the provided text are:

1. 6989032
2. 1802018
3. 4206183
4. 5800144"
niah_multivalue,528449,"The special magic numbers for wry-excellence mentioned in the text are:

1. 8121922
2. 2324175
3. 4027557
4. 8124389
5. 50
6. 40
7. 128
72
8. 72
9. 50
10. 9
11. 47
12. 70
13. 1
14. 2
15. 3
16. 4
17. 5
18. 6
19. 7
20. 8
21."
niah_multivalue,497807,"The special magic numbers for sulky-leek mentioned in the text are:

1. 8297090
2. 1962308
3. 5606274
4. 2258981"
niah_multivalue,560159,"The special magic numbers for stimulating-hotel mentioned in the text are:

1. 7223751
2. 8548448
3. 7241348
4. 3574265"
niah_multivalue,518820,"The special magic numbers for marked-expedition mentioned in the text are:

1. 2903351
2. 6274512
3. 5675638
4. 5187788
5. 5675638"
niah_multivalue,615693,"The special magic numbers for shiny-record mentioned in the provided text are:

1. 5366937
2. 5391883
3. 8487220
4. 2975701"
niah_multivalue,497835,"The special magic numbers for scattered-dueling mentioned in the text are:

1. 5871470
2. 3920762
3. 6032437
4. 3642499
5. 2019"
niah_multivalue,562642,"The special magic numbers for dark-science mentioned in the text are:

1. 7054838
2. 4971774
3. 1440972
4. 9288312
5. 60,000
6. 50
7. 6
8. 7
9. 10
10. 100
11. 50,000
12. 2,000
13. 6000
14. 1974
15. 1974
16. 1974
17. 1974
18. 1974
19. 197"
niah_multivalue,562658,"The special magic numbers for subsequent-tooth mentioned in the text are:

1. 6189037
2. 2103070
3. 7680015
4. 2446455"
niah_multiquery,499166,"The special magic numbers mentioned in the text are:

* 6304573 (orange-mangle)
* 4577407 (blue-eyed-drummer)
* 1156287 (bloody-reciprocity)
* 2677407 (ordinary-stem)"
niah_multiquery,246810,"The special magic numbers mentioned in the text are:

* 8351517 (different-burn)
* 9874152 (subsequent-motorcar)
* 6022741 (ablaze-poll)
* 6075395 (ruthless-thirst)"
niah_multiquery,44527,"The special magic numbers mentioned in the text are:

* 5428914 (evil-soundness)
* 6752576 (witty-offset)
* 9196204 (quarrelsome-casualty)
* 4533779 (habitual-law)"
niah_multiquery,530014,"The special magic numbers mentioned in the text are:

* 5394880 (curved-skating)
* 8412769 (dirty-stress)
* 1162230 (sharp-season)
* 8175395 (scintillating-frog)"
niah_multiquery,337645,"The special magic numbers mentioned in the text are:

* 7117837 (hot-dramaturge)
* 1701771 (cuddly-party)
* 7003042 (aloof-filter)
* 5186414 (fabulous-square)"
niah_multiquery,89946,"The special magic numbers mentioned in the text are:

* 6573147 (for programmers)
* 1415846 (for modern-vulture)
* 3670896 (for graceful-admission)
* 5163555 (for modern-dedication)"
niah_multiquery,593518,"The special magic numbers mentioned in the text are:

* 5382463 (condemned-pizza)
* 8290770 (squealing-tenement)
* 2818692 (alleged-evidence)
* 5453786 (eager-summit)"
niah_multiquery,615525,"The special magic numbers mentioned in the text are:

* 8315831 (ancient-thermostat)
* 9722815 (abaft-body)
* 8235969 (lazy-lay)
* 4305700 (round-activation)"
niah_multiquery,76383,"The special magic numbers mentioned in the text are:

* 8411939 (overt-celebration)
* 4585314 (nutty-throne)
* 6406444 (new-rear)
* 4526280 (hapless-syrup)"
niah_multiquery,468787,"The special magic numbers mentioned in the text are:

* 4340845 (few-storage)
* 5107776 (annoyed-cigarette)
* 6207974 (fluffy-legume)"
niah_multiquery,518429,"The special magic numbers mentioned in the text are:

* 3475836 (for fresh-secretariat)
* 1093026 (for tranquil-investment)
* 8132769 (for clever-spit)
* 7705062 (for productive-kitsch)"
niah_multiquery,437677,"The special magic numbers mentioned in the text are:

* 9468772 (oafish-harvest)
* 9910914 (overrated-quince)
* 6323376 (shaky-face)
* 3237058 (optimal-nickel)"
niah_multiquery,56129,"The special magic numbers mentioned in the text are:

* 5013879 (tan-creche)
* 9130188 (receptive-shackle)
* 5652512 (tender-rainmaker)
* 8379837 (grouchy-peninsula)"
niah_multiquery,449745,"The special magic numbers mentioned in the text are:

* 7960328 (beautiful-hydrocarb)
* 4879923 (delightful-military)
* 4589533 (weary-sailing)
* 3563646 (lucky-scenario)"
niah_multiquery,407148,"The special magic numbers mentioned in the text are:

* 7381734 (smelly-barrage)
* 6009888 (kind-blind)
* 1327691 (maddening-rescue)
* 1098919 (permissible-waterwheel)"
niah_multiquery,615542,"The special magic numbers mentioned in the text are:

* 9147720 (nostalgic-billing)
* 7523941 (adjoining-theology)
* 3768991 (worthless-reject)
* 7783308 (inquisitive-roller)"
niah_multiquery,323733,"The special magic numbers mentioned in the text are:

* 7360307 (glamorous-selling)
* 8190929 (therapeutic-advocacy)
* 1843636 (damaging-stamp)
* 8746014 (damaging-stamp)
* 7360307 (glamorous-selling)"
niah_multiquery,228479,"The special magic numbers mentioned in the text are:

* 8890439 (brawny-engineer)
* 4761823 (jumpy-subcomponent)
* 2151225 (tiny-chopstick)
* 1873851 (abusive-webpage)"
niah_multiquery,157375,"The special magic numbers mentioned in the text are:

* 2919136 (uncovered-astrologer)
* 5299055 (overt-consent)
* 8945036 (cruel-calcification)
* 4656838 (short-mob)"
niah_multiquery,27272,"The special magic numbers mentioned in the text are:

* 4327421 (maniacal-outfit)
* 7296605 (humorous-strait)
* 6059717 (chunky-arm)"
niah_multiquery,419449,"The special magic numbers mentioned in the text are:

* 2770648 (powerful-explosion)
* 9488613 (billowy-eaglet)
* 6724909 (threatening-unemployment)
* 8047416 (abrasive-perception)"
niah_multiquery,449751,"The special magic numbers mentioned in the text are:

* 5502929 (youthful-contention)
* 5679639 (broken-conclusion)
* 8307727 (overrated-zombie)
* 5118725 (illegal-physical)"
niah_multiquery,266096,"The special magic numbers mentioned in the text are:

* 4558780 (political-asset)
* 4050766 (imminent-activity)
* 5691890 (itchy-volleyball)
* 133,733 (knowing-symptom)"
niah_multiquery,214477,"The special magic numbers mentioned in the text are:

* 8987516 (vigorous-correspondent)
* 1289293 (obsolete-fifth)
* 9234615 (thoughtful-tomato)
* 5031966 (poor-evaluator)"
niah_multiquery,593517,"The special magic numbers mentioned in the text are:

* 9990305 (courageous-swallow)
* 5638893 (plausible-thief)
* 4106298 (victorious-pie)
* 4630331 (eminent-toque)"
niah_multiquery,44595,"The special magic numbers mentioned in the text are:

* 1237370 (historical-supply)
* 9961299 (wet-resolution)
* 5602180 (cruel-mixture)
* 4010529 (large-fulfillment)"
niah_multiquery,246748,"The special magic numbers mentioned in the text are:

* 1861958 (efficacious-apricot)
* 9031491 (panoramic-nexus)
* 5770422 (abrasive-clogs)
* 6716097 (numerous-slate)"
niah_multiquery,596099,"The special magic numbers mentioned in the text are:

* 7982241 (cooperative-lie)
* 6097514 (shocking-clothing)
* 5163953 (bright-forage)
* 3503120 (demonic-pleat)"
niah_multiquery,157379,"The special magic numbers mentioned in the text are:

* 2010496 (homely-rationale)
* 2664863 (stupid-assumption)
* 8194570 (spectacular-unit)
* 4540415 (exuberant-advantage)"
niah_multiquery,56133,"The special magic numbers mentioned in the text are:

* 1547605 (healthy-device)
* 5833597 (flawless-entry)
* 7853787 (abandoned-enigma)
* 8883823 (odd-criticism)"
niah_multiquery,435883,"The special magic numbers mentioned in the text are:

* 9284509 (royal-textual)
* 7752972 (warlike-lack)
* 6101803 (verdant-soap)"
niah_multiquery,168981,"The special magic numbers mentioned in the text are:

* 5521644 (unequaled-manufacturer)
* 2532210 (adamant-wrecker)
* 1348050 (flaky-child)
* 1674975 (smelly-role)"
niah_multiquery,157312,"The special magic numbers mentioned in the text are:

* 6386463 (inexpensive-disco)
* 2754894 (uncovered-tactics)
* 7850944 (juicy-godparent)
* 8885465 (callous-story)"
niah_multiquery,530019,"Here are the special magic numbers mentioned in the text:

* 2477398 (on the web, articles you have to pay for might as well not exist)
* 9633492 (the number of press hits that are probably from PR firms)
* 5234550 (a magic number for hushed-aluminum, referring to the number of people in a city with an intact center)
* 8 (the number of times Christmas-as-magic lasts from age 3 to 10)
* 10 (the number of peanuts in a handful)
* 52 (the number of weekends with a 2-year-old)"
niah_multiquery,108029,"The special magic numbers mentioned in the text are:

* 4415140 (arrogant-sponge)
* 3198037 (graceful-evidence)
* 8416216 (tall-mine)
* 8350368 (hard-digestion)"
niah_multiquery,107961,"The special magic numbers mentioned in the text are:

* 4769851 (capricious-dust)
* 7844947 (scrawny-beet)
* 8741810 (comfortable-feed)
* 1229419 (scientific-eye)"
niah_multiquery,56138,"The special magic numbers mentioned in the text are:

* 4197911 (ludicrous-incentive)
* 9526867 (standing-fratricide)
* 3426689 (scientific-stool)
* 8663605 (fresh-interaction)"
niah_multiquery,529946,"The special magic numbers mentioned in the text are:

* 9125900 (round-classroom)
* 8491822 (defective-shine)
* 9214801 (sour-whip)
* 6008935 (half-spume)"
niah_multiquery,481657,"The special magic numbers mentioned in the text are:

* 5006492 (wakeful-reduction)
* 6338112 (amused-woman)
* 7425184 (slimy-desert)
* 7891662 (flipped-out-teen)"
niah_multiquery,323738,"The special magic numbers mentioned in the text are:

* 3589751 (misty-boutique)
* 3418526 (absorbed-windage)
* 2672884 (numerous-opera)
* 8665981 (reminiscent-mask)"
niah_multiquery,228337,"Here are the special magic numbers mentioned in the text:

* 9952696 (unsightly-broiler)
* 1602286 (rural-collaboration)
* 6312692 (loving-annual)
* 9186400 (tan-dream)"
niah_multiquery,44530,"The special magic numbers mentioned in the text are:

* 6024207 (voracious-guilder)
* 3791137 (obedient-secretion)
* 2686231 (cheerful-sadness)
* 1771600 (adjoining-signal)"
niah_multiquery,481527,"The special magic numbers mentioned in the text are:

* shy-wrench: 4020853
* righteous-yin: 7913081
* boundless-police: 7418028
* doubtful-derivation: 3937176"
niah_multiquery,336377,"The special magic numbers mentioned in the text are:

* 7398231 (foolish-graph)
* 7454081 (erect-ham)
* 6068760 (orange-bachelor)
* 2789344 (plastic-pollution)"
niah_multiquery,615532,"The special magic numbers mentioned in the text are:

* 4860745 (handsomely-wraparound)
* 6910964 (stormy-surprise)
* 4189885 (fast-talk)
* 9333700 (stormy-bagpipe)"
niah_multiquery,546615,"The special magic numbers mentioned in the text are:

* 9084065 (giant-stair)
* 6682698 (helpful-backyard)
* 3361510 (boiling-catacomb)
* 8857296 (condemned-impress)"
niah_multiquery,126426,"The special magic numbers mentioned in the text are:

* 7850067 (tightfisted-archer)
* 2060605 (teeny-tree)
* 8789116 (teeny-tree)
* 6069909 (wary-chocolate)"
niah_multiquery,481593,"The special magic numbers mentioned in the text are:

* 3592464 (sparkling-jade)
* 8610879 (macho-quicksand)
* 3276065 (rotten-target)
* 8031780 (likeable-thesis)"
niah_multiquery,44528,"The special magic numbers mentioned in the text are:

* 2666893 (laughable-oasis)
* 8438733 (fantastic-reporter)
* 7162857 (vast-builder)
* 4961312 (obnoxious-arm-rest)"
niah_multiquery,198126,"The special magic numbers mentioned in the text are:

* 1358318 (testy-rally)
* 6595355 (aromatic-midwife)
* 4558545 (calm-godfather)
* 3112652 (fresh-disengagement)"
niah_multiquery,466466,"3923366, 1879109, 2906718, 8062546"
niah_multiquery,419439,"The special magic numbers mentioned in the text are:

* 9035982 (bad-cutover)
* 9748499 (wry-locket)
* 1522621 (therapeutic-resource)
* 8684678 (historical-birdhouse)"
niah_multiquery,89516,"The special magic numbers mentioned in the text are:

* 8608449 (irate-crew)
* 7942639 (flagrant-overhead)
* 8575834 (new-vehicle)
* 7979148 (massive-communion)"
niah_multiquery,89517,"The special magic numbers mentioned in the text are:

* 9512969 (smoggy-sole)
* 6242022 (happy-salt)
* 2738129 (kaput-variation)
* 3595941 (faithful-casement)"
niah_multiquery,169041,"The special magic numbers mentioned in the text are:

* 5487028 (strong-digger)
* 4026879 (adjoining-skyline)
* 6183902 (grotesque-acorn)
* 1440466 (nervous-salesman)"
niah_multiquery,157311,"The special magic numbers mentioned in the text are:

* 7311494 (for fanatical-bootie)
* 8610913 (for mysterious-dugout)
* 1514340 (for deadpan-jump)
* 9900022 (for calm-lab)"
niah_multiquery,481593,"The special magic numbers mentioned in the text are:

* 8434202 (grieving-millet)
* 2368710 (uninterested-pair)
* 1834876 (sweet-consul)
* 3640899 (determined-horseradish)"
niah_multiquery,168623,"The special magic numbers mentioned in the text are:

* 5856117 (gentle-atom)
* 3013003 (important-stepdaughter)
* 9344741 (ablaze-milepost)
* 3302417 (faint-dock)"
niah_multiquery,580856,"The special magic numbers mentioned in the text are:

* 8719145 (draconian-nectar)
* 5082173 (clear-underwire)
* 7070880 (versed-wealth)
* 8326807 (burly-action)"
niah_multiquery,559746,"The special magic numbers mentioned in the text are:

* 8531380 (overjoyed-strip)
* 3564729 (drunk-notice)
* 2264218 (towering-shear)
* 9289908 (dysfunctional-brushing)"
niah_multiquery,27266,"The special magic numbers mentioned in the text are:

* 9511700 (kind-eraser)
* 1942411 (grouchy-reserve)
* 6080483 (tasteless-vibration)
* 6207779 (blue-sale)"
niah_multiquery,468721,"The special magic numbers mentioned in the text are:

* 8763013 (lush-mine)
* 9507186 (sulky-propane)
* 4158134 (oceanic-diver)
* 1688246 (snobbish-signify)"
niah_multiquery,157308,"The special magic numbers mentioned in the text are:

* 5156449 (alluring-hare)
* 3895058 (quaint-beancurd)
* 8344365 (wet-description)
* 2414808 (jealous-shelter)"
niah_multiquery,89879,"The special magic numbers mentioned in the text are:

* 6614484 (tasteless-feed)
* 6531293 (berserk-lout)
* 1878547 (upset-razor)
* 6676858 (minor-oat)"
niah_multiquery,323677,"The special magic numbers mentioned in the text are:

* 6204824 (jumpy-priest)
* 7575963 (tranquil-interconnection)
* 2421349 (curious-laptop)
* 3372774 (brave-site)"
niah_multiquery,186536,"The special magic numbers mentioned in the text are:

* 7083379 (abundant-meal)
* 6733317 (fallacious-tulip)
* 4024309 (huge-anywhere)
* 7070468 (quickest-vacation)"
niah_multiquery,157375,"The special magic numbers mentioned in the text are:

* 6649968 (alive-prestige)
* 3198638 (sweet-housework)
* 7320310 (squeamish-rectangle)
* 9833734 (quick-vinegar)"
niah_multiquery,466460,"The special magic numbers mentioned in the text are:

* 7406756 (habitual-lock)
* 3718884 (mushy-spool)
* 3321942 (erratic-account)
* 9849306 (puzzled-armoire)"
niah_multiquery,27214,"The special magic numbers mentioned in the text are:

* 1472908 (few-redhead)
* 7289990 (brave-twilight)
* 7478792 (fluttering-parallelogram)
* 2662338 (icy-collagen)"
niah_multiquery,107957,"The special magic numbers mentioned in the text are:

* 4618086 (gentle-meat)
* 1088100 (obsolete-supervision)
* 9854536 (defiant-underestimate)
* 1318832 (boundless-yacht)"
niah_multiquery,527998,"The special magic numbers mentioned in the text are:

* 9825812 (bewildered-quartz)
* 2436363 (elderly-premium)
* 7988844 (skinny-steeple)
* 7049927 (redundant-kumquat)"
niah_multiquery,27275,"The special magic numbers mentioned in the text are:

* 2739191 (frail-definition)
* 6991041 (abstracted-blouse)
* 5255545 (lively-relationship)"
niah_multiquery,449811,"The special magic numbers mentioned in the text are:

* 8795078 (vague-switchboard)
* 2058651 (damaged-shoe-horn)
* 9028420 (wacky-calculation)
* 4058117 (tasty-goat)"
niah_multiquery,44529,"The special magic numbers mentioned in the text are:

* 1614394 (gaping-exception)
* 8942330 (marked-migrant)
* 4206183 (threatening-champion)
* 9646701 (hulking-macrame)"
niah_multiquery,357046,"The special magic numbers mentioned in the text are:

* 9347057 (voiceless-agency)
* 8377556 (materialistic-seeker)
* 6688090 (lyrical-dance)
* 9324908 (elderly-bean)"
niah_multiquery,419358,"The special magic numbers mentioned in the text are:

* 2721307 (special magic number for ill-embryo)
* 5960015 (special magic number for typical-kebab)
* 5928582 (special magic number for salty-privilege)"
niah_multiquery,356977,"The special magic numbers mentioned in the text are:

* 6914963 (wrong-wrapper)
* 1710601 (observant-attention)
* 8297090 (sulky-leek)
* 1962308 (grouchy-nightlight)"
niah_multiquery,562263,"The special magic numbers mentioned in the text are:

* 7423230 (late-underwriting)
* 4959345 (bewildered-chuck)
* 3117788 (alcoholic-army)
* 7145971 (thirsty-yurt)"
niah_multiquery,169111,"The special magic numbers mentioned in the text are:

* 5675638 (tightfisted-hostel)
* 7156398 (marked-expedition)
* 3310140 (bored-boundary)"
niah_multiquery,127268,"The special magic numbers mentioned in the text are:

* 9240971 (voracious-gear)
* 5366937 (glib-serval)
* 8487220 (watery-snowboarding)
* 5791184 (famous-greenhouse)"
niah_multiquery,169052,"The special magic numbers mentioned in the text are:

* 6828829 (unbecoming-assassination)
* 6361793 (utter-investment)
* 2089496 (whispering-paddock)
* 5871470 (scattered-dueling)"
niah_multiquery,292484,"The special magic numbers mentioned in the text are:

* 3177199 (painstaking-care)
* 7054838 (adaptable-liar)
* 9288312 (foamy-smuggling)
* 7189302 (secretive-dirt)"
niah_multiquery,76384,"The special magic numbers mentioned in the text are:

* 3717354 (disillusioned-pint)
* 9692311 (creepy-monk)
* 6102363 (deranged-dioxide)
* 4782763 (illustrious-bore)"
niah_multiquery,138412,"The special magic numbers mentioned in the text are:

* 9431778 (capricious-mileage)
* 3829240 (tested-specialist)
* 6080553 (tall-blackberry)
* 9950276 (succinct-wildebeest)"
niah_multiquery,17055,"The special magic numbers mentioned in the text are:

* 4536777 (tired-gastropod)
* 7989166 (slimy-plunger)
* 5440189 (testy-hall)
* 1762722 (brave-insect)"
niah_multiquery,198063,"The special magic numbers mentioned in the text are:

* 2005173 (blue-dictionary)
* 8375356 (different-lycra)
* 7813102 (fretful-taro)
* 8609207 (hesitant-temporary)"
niah_multiquery,156660,"The special magic numbers mentioned in the text are:

* 7444964 (the special magic number for harsh-vitamin)
* 3363534 (the special magic number for funny-percentage)
* 8015136 (the special magic number for super-chin)
* 1849015 (the special magic number for changeable-rethinking)"
niah_multiquery,44531,"The special magic numbers mentioned in the text are:

* 1137194 (handsomely-hugger)
* 5437118 (daily-pint)
* 8229768 (cloistered-vol)
* 8895137 (profuse-career)"
niah_multiquery,323602,"The special magic numbers mentioned in the text are:

* 2993318 (tacit-tackle)
* 5692934 (odd-archives)
* 2622046 (curious-centre)
* 9460003 (lying-supervisor)"
niah_multiquery,449679,"The special magic numbers mentioned in the text are:

* 9712957 (peaceful-wasp)
* 1675365 (pumped-mark)
* 6587495 (dangerous-laptop)"
niah_multiquery,17053,"The special magic numbers mentioned in the text are:

* 9551583 (quick-kumquat)
* 6643410 (spurious-gaffer)
* 6020319 (majestic-arrangement)
* 9218263 (ripe-icon)"
niah_multiquery,497530,"The special magic numbers mentioned in the text are:

* 3540594 (mushy-witch-hunt)
* 6262886 (nutritious-liquidity)
* 2843740 (slippery-corn)
* 1317716 (embarrassed-whiskey)"
niah_multiquery,168972,"The special magic numbers mentioned in the text are:

* 9025733 (ugliest-bread)
* 7322070 (relieved-violet)
* 6453426 (sharp-roommate)
* 4478616 (ratty-meringue)"
niah_multiquery,305749,"The special magic numbers mentioned in the text are:

* 5993143 (fierce-cast)
* 5135904 (empty-skeleton)
* 6007984 (gullible-boy)
* 9123194 (stupid-notepad)"
niah_multiquery,337715,"The special magic numbers mentioned in the text are:

* 5825636 (amuck-antechamber)
* 7370211 (craven-resume)
* 6790398 (makefast-yard)
* 5872986 (deeply-cockpit)"
niah_multiquery,214530,"The special magic numbers mentioned in the text are:

* 1851702 (frantic-tender)
* 2832517 (dangerous-shackle)
* 5014486 (super-luck)
* 5557052 (shivering-chin)"
niah_multiquery,593521,"The special magic numbers mentioned in the text are:

* 1628578 (harsh-archeology)
* 3949245 (murky-switchboard)
* 7660463 (alert-variable)
* 4125790 (profuse-reminder)"
niah_multiquery,89585,"The special magic numbers mentioned in the text are:

* 4240708 (silly-drinking)
* 5949685 (instinctive-watchmaker)
* 7802999 (dusty-baseline)"
niah_multiquery,260,"The special magic numbers mentioned in the text are:

* 8494978 (fluttering-equivalent)
* 6530194 (graceful-decimal)
* 7435310 (gleaming-mind)
* 1114590 (funny-sin)"
niah_multiquery,275863,"Here are the special magic numbers mentioned in the text:

* 6147356 (overt-peace)
* 2983483 (barbarous-sprout)
* 9430894 (vast-nothing)
* 7801762 (diligent-meeting)"
vt,0,VAR CYQVS = 69735
vt,1,The variable FRHPM is assigned the value 74925 in the text above.
vt,2,VAR GWCBM = 15311
vt,3,VAR QRYLO = 63707
vt,4,VAR ROKEJ = VAR IZKNZ = VAR TQTFO = VAR YVOLI = VAR RWISH = VAR CZX =
vt,5,The variable HUKYN is assigned the value 35658 in the text above.
vt,6,VAR ZICVC = 28431
vt,7,The variable LIPQL is assigned the value 69150 in the text above.
vt,8,VAR UFEGT = 94654
vt,9,The variable PVYCG is assigned the value 77435 in the text above.
vt,10,The variable VAR HZYVC is assigned the value 76803 in the text above.
vt,11,The variable ZBMKR is assigned the value 21394 in the text above.
vt,12,The variable VAR TJDBY is assigned the value 13890 in the text above.
vt,13,The variable LPKFN is assigned the value 90038 in the text above.
vt,14,VAR KTLLC = 20627
vt,15,VAR MOPRW = 83969
vt,16,VAR LNEJH = 86552
vt,17,The variable JSZPT is assigned the value 78148 in the text above.
vt,18,The variable BMJYS is assigned the value 58555 in the text above.
vt,19,The variable HBKUL is assigned the value 90077 in the text above.
vt,20,"VAR LHBFB = VAR SQVBU 
VAR TEJUW = VAR YNZOG 
VAR IDJXT = VAR TEJU"
vt,21,The variable LLSXP is assigned the value 99475 in the text above.
vt,22,VAR XMDWL = 76557
vt,23,VAR TDNWV = 88953
vt,24,The variable IZIKT is assigned the value 50757 in the text above.
vt,25,"VAR LKQWY = 55758
VAR KLOVQ = VAR LKQWY 
VAR KLOVQ ="
vt,26,VAR YIKQV = 81211
vt,27,The variable QSPEG is assigned the value 47065 in the text above.
vt,28,The variable that is assigned the value 21534 in the text is VAR IMRDZ.
vt,29,The variable OMYWM is assigned the value 11016 in the text above.
vt,30,VAR SBDHK = 65591
vt,31,The variable that is assigned the value 33247 is VAR VLNLB.
vt,32,VAR ONVGJ = 84065
vt,33,The variable SUXOZ is assigned the value 19268 in the text above.
vt,34,The variable TTTXS is assigned the value 22185 in the text above.
vt,35,The variable JDOEX is assigned the value 96779 in the text above.
vt,36,VAR KJKOZ = 18571
vt,37,The variable ICGBP is assigned the value 61214 in the text above.
vt,38,The variable CLONC is assigned the value 58984 in the text above.
vt,39,The variable JYFZE is assigned the value 12568 in the text above.
vt,40,The variable RKTZL is assigned the value 77563 in the text above.
vt,41,VAR VCWQR = 58190
vt,42,The variable DJDKP is assigned the value 97538 in the text above.
vt,43,The variable JVBSO is assigned the value 43159 in the text above.
vt,44,The variable DTKBH is assigned the value 71858 in the text above.
vt,45,The variable IRBCU is assigned the value 48660 in the text above.
vt,46,The variable IWDUT is assigned the value 36854 in the text above.
vt,47,The variable GKGQB is assigned the value 62251 in the text above.
vt,48,VAR WBCLL = 18392
vt,49,The variable BJXEY is assigned the value 88603 in the text above.
vt,50,The variable GJVWY is assigned the value 99135 in the text above.
vt,51,The variable NRGZA is assigned the value 87373 in the text above.
vt,52,VAR ZFQVC = 94651
vt,53,The variable VAR HVMJP is assigned the value 20965 in the text above.
vt,54,"The variable that is assigned the value 80592 in the text is VAR XUWWY, VAR JYKCH, and VAR DEYUY"
vt,55,VAR XZFOY = 89309
vt,56,The variable that is assigned the value 62992 in the text is CKOMB.
vt,57,VAR JEBLG = 16910
vt,58,The variable DPTYY is assigned the value 97054.
vt,59,The variable UIVWR is assigned the value 33419 in the text above.
vt,60,The variable WUFFF is assigned the value 60015 in the text above.
vt,61,The variable ERO is assigned the value 97939 in the text above.
vt,62,VAR WKXJP is assigned the value 90356.
vt,63,VAR PQKZJ = 66044
vt,64,The variable that is assigned the value 43827 in the text above is ZRQAR.
vt,65,The variable ZGBVW is assigned the value 72623 in the text above.
vt,66,VAR YEKPU = 85450
vt,67,The variable TIIHN is assigned the value 53585 in the text above.
vt,68,The variable PULRY is assigned the value 52557 in the text above.
vt,69,VAR PSGKI = 12693
vt,70,VAR UZRDB = 35939
vt,71,VAR EENJL = 52941
vt,72,VAR XPQYR = 28047
vt,73,The variable that is assigned the value 85766 in the text is JNHRP.
vt,74,The variable QBRGF is assigned the value 31976 in the text above.
vt,75,The variable SXWQV is assigned the value 33776 in the text above.
vt,76,VAR WUPEN = 76842
vt,77,The variable ABOEQ is assigned the value 16776 in the text above.
vt,78,The variable GSILP is assigned the value 19474 in the text above.
vt,79,VAR SCDMG = 31959
vt,80,The variable DYLBF is assigned the value 13748 in the text above.
vt,81,The variable VAR RKFAS is assigned the value 76199 in the text above.
vt,82,VAR YNAVG = 83530
vt,83,The variable NKREZ is assigned the value 78840 in the text above.
vt,84,The variable MZWNS is assigned the value 61005 in the text above.
vt,85,VAR PKXCI = 49353
vt,86,VAR RWIMZ = 93211
vt,87,TKJGK is assigned the value 75318 in the text above.
vt,88,VAR VVDTG is assigned the value 33664 in the text above.
vt,89,VAR REUGM = 95616
vt,90,The variable UNTWQ is assigned the value 10854 in the text above.
vt,91,VAR OYKJS = 17392
vt,92,The variable FIUYV is assigned the value 56717 in the text above.
vt,93,The variable VAR PHTOC is assigned the value 60859.
vt,94,The variable KOOZN is assigned the value 97455 in the text above.
vt,95,VAR QZSRJ = 80467
vt,96,VAR ZHBGK = 22688
vt,97,VAR WSTWK = 47157
vt,98,VAR WMILG = 62083
vt,99,VAR XOKIA = 99045
cwe,0,"The 10 most common words in the list are:

1. the (134 times)
2. and (127 times)
3. of (124 times)
4. to (123 times)
5. a (122 times)
6. in (121 times)
7. that (119 times)
8. is (118 times)
9. for (117 times)
10. with (116 times)

These words are the most frequently used words in the list, appearing in the top 10 most common words in the list."
cwe,1,"The 10 most common words in the list are:

1. the (134 times)
2. and (127 times)
3. of (124 times)
4. to (123 times)
5. a (122 times)
6. in (121 times)
7. that (119 times)
8. is (118 times)
9. for (117 times)
10. with (116 times)

Note: The frequency of words can be determined by counting the number of times each word appears in the list."
cwe,2,"The 10 most common words in the list are:

1. the (134 times)
2. and (127 times)
3. of (124 times)
4. to (123 times)
5. a (122 times)
6. in (118 times)
7. that (116 times)
8. is (115 times)
9. for (114 times)
10. with (113 times)

Note: The frequency of words can be determined by counting the number of times each word appears in the list."
cwe,3,"The 10 most common words in the list are:

1. the (134 times)
2. and (127 times)
3. of (124 times)
4. to (123 times)
5. a (122 times)
6. in (118 times)
7. that (116 times)
8. is (115 times)
9. for (114 times)
10. with (113 times)

Note: The frequency of words can be determined by counting the number of times each word appears in the list."
cwe,4,"The 10 most common words in the list are:

1. the (134 times)
2. and (127 times)
3. of (124 times)
4. to (123 times)
5. a (117 times)
6. that (115 times)
7. in (114 times)
8. is (113 times)
9. with (112 times)
10. for (111 times)

Note that these frequencies are based on the entire list of 50,000 words."
cwe,5,"The 10 most common words in the list are:

1. the (1,444 times)
2. and (1,343 times)
3. of (1,244 times)
4. to (1,173 times)
5. a (1,144 times)
6. that (1,134 times)
7. in (1,094 times)
8. is (1,074 times)
9. for (1,044 times)
10. with (1,034 times)

Note: The frequency of each word is based on the number of times it appears in the list"
cwe,6,"The 10 most common words in the list are:

1. the (134 times)
2. and (127 times)
3. of (124 times)
4. to (123 times)
5. a (122 times)
6. that (118 times)
7. in (117 times)
8. is (116 times)
9. for (115 times)
10. with (114 times)

Note: The frequency of words can be determined by counting the number of times each word appears in the list."
cwe,7,"The 10 most common words in the list are:

1. the (1,444 times)
2. and (1,343 times)
3. of (1,244 times)
4. to (1,173 times)
5. a (1,144 times)
6. that (1,134 times)
7. in (1,094 times)
8. is (1,064 times)
9. for (1,044 times)
10. with (1,034 times)

Note: The frequency of words can be affected by the source of the text and the context in"
cwe,8,"The 10 most common words in the list are:

1. the (134 times)
2. and (127 times)
3. of (124 times)
4. to (123 times)
5. a (122 times)
6. in (118 times)
7. that (117 times)
8. is (116 times)
9. for (115 times)
10. with (114 times)

Note that these frequencies are based on the entire list of 50,000 words."
cwe,9,"The 10 most common words in the list are:

1. the (134 times)
2. and (127 times)
3. of (124 times)
4. to (123 times)
5. a (122 times)
6. in (118 times)
7. that (117 times)
8. is (116 times)
9. with (115 times)
10. for (114 times)

These words are the most frequently used words in the list, appearing more than 100 times each."
cwe,10,"The 10 most common words in the list are:

1. the (1,444 times)
2. and (1,244 times)
3. of (1,164 times)
4. to (1,144 times)
5. a (1,134 times)
6. that (1,094 times)
7. in (1,064 times)
8. is (1,044 times)
9. for (1,034 times)
10. with (1,024 times)

Note: The frequency of words can vary depending on the context and the source of the text."
cwe,11,"The 10 most common words in the list are:

1. the (134 times)
2. and (127 times)
3. of (124 times)
4. to (123 times)
5. a (122 times)
6. in (121 times)
7. that (119 times)
8. is (118 times)
9. for (117 times)
10. with (116 times)"
cwe,12,"The 10 most common words in the list are:

1. the (134 times)
2. and (127 times)
3. of (124 times)
4. to (123 times)
5. a (122 times)
6. in (121 times)
7. that (119 times)
8. is (118 times)
9. for (117 times)
10. with (116 times)

Note: The frequency of words can be determined by counting the number of times each word appears in the list."
cwe,13,"The 10 most common words in the list are:

1. the (134 times)
2. and (127 times)
3. of (124 times)
4. to (123 times)
5. a (122 times)
6. in (121 times)
7. that (119 times)
8. is (118 times)
9. for (117 times)
10. with (116 times)

Note that these frequencies are based on the entire list of 50,000 words."
cwe,14,"The 10 most common words in the list are:

1. the (134 times)
2. and (127 times)
3. of (124 times)
4. to (123 times)
5. a (122 times)
6. that (118 times)
7. in (117 times)
8. is (116 times)
9. with (115 times)
10. for (114 times)

These words are the most frequently used words in the list, appearing more than 100 times each."
cwe,15,"The 10 most common words in the list are:

1. the (134 times)
2. and (127 times)
3. of (124 times)
4. to (123 times)
5. a (122 times)
6. in (118 times)
7. that (116 times)
8. is (115 times)
9. for (114 times)
10. with (113 times)"
cwe,16,"The 10 most common words in the list are:

1. the
2. and
3. a
4. of
5. to
6. in
7. that
8. for
9. with
10. as

These words are the most common function words in the English language, and they are often used as prepositions, conjunctions, and articles."
cwe,17,"The 10 most common words in the list are:

1. the (1,444 times)
2. and (1,343 times)
3. of (1,244 times)
4. to (1,194 times)
5. a (1,164 times)
6. in (1,144 times)
7. that (1,134 times)
8. is (1,094 times)
9. for (1,064 times)
10. with (1,044 times)

Note: The frequency of each word is based on the number of times it appears in the list"
cwe,18,"The 10 most common words in the list are:

1. the (134 times)
2. and (127 times)
3. of (124 times)
4. to (123 times)
5. a (122 times)
6. in (118 times)
7. that (116 times)
8. is (115 times)
9. for (114 times)
10. with (113 times)"
cwe,19,"The 10 most common words in the list are:

1. the (1,444 times)
2. and (1,343 times)
3. of (1,244 times)
4. to (1,173 times)
5. a (1,144 times)
6. that (1,134 times)
7. in (1,094 times)
8. is (1,064 times)
9. for (1,044 times)
10. with (1,034 times)

Note: The frequency of each word is based on the number of times it appears in the list"
cwe,20,"The 10 most common words in the list are:

1. the (134 times)
2. and (127 times)
3. of (124 times)
4. to (123 times)
5. a (122 times)
6. in (118 times)
7. that (116 times)
8. is (115 times)
9. for (114 times)
10. with (113 times)

Note that these frequencies are based on the entire list of 50,000 words."
cwe,21,"The 10 most common words in the list are:

1. the (134 times)
2. and (127 times)
3. of (124 times)
4. to (123 times)
5. a (122 times)
6. in (118 times)
7. that (116 times)
8. is (115 times)
9. for (114 times)
10. with (113 times)

Note: The frequency of words can be determined by counting the number of times each word appears in the list."
cwe,22,"The 10 most common words in the list are:

1. the (134 times)
2. and (127 times)
3. of (124 times)
4. to (123 times)
5. a (122 times)
6. that (118 times)
7. in (117 times)
8. is (116 times)
9. with (115 times)
10. for (114 times)

These words are the most frequently used words in the list, appearing more than 100 times each."
cwe,23,"The 10 most common words in the list are:

1. the (1,444 times)
2. and (1,343 times)
3. of (1,244 times)
4. to (1,173 times)
5. a (1,144 times)
6. that (1,134 times)
7. in (1,093 times)
8. is (1,064 times)
9. for (1,044 times)
10. with (1,034 times)

Note: The frequency of each word is the number of times it appears in the list."
cwe,24,"The 10 most common words in the list are:

1. the (134 times)
2. and (127 times)
3. of (124 times)
4. to (123 times)
5. a (122 times)
6. in (118 times)
7. that (116 times)
8. is (115 times)
9. for (114 times)
10. with (113 times)

Note that these frequencies are based on the entire list of 50,000 words."
cwe,25,"The 10 most common words in the list are:

1. the (134 times)
2. and (127 times)
3. of (124 times)
4. to (123 times)
5. a (122 times)
6. that (118 times)
7. in (117 times)
8. is (116 times)
9. for (115 times)
10. with (114 times)

These words are the most frequently used words in the list, appearing more than 100 times each."
cwe,26,"The 10 most common words in the list are:

1. the (1,444 times)
2. and (1,343 times)
3. of (1,244 times)
4. to (1,194 times)
5. a (1,164 times)
6. that (1,143 times)
7. in (1,134 times)
8. is (1,094 times)
9. for (1,064 times)
10. with (1,044 times)

These words are the most frequently occurring words in the list, and they are all common function words"
cwe,27,"The 10 most common words in the list are:

1. the (1,444 times)
2. and (1,343 times)
3. of (1,244 times)
4. to (1,194 times)
5. a (1,164 times)
6. in (1,144 times)
7. that (1,134 times)
8. is (1,094 times)
9. for (1,064 times)
10. with (1,044 times)

Note: The frequency of each word is based on the number of times it appears in the list"
cwe,28,"The 10 most common words in the list are:

1. the (134 times)
2. and (127 times)
3. of (124 times)
4. to (123 times)
5. a (122 times)
6. that (118 times)
7. in (117 times)
8. is (116 times)
9. with (115 times)
10. be (114 times)

Note: The frequency of words can be determined by counting the number of times each word appears in the list."
cwe,29,"The 10 most common words in the list are:

1. the (1,444 times)
2. and (1,343 times)
3. of (1,244 times)
4. to (1,173 times)
5. a (1,144 times)
6. that (1,134 times)
7. in (1,094 times)
8. is (1,064 times)
9. for (1,044 times)
10. with (1,034 times)

Note: The frequency of each word is based on the number of times it appears in the list"
cwe,30,"The 10 most common words in the list are:

1. the (134 times)
2. and (127 times)
3. of (124 times)
4. to (123 times)
5. a (122 times)
6. that (118 times)
7. in (117 times)
8. is (116 times)
9. with (115 times)
10. for (114 times)

Note: The frequency of words can be determined by counting the number of times each word appears in the list."
cwe,31,"The 10 most common words in the list are:

1. the (134 times)
2. and (127 times)
3. of (124 times)
4. to (123 times)
5. a (122 times)
6. in (118 times)
7. that (117 times)
8. is (116 times)
9. for (115 times)
10. with (114 times)

These words are the most frequently used words in the list, appearing in the top 10 most common words in the list."
cwe,32,"The 10 most common words in the list are:

1. the (134 times)
2. and (127 times)
3. of (124 times)
4. to (123 times)
5. a (122 times)
6. in (118 times)
7. that (116 times)
8. is (115 times)
9. for (114 times)
10. with (113 times)

Note: The frequency of words can be determined by counting the number of times each word appears in the list."
cwe,33,"The 10 most common words in the list are:

1. the (134 times)
2. and (127 times)
3. of (124 times)
4. to (123 times)
5. a (122 times)
6. in (118 times)
7. that (116 times)
8. is (115 times)
9. for (114 times)
10. with (113 times)

Note: The frequency of words can be determined by counting the number of times each word appears in the list."
cwe,34,"The 10 most common words in the list are:

1. the (134 times)
2. and (127 times)
3. of (124 times)
4. to (123 times)
5. a (122 times)
6. in (118 times)
7. that (117 times)
8. is (116 times)
9. with (115 times)
10. for (114 times)"
cwe,35,"The 10 most common words in the list are:

1. the (134 times)
2. and (127 times)
3. a (124 times)
4. of (123 times)
5. to (122 times)
6. that (118 times)
7. in (117 times)
8. is (116 times)
9. with (115 times)
10. for (114 times)

Note that these frequencies are approximate and may vary slightly depending on the specific analysis method used."
cwe,36,"The 10 most common words in the list are:

1. the (134 times)
2. and (127 times)
3. of (124 times)
4. to (123 times)
5. a (122 times)
6. in (118 times)
7. that (116 times)
8. is (115 times)
9. with (114 times)
10. for (113 times)"
cwe,37,"The 10 most common words in the list are:

1. the (134 times)
2. and (127 times)
3. of (124 times)
4. to (123 times)
5. a (122 times)
6. in (118 times)
7. that (116 times)
8. is (115 times)
9. for (114 times)
10. with (113 times)"
cwe,38,"The 10 most common words in the list are:

1. the (134 times)
2. and (127 times)
3. of (124 times)
4. to (123 times)
5. a (122 times)
6. that (118 times)
7. in (117 times)
8. is (116 times)
9. for (115 times)
10. with (114 times)

Note: The frequency of words can be determined by counting the number of times each word appears in the list."
cwe,39,"The 10 most common words in the list are:

1. the (134 times)
2. and (127 times)
3. of (124 times)
4. to (123 times)
5. a (122 times)
6. in (118 times)
7. that (116 times)
8. is (115 times)
9. for (114 times)
10. with (113 times)"
cwe,40,"The 10 most common words in the list are:

1. the (134 times)
2. and (127 times)
3. of (124 times)
4. to (123 times)
5. a (122 times)
6. in (118 times)
7. that (117 times)
8. is (116 times)
9. for (115 times)
10. with (114 times)

These words are the most frequently used words in the list, appearing more than 100 times each."
cwe,41,"The 10 most common words in the list are:

1. the (1,444 times)
2. and (1,343 times)
3. of (1,244 times)
4. to (1,194 times)
5. a (1,164 times)
6. that (1,143 times)
7. in (1,134 times)
8. is (1,124 times)
9. for (1,124 times)
10. with (1,104 times)

Note: The frequency of words can be affected by the source text and the method of analysis used"
cwe,42,"The 10 most common words in the list are:

1. the (134 times)
2. and (127 times)
3. of (124 times)
4. to (123 times)
5. a (122 times)
6. in (118 times)
7. that (117 times)
8. is (116 times)
9. for (115 times)
10. with (114 times)

Note: The frequency of words can be determined by counting the number of times each word appears in the list."
cwe,43,"The 10 most common words in the list are:

1. the (134 times)
2. and (127 times)
3. of (124 times)
4. to (123 times)
5. a (122 times)
6. in (118 times)
7. that (117 times)
8. is (116 times)
9. with (115 times)
10. for (114 times)

Note that these frequencies are based on the entire list of 50,000 words."
cwe,44,"The 10 most common words in the list are:

1. the (134 times)
2. and (127 times)
3. of (124 times)
4. to (123 times)
5. a (122 times)
6. in (118 times)
7. that (116 times)
8. is (115 times)
9. with (114 times)
10. for (113 times)

Note: The frequency of words can be determined by counting the number of times each word appears in the list."
cwe,45,"The 10 most common words in the list are:

1. the (1,444 times)
2. and (1,343 times)
3. of (1,244 times)
4. to (1,194 times)
5. a (1,164 times)
6. that (1,143 times)
7. in (1,134 times)
8. is (1,124 times)
9. for (1,124 times)
10. with (1,104 times)

Note: The frequency of words can be affected by the source material and the context in which they"
cwe,46,"The 10 most common words in the list are:

1. the (134 times)
2. and (127 times)
3. of (124 times)
4. to (123 times)
5. a (122 times)
6. that (118 times)
7. in (117 times)
8. is (116 times)
9. for (115 times)
10. with (114 times)

These words are the most frequently used words in the list, appearing more than 100 times each."
cwe,47,"The 10 most common words in the list are:

1. the (134 times)
2. and (127 times)
3. of (124 times)
4. to (123 times)
5. a (122 times)
6. that (118 times)
7. in (117 times)
8. is (116 times)
9. with (115 times)
10. for (114 times)

Note: The frequency of words can be determined by counting the number of times each word appears in the list."
cwe,48,"The 10 most common words in the list are:

1. the (134 times)
2. and (127 times)
3. of (124 times)
4. to (123 times)
5. a (122 times)
6. in (121 times)
7. that (119 times)
8. is (118 times)
9. with (117 times)
10. for (116 times)

Note: The frequency of words can be determined by counting the number of times each word appears in the list."
cwe,49,"The 10 most common words in the list are:

1. the (134 times)
2. and (127 times)
3. of (124 times)
4. to (123 times)
5. a (122 times)
6. in (118 times)
7. that (117 times)
8. is (116 times)
9. for (115 times)
10. with (114 times)

Note: The frequency of words can be determined by counting the number of times each word appears in the list."
cwe,50,"The 10 most common words in the list are:

1. the (134 times)
2. and (127 times)
3. of (124 times)
4. to (123 times)
5. a (122 times)
6. that (117 times)
7. in (116 times)
8. is (115 times)
9. for (114 times)
10. with (113 times)

Note: The frequency of words can be determined by counting the number of times each word appears in the list."
cwe,51,"The 10 most common words in the list are:

1. the (134 times)
2. and (127 times)
3. of (124 times)
4. to (123 times)
5. a (122 times)
6. in (121 times)
7. that (119 times)
8. is (118 times)
9. for (117 times)
10. with (116 times)

These words are the most frequently used words in the list, appearing in the text a large number of times."
cwe,52,"The top 10 most common words in the list are:

1. the  (1347 times)
2. and  (1241 times)
3. of  (1234 times)
4. to  (1224 times)
5. a  (1215 times)
6. that  (1206 times)
7. in  (1196 times)
8. is  (1185 times)
9. for  (1176 times)
10. with  (1168 times)

Note that these frequencies are based on the entire list of 50,000 words."
cwe,53,"The 10 most common words in the list are:

1. the (134 times)
2. and (127 times)
3. of (124 times)
4. to (123 times)
5. a (122 times)
6. in (118 times)
7. that (116 times)
8. is (115 times)
9. for (114 times)
10. with (113 times)

These words are the most frequently used words in the list, appearing in the top 10 most common words in the list."
cwe,54,"The 10 most common words in the list are:

1. the (134 times)
2. and (127 times)
3. of (124 times)
4. to (123 times)
5. a (122 times)
6. in (118 times)
7. that (116 times)
8. is (115 times)
9. for (114 times)
10. with (113 times)"
cwe,55,"The 10 most common words in the list are:

1. the (134 times)
2. and (127 times)
3. of (124 times)
4. to (123 times)
5. a (122 times)
6. that (118 times)
7. in (117 times)
8. is (116 times)
9. with (115 times)
10. for (114 times)"
cwe,56,"The 10 most common words in the list are:

1. the (134 times)
2. and (127 times)
3. of (124 times)
4. to (123 times)
5. a (122 times)
6. in (118 times)
7. that (117 times)
8. is (116 times)
9. for (115 times)
10. with (114 times)

Note: The frequency of words can be determined by counting the number of times each word appears in the list."
cwe,57,"The 10 most common words in the list are:

1. the (134 times)
2. and (127 times)
3. of (124 times)
4. to (123 times)
5. a (122 times)
6. in (121 times)
7. that (119 times)
8. is (118 times)
9. for (117 times)
10. with (116 times)

Note: The frequency of words can be determined by counting the number of times each word appears in the list."
cwe,58,"The 10 most common words in the list are:

1. the (134 times)
2. and (127 times)
3. of (124 times)
4. to (123 times)
5. a (122 times)
6. in (121 times)
7. that (119 times)
8. is (118 times)
9. for (117 times)
10. with (116 times)

Note: The frequency of words can be determined by counting the number of times each word appears in the list."
cwe,59,"The 10 most common words in the list are:

1. the (134 times)
2. and (127 times)
3. of (124 times)
4. to (123 times)
5. a (122 times)
6. that (118 times)
7. in (117 times)
8. is (116 times)
9. for (115 times)
10. with (114 times)

Note: The frequency of words can be determined by counting the number of times each word appears in the list."
cwe,60,"The 10 most common words in the list are:

1. the (134 times)
2. and (127 times)
3. of (124 times)
4. to (123 times)
5. a (122 times)
6. in (118 times)
7. that (116 times)
8. is (115 times)
9. with (114 times)
10. for (113 times)

These words are the most frequently used words in the list, appearing in the top 10 most common words in the list."
cwe,61,"The 10 most common words in the list are:

1. the (134 times)
2. and (127 times)
3. of (124 times)
4. to (123 times)
5. a (122 times)
6. in (118 times)
7. that (117 times)
8. is (116 times)
9. with (115 times)
10. for (114 times)

These words are the most frequently used words in the list, appearing in the top 10 most common words in the list."
cwe,62,"The 10 most common words in the list are:

1. the (134 times)
2. and (127 times)
3. of (124 times)
4. to (123 times)
5. a (122 times)
6. in (121 times)
7. that (119 times)
8. is (118 times)
9. for (117 times)
10. with (116 times)

Note: The frequency of words can be determined by counting the number of times each word appears in the list."
cwe,63,"The 10 most common words in the list are:

1. the (134 times)
2. and (127 times)
3. of (124 times)
4. to (123 times)
5. a (122 times)
6. in (118 times)
7. that (116 times)
8. is (115 times)
9. for (114 times)
10. with (113 times)

Note: The frequency of words can be determined by counting the number of times each word appears in the list."
cwe,64,"The 10 most common words in the list are:

1. the (134 times)
2. and (127 times)
3. of (124 times)
4. to (123 times)
5. a (122 times)
6. in (118 times)
7. that (116 times)
8. is (115 times)
9. for (114 times)
10. with (113 times)

Note: The frequency of words can be determined by counting the number of times each word appears in the list."
cwe,65,"The 10 most common words in the list are:

1. the (134 times)
2. and (127 times)
3. of (124 times)
4. to (123 times)
5. a (122 times)
6. in (118 times)
7. that (116 times)
8. is (115 times)
9. for (114 times)
10. with (113 times)

Note: The frequency of words can be determined by counting the number of times each word appears in the list."
cwe,66,"The 10 most common words in the list are:

1. the (134 times)
2. and (127 times)
3. of (124 times)
4. to (123 times)
5. a (122 times)
6. in (118 times)
7. that (117 times)
8. is (116 times)
9. for (115 times)
10. with (114 times)

These words are the most frequently used words in the list, appearing more than 100 times each."
cwe,67,"The 10 most common words in the list are:

1. the (1,444 times)
2. and (1,343 times)
3. of (1,244 times)
4. to (1,194 times)
5. a (1,164 times)
6. in (1,144 times)
7. that (1,134 times)
8. is (1,094 times)
9. for (1,074 times)
10. with (1,064 times)

Note: The frequency of each word is based on the number of times it appears in the list"
cwe,68,"The 10 most common words in the list are:

1. the (134 times)
2. and (127 times)
3. of (124 times)
4. to (123 times)
5. a (122 times)
6. in (118 times)
7. that (116 times)
8. is (115 times)
9. for (114 times)
10. with (113 times)

Note: The frequency of words can be determined by counting the number of times each word appears in the list."
cwe,69,"The 10 most common words in the list are:

1. the (134 times)
2. and (127 times)
3. of (124 times)
4. to (123 times)
5. a (122 times)
6. in (121 times)
7. that (119 times)
8. is (118 times)
9. for (117 times)
10. with (116 times)

Note: The frequency of words can be determined by counting the number of times each word appears in the list."
cwe,70,"The 10 most common words in the list are:

1. the (134 times)
2. and (127 times)
3. of (124 times)
4. to (123 times)
5. a (122 times)
6. that (118 times)
7. in (117 times)
8. is (116 times)
9. for (115 times)
10. with (114 times)

Note: The frequency of words can be determined by counting the number of times each word appears in the list."
cwe,71,"The 10 most common words in the list are:

1. the (134 times)
2. and (127 times)
3. of (124 times)
4. to (123 times)
5. a (122 times)
6. in (118 times)
7. that (116 times)
8. is (115 times)
9. with (114 times)
10. for (113 times)

Note that these frequencies are based on the entire list of 50,000 words."
cwe,72,"The 10 most common words in the list are:

1. the (134 times)
2. and (127 times)
3. of (124 times)
4. to (123 times)
5. a (122 times)
6. that (118 times)
7. in (117 times)
8. is (116 times)
9. with (115 times)
10. for (114 times)

These words are the most frequently used words in the list, appearing more than 100 times each."
cwe,73,"The 10 most common words in the list are:

1. the (134 times)
2. and (127 times)
3. of (124 times)
4. to (123 times)
5. a (122 times)
6. in (121 times)
7. that (119 times)
8. is (118 times)
9. for (117 times)
10. with (116 times)

Note: The frequency of words can be determined by counting the number of times each word appears in the list."
cwe,74,"The 10 most common words in the list are:

1. the (134 times)
2. and (127 times)
3. of (124 times)
4. to (123 times)
5. a (122 times)
6. that (118 times)
7. in (117 times)
8. is (116 times)
9. with (115 times)
10. for (114 times)

These words are the most frequently used words in the list, appearing more than 100 times each."
cwe,75,"The 10 most common words in the list are:

1. the (134 times)
2. and (127 times)
3. of (124 times)
4. to (123 times)
5. a (122 times)
6. that (118 times)
7. in (117 times)
8. is (116 times)
9. with (115 times)
10. for (114 times)"
cwe,76,"The 10 most common words in the list are:

1. the (134 times)
2. and (127 times)
3. of (124 times)
4. to (123 times)
5. a (117 times)
6. in (115 times)
7. that (114 times)
8. is (113 times)
9. for (112 times)
10. with (111 times)

Note: The frequency of words can be determined by counting the number of times each word appears in the list."
cwe,77,"The 10 most common words in the list are:

1. the (134 times)
2. and (127 times)
3. of (124 times)
4. to (123 times)
5. a (122 times)
6. that (118 times)
7. in (117 times)
8. is (116 times)
9. for (115 times)
10. with (114 times)

These words are the most frequently occurring words in the list, and they are all common function words that serve various grammatical purposes."
cwe,78,"The 10 most common words in the list are:

1. the (134 times)
2. and (127 times)
3. of (124 times)
4. to (123 times)
5. a (122 times)
6. in (118 times)
7. that (116 times)
8. is (115 times)
9. for (114 times)
10. with (113 times)

Note: The frequency of words can be determined by counting the number of times each word appears in the list."
cwe,79,"The 10 most common words in the list are:

1. the (134 times)
2. and (127 times)
3. of (124 times)
4. to (123 times)
5. a (117 times)
6. in (115 times)
7. that (114 times)
8. is (113 times)
9. for (112 times)
10. with (111 times)

Note: The frequency of words can be determined by counting the number of times each word appears in the list."
cwe,80,"The 10 most common words in the list are:

1. the (1,444 times)
2. and (1,343 times)
3. of (1,244 times)
4. to (1,194 times)
5. a (1,164 times)
6. that (1,144 times)
7. in (1,134 times)
8. is (1,124 times)
9. for (1,094 times)
10. with (1,084 times)

Note: The frequency of words can be found in the word frequency list provided."
cwe,81,"The 10 most common words in the list are:

1. the (1,044 times)
2. and (844 times)
3. of (744 times)
4. to (734 times)
5. a (673 times)
6. in (644 times)
7. that (634 times)
8. is (624 times)
9. with (614 times)
10. be (604 times)

These words are the most frequently used words in the list, appearing in the top 10 most common words in the list."
cwe,82,"The 10 most common words in the list are:

1. the (1,444 times)
2. and (1,343 times)
3. of (1,244 times)
4. to (1,173 times)
5. a (1,144 times)
6. that (1,134 times)
7. in (1,094 times)
8. is (1,064 times)
9. for (1,044 times)
10. with (1,034 times)

Note: The frequency of each word is based on the number of times it appears in the list"
cwe,83,"The 10 most common words in the list are:

1. the (134 times)
2. and (127 times)
3. of (124 times)
4. to (123 times)
5. a (122 times)
6. in (118 times)
7. that (116 times)
8. is (115 times)
9. with (114 times)
10. for (113 times)

These words are the most frequently used words in the list, appearing more than 100 times each."
cwe,84,"The 10 most common words in the list are:

1. the (1,444 times)
2. and (1,343 times)
3. of (1,244 times)
4. to (1,194 times)
5. a (1,164 times)
6. that (1,143 times)
7. in (1,134 times)
8. is (1,094 times)
9. for (1,064 times)
10. with (1,044 times)

Note: The frequency of each word is based on the number of times it appears in the list"
cwe,85,"The 10 most common words in the list are:

1. the (1,444 times)
2. and (1,343 times)
3. of (1,244 times)
4. to (1,173 times)
5. a (1,144 times)
6. that (1,134 times)
7. in (1,094 times)
8. is (1,064 times)
9. for (1,044 times)
10. with (1,034 times)

Note that these frequencies are based on the entire list of 50,000 words."
cwe,86,"The 10 most common words in the list are:

1. the (134 times)
2. and (127 times)
3. of (124 times)
4. to (123 times)
5. a (122 times)
6. in (121 times)
7. that (119 times)
8. is (118 times)
9. for (117 times)
10. with (116 times)

Note: The frequency of words can be determined by counting the number of times each word appears in the list."
cwe,87,"The 10 most common words in the list are:

1. the (134 times)
2. and (127 times)
3. of (124 times)
4. to (123 times)
5. a (122 times)
6. that (118 times)
7. in (117 times)
8. is (116 times)
9. with (115 times)
10. for (114 times)

Note: The frequency of words can be determined by counting the number of times each word appears in the list."
cwe,88,"The 10 most common words in the list are:

1. the (134 times)
2. and (127 times)
3. of (124 times)
4. to (123 times)
5. a (122 times)
6. in (118 times)
7. that (116 times)
8. is (115 times)
9. for (114 times)
10. with (113 times)

Note: The frequency of words can be determined by counting the number of times each word appears in the list."
cwe,89,"The 10 most common words in the list are:

1. the (134 times)
2. and (127 times)
3. of (124 times)
4. to (123 times)
5. a (122 times)
6. in (118 times)
7. that (116 times)
8. is (115 times)
9. for (114 times)
10. with (113 times)

Note that these frequencies are based on the entire list of 50,000 words."
cwe,90,"The 10 most common words in the list are:

1. the (134 times)
2. and (127 times)
3. a (124 times)
4. of (123 times)
5. to (122 times)
6. that (117 times)
7. in (116 times)
8. is (115 times)
9. for (114 times)
10. with (113 times)

Note: The frequency of words can be determined by counting the number of times each word appears in the list."
cwe,91,"The 10 most common words in the list are:

1. the (134 times)
2. and (127 times)
3. of (124 times)
4. to (123 times)
5. a (122 times)
6. in (118 times)
7. that (116 times)
8. is (115 times)
9. for (114 times)
10. with (113 times)

Note: The frequency of words can be determined by counting the number of times each word appears in the list."
cwe,92,"The 10 most common words in the list are:

1. the (134 times)
2. and (127 times)
3. of (124 times)
4. to (123 times)
5. a (122 times)
6. in (118 times)
7. that (117 times)
8. is (116 times)
9. for (115 times)
10. with (114 times)

Note that these frequencies are based on the entire list of 50,000 words."
cwe,93,"The 10 most common words in the list are:

1. the (134 times)
2. and (127 times)
3. of (124 times)
4. to (123 times)
5. a (122 times)
6. that (118 times)
7. in (117 times)
8. is (116 times)
9. with (115 times)
10. for (114 times)

These words are the most frequently used words in the list, appearing more than 100 times each."
cwe,94,"The 10 most common words in the list are:

1. the (1,444 times)
2. and (1,343 times)
3. of (1,244 times)
4. to (1,173 times)
5. a (1,144 times)
6. that (1,134 times)
7. in (1,094 times)
8. is (1,064 times)
9. for (1,044 times)
10. with (1,034 times)

Note: The frequency of each word is based on the number of times it appears in the list"
cwe,95,"The 10 most common words in the list are:

1. the
2. and
3. a
4. of
5. to
6. in
7. that
8. is
9. for
10. with"
cwe,96,"The 10 most common words in the list are:

1. the (134 times)
2. and (127 times)
3. of (124 times)
4. to (123 times)
5. a (122 times)
6. in (118 times)
7. that (116 times)
8. is (115 times)
9. for (114 times)
10. with (113 times)

Note: The frequency of words can be determined by counting the number of times each word appears in the list."
cwe,97,"The 10 most common words in the list are:

1. the (134 times)
2. and (127 times)
3. of (124 times)
4. to (123 times)
5. a (122 times)
6. in (121 times)
7. that (119 times)
8. is (118 times)
9. for (117 times)
10. with (116 times)

Note: The frequency of words can be determined by counting the number of times each word appears in the list."
cwe,98,"The 10 most common words in the list are:

1. the (134 times)
2. and (127 times)
3. of (124 times)
4. to (123 times)
5. a (122 times)
6. in (118 times)
7. that (116 times)
8. is (115 times)
9. for (114 times)
10. with (113 times)

Note that these frequencies are based on the entire list of 50,000 words."
cwe,99,"The 10 most common words in the list are:

1. the (134 times)
2. and (127 times)
3. of (124 times)
4. to (123 times)
5. a (122 times)
6. that (118 times)
7. in (117 times)
8. is (116 times)
9. with (115 times)
10. for (114 times)"
fwe,0,"tysphv, pslpqi, bopdfy"
fwe,1,"qdemvl, yxvxuv, zkaykb"
fwe,2,"zkfppw, yvtqyl, burluq"
fwe,3,"pukhhi, yzmuzd, bshbza"
fwe,4,"pqueid, zjcnwt, bsdssm"
fwe,5,"tvqutk, zbwbcv, hzakku"
fwe,6,"yvddnt, zjcism, jhelfw"
fwe,7,"tzhzsx, yweajz, buwgyu"
fwe,8,"pqqsib, zhuwxz, ywmmjr"
fwe,9,psgtwxbqxahb yzcibj
fwe,10,"pwiwnj, zlzvqy, bsqcrx"
fwe,11,"pxwkah, zbhvwb, boqavw"
fwe,12,"yudulp, bsofnl, ptbqoq"
fwe,13,"zltmhz, bsczjx, qcudas"
fwe,14,"pwvgox, zixdyq, jjvogq"
fwe,15,"qgosqc, jxzjmq, bpkzhb"
fwe,16,"pwzpsk, zkyqeu, bpxknd"
fwe,17,"zjmaxl, ywujhr, hzzvry"
fwe,18,"qcertd, zkxiaq, bsacen"
fwe,19,"pwxbsq, zhxqlm, yxepem"
fwe,20,"puizun, zlqaoz, and zbgafv"
fwe,21,"pshgst, zizbrc, ywlelc"
fwe,22,"qbvqkf, zjwmgh, yxvkio"
fwe,23,"qlfoxh, zmeljp, bthytd"
fwe,24,"bumcxn, zkpync, jptlgz"
fwe,25,"qewuol, zlabyg, bsmuii"
fwe,26,"qiuypf, zkbxex, jlggdg"
fwe,27,"zinfds, bqvona, ywujvu"
fwe,28,"znlizz, jzpnfh, buarcd"
fwe,29,"zkrwdc, btxvjr, prtqqt"
fwe,30,"pnbrxv, yzdixu, hzpwfx"
fwe,31,"pmyuhj, zlctkc, ccqjrp"
fwe,32,"tsqxdw, pkbdgf, jeiiql"
fwe,33,"zjuvye, psnhlm, bntndm"
fwe,34,"pvlitg, zixoef, cahxns"
fwe,35,"qdycgt, zluwzl, bulpxo"
fwe,36,"yvakuz, psivcg, zhhdyv"
fwe,37,"bretuo, zbfwky, pranth"
fwe,38,"pruvug, ziwydi, bksrqo"
fwe,39,"qdwqth, yuxlrx, bvvezm"
fwe,40,"zlgpfh, pmqybd, pmqybd"
fwe,41,"yzooer, pujsyr, zktrjt"
fwe,42,"tshpvz, jldppw, zljmce"
fwe,43,"yufjwt, pylqbx, zjajhg"
fwe,44,"pqnxek, yrbiet, zffrjk"
fwe,45,"jmgrpx, pswlof, ywrmmu"
fwe,46,"qdlahl, yvbeit, bpbwph"
fwe,47,"pmohkl, zfkeim, bqjjkj"
fwe,48,"pqrphs, zlxtai, yysdjj"
fwe,49,"qhrwrf, ziksgu, yycuai"
fwe,50,"tuoxta, zmevoe, yvbibj"
fwe,51,"pwhkdr, zlblpm, bqeblr"
fwe,52,"pqonzn, ywpspg, zhfezg"
fwe,53,"pqpeai, zixxhm, yxfhjf"
fwe,54,"znbftb, hstala, bkjmca"
fwe,55,"tummfk, zcisaa, bnuqkn"
fwe,56,"zjrgnk, pwsagh, btoxtl"
fwe,57,"bsitra, trbvfa, ywngda"
fwe,58,"pshwow, zjdbbs, yviqqy"
fwe,59,"jvabaf, zjukuz, bvmfjk"
fwe,60,"puubkx, zklhny, yxflif"
fwe,61,"qianri, zkncyo, btaonu"
fwe,62,"ytxfwp, pqqole, zfnoys"
fwe,63,"zlpqms, ppfeba, yzinsf"
fwe,64,"bqiucz, zlcqvi, yylmok"
fwe,65,"pwmgvy, jkbjop, bniigp"
fwe,66,"psiqbb, zjqurn, yxufcr"
fwe,67,"puxjki, bopmdw, yvmajc"
fwe,68,"bqljdr, znfbvk, tssqno"
fwe,69,"yvofwe, jlytkn, zjnswx"
fwe,70,"pumknw, zkzszx, boxdzl"
fwe,71,"zmaydu, ywzgms, pqkihp"
fwe,72,"pnsmeo, zlbnws, ttrlzp"
fwe,73,"pugtdl, zjdtte, ywsjsi"
fwe,74,"qjvewt, zklpog, yvmqgj"
fwe,75,"phboai, yxjnjr, zjrgpo"
fwe,76,"psyzwg, btlzqf, yswupb"
fwe,77,"tsfjxq, zgstuc, pngukl"
fwe,78,"zjzbfk, ywailc, buncod"
fwe,79,"plzicg, yubkfr, zgpavh"
fwe,80,"pmtlmx, zjdmxh, yvgsdl"
fwe,81,"bsugxy, psrrgq, zkqrou"
fwe,82,"zfkxzp, psusvx, yvloid"
fwe,83,"psbtis, ywudjy, bopkum"
fwe,84,"pklm, zmrnid, bscdsu"
fwe,85,"yxywlp, zkgjkq, jmapvw"
fwe,86,"bwbvav, pujohc, zjwknm"
fwe,87,"jgqawn, zncvve, icdcfh"
fwe,88,"zkywaz, brphrq, pxajeb"
fwe,89,"zinrua, pwxqpj, brjtdt"
fwe,90,"zlvfck, pyhqeo, bjrzdv"
fwe,91,"zicsla, phwymy, tmdrhv"
fwe,92,"zlvdfd, yyybpx, jlvfzm"
fwe,93,"zjodct, pumlrk, jgzmsk"
fwe,94,"ptasux, zkxhvv, brfquh"
fwe,95,"tqqpsf, yzuhfz, zndtmx"
fwe,96,"prjbjr, zjjvha, yxerus"
fwe,97,"qawxmk, bxfqlh, zkrjfx"
fwe,98,"yutuxf, zjbnyb, jofbbh"
fwe,99,"bpcrce, ppyhwp, yypsla"
qa_1,0,France
qa_1,1,911
qa_1,2,"Denmark, Iceland, and Norway."
qa_1,3,Rollo
qa_1,4,10th century
qa_1,5,William the Conqueror
qa_1,6,Rollo
qa_1,7,Christianity
qa_1,8,Norseman
qa_1,9,The Latin version of the word Norman was first recorded in the 9th century.
qa_1,10,911
qa_1,11,King Charles III of West Francia
qa_1,12,The river Epte.
qa_1,13,Rollo
qa_1,14,The Norman religion was Norse paganism.
qa_1,15,Normandy
qa_1,16,Textiles.
qa_1,17,"The Normans' main enemy in Italy, the Byzantine Empire and Armenia was the Seljuk Turks."
qa_1,18,The 1050s.
qa_1,19,The 1060s.
qa_1,20,Alexius Komnenos
qa_1,21,Krasiński Palace
qa_1,22,Oursel
qa_1,23,The Armenians
qa_1,24,They were descended from an Italo-Norman named Raoul.
qa_1,25,Robert Guiscard
qa_1,26,1085
qa_1,27,"30,000"
qa_1,28,Deabolis.
qa_1,29,Bohemond
qa_1,30,Deabolis
qa_1,31,1081
qa_1,32,Dyrrachium
qa_1,33,Dyrrachium was located in the region of Albania.
qa_1,34,Ethelred II of England
qa_1,35,Ethelred II of England
qa_1,36,Normandy
qa_1,37,Sweyn Forkbeard
qa_1,38,Harthacnut
qa_1,39,1041
qa_1,40,Robert of Jumièges
qa_1,41,The Battle of Hastings
qa_1,42,Duke William II of Normandy
qa_1,43,1066
qa_1,44,The Anglo-Saxons
qa_1,45,It evolved into Modern English.
qa_1,46,1169
qa_1,47,Ireland
qa_1,48,Irish
qa_1,49,Edgar Atheling
qa_1,50,King Malcolm III of Scotland
qa_1,51,1072
qa_1,52,Duncan
qa_1,53,Sybilla of Normandy
qa_1,54,The Davidian Revolution
qa_1,55,Hereford
qa_1,56,The Normans
qa_1,57,Edward the Confessor
qa_1,58,Wales
qa_1,59,1018
qa_1,60,William of Montreuil
qa_1,61,1097
qa_1,62,Tancred
qa_1,63,The conquest of Jerusalem.
qa_1,64,380 years
qa_1,65,A storm dispersed the fleet.
qa_1,66,Berengaria
qa_1,67,1191
qa_1,68,Isaac Komnenos
qa_1,69,Conrad of Montferrat
qa_1,70,Silver
qa_1,71,Guy de Lusignan
qa_1,72,Africa
qa_1,73,Jean's nephew Maciot de Bethencourt
qa_1,74,Jean's nephew Maciot de Bethencourt
qa_1,75,Maciot de Bethencourt
qa_1,76,The Channel Islands.
qa_1,77,2
qa_1,78,"Rounded arches, particularly over windows and doorways, and massive proportions."
qa_1,79,"Rounded arches, particularly over windows and doorways."
qa_1,80,Gothic
qa_1,81,Anglo-Saxon
qa_1,82,The Kingdom of Sicily.
qa_1,83,The early 11th century.
qa_1,84,The Normans.
qa_1,85,The 16th century.
qa_1,86,Embroidery
qa_1,87,The Bayeux Tapestry.
qa_1,88,"Odo, the Bishop of Bayeux"
qa_1,89,Mosaics.
qa_1,90,11th
qa_1,91,William of Volpiano and John of Ravenna
qa_1,92,Southern Italy
qa_1,93,Sant'Eufemia
qa_1,94,Robert Guiscard
qa_1,95,singing
qa_1,96,Computational complexity theory.
qa_1,97,Their inherent difficulty.
qa_1,98,A computational problem.
qa_1,99,Time and space
qa_2,0,No
qa_2,1,None
qa_2,2,Animorphs
qa_2,3,No
qa_2,4,Virginia
qa_2,5,YG Entertainment
qa_2,6,Eenasul Fateh
qa_2,7,550
qa_2,8,"October 8, 1970"
qa_2,9,Yes
qa_2,10,Rock Chalk
qa_2,11,David Weissman
qa_2,12,1999
qa_2,13,Yes
qa_2,14,1986-2013
qa_2,15,3 million people
qa_2,16,North Atlantic Conference
qa_2,17,Yes
qa_2,18,Nixon
qa_2,19,Robert Erskine Childers
qa_2,20,Sergio Pérez
qa_2,21,Piglet
qa_2,22,Front Row
qa_2,23,Wolf Alice
qa_2,24,Peter Schmeichel
qa_2,25,Lee Hazlewood
qa_2,26,1779
qa_2,27,Yes
qa_2,28,Henry J. Kaiser
qa_2,29,Arena of Khazan
qa_2,30,"March 14, 2000"
qa_2,31,Japan
qa_2,32,Charles Nungesser
qa_2,33,Yes
qa_2,34,Screaming Trees
qa_2,35,January 1918
qa_2,36,1995
qa_2,37,World War II
qa_2,38,No
qa_2,39,Columbia
qa_2,40,The Scotch Collie.
qa_2,41,Kochi
qa_2,42,Masakazu Katsura
qa_2,43,victory over the Mahdists
qa_2,44,Nelson Rockefeller
qa_2,45,Firth of Forth
qa_2,46,Phil Spector
qa_2,47,World Summit of Nobel Peace Laureates
qa_2,48,Yes
qa_2,49,Hawker Typhoon
qa_2,50,"2009, Big 12 Conference"
qa_2,51,"5,200"
qa_2,52,Indianapolis Motor Speedway
qa_2,53,New York City
qa_2,54,"Max Martin, Savan Kotecha, Ilya, and Richard Stannard"
qa_2,55,Marion
qa_2,56,Drifting
qa_2,57,Jerry Glanville
qa_2,58,"4,505"
qa_2,59,Yes
qa_2,60,Dana Barros
qa_2,61,Michael Finnell
qa_2,62,"Emma Bull was born in 1954, and Virginia Woolf was born in 1882."
qa_2,63,19800
qa_2,64,over 70
qa_2,65,Charmed
qa_2,66,World Boxing Hall of Fame
qa_2,67,Usher
qa_2,68,Kenny
qa_2,69,Carabao Cup
qa_2,70,Raven
qa_2,71,Austria
qa_2,72,Orange
qa_2,73,Romeo + Juliet
qa_2,74,Bill Clinton
qa_2,75,John John Florence
qa_2,76,Bacha
qa_2,77,Ais
qa_2,78,British
qa_2,79,1907
qa_2,80,Newport
qa_2,81,Bob Seger
qa_2,82,requiring only men to register for the draft.
qa_2,83,Mondelez International
qa_2,84,Monica Lewinsky
qa_2,85,"April 1, 1949"
qa_2,86,1843
qa_2,87,"The Canary Islands, Spain."
qa_2,88,1
qa_2,89,Film director
qa_2,90,The Conversation
qa_2,91,John Waters
qa_2,92,"Las Vegas, Nevada"
qa_2,93,Yes
qa_2,94,March and April
qa_2,95,Fairfax County
qa_2,96,Viglen
qa_2,97,Lev Yilmaz
qa_2,98,Beijing
qa_2,99,No
