Task,ID,Prediction
niah_single_1,101946,The special magic number for loutish-copper is: 2322047.
niah_single_1,106626,The special magic number for tangy-midnight is: 7067228.
niah_single_1,8615,The special magic number for weak-jeweller is: 2166941.
niah_single_1,43090,The special magic number for harmonious-uniform is: 2338687.
niah_single_1,83768,The special magic number for loving-cockroach is: 5663623.
niah_single_1,65680,The special magic number for discreet-commodity mentioned in the provided text is: 7210606.
niah_single_1,119678,The special magic number for uncovered-turkey is: 5479144.
niah_single_1,98613,The special magic number for strong-hive is: 3871230.
niah_single_1,70178,The special magic number for disgusted-buckle is: 8755439.
niah_single_1,60007,The special magic number for terrible-online is: 4684531.
niah_single_1,58386,The special magic number for flaky-endoderm is: 1538552.
niah_single_1,39127,The special magic number for grandiose-clave is: 2110460.
niah_single_1,73143,The special magic number for fair-yogurt is: 9375710.
niah_single_1,25898,The special magic number for deafening-radish is: 5443951.
niah_single_1,107974,The special magic number for shiny-fleece is 5408072.
niah_single_1,66936,The special magic number for solid-sanction is: 7700828.
niah_single_1,91144,The special magic number for dark-boyhood is: 9548432.
niah_single_1,28419,The special magic number for annoying-doorbell is: 2839607.
niah_single_1,110134,The special magic number for used-postfix is: 8082668.
niah_single_1,110044,The special magic number for lush-tornado is: 7402509.
niah_single_1,102221,The special magic number for rhetorical-industry mentioned in the provided text is: 5218028.
niah_single_1,99152,The special magic number for used-hound is: 2921859.
niah_single_1,20764,The special magic number for tested-shout is: 6707197.
niah_single_1,83862,The special magic number for nondescript-rotation is: 3653446.
niah_single_1,92498,The special magic number for workable-chateau is: 5418934.
niah_single_1,115442,The special magic number for quick-vane is: 2785277.
niah_single_1,112479,The special magic number for tenuous-epauliere is: 9517169.
niah_single_1,29950,The special magic number for deranged-asparagus is: 7273233.
niah_single_1,90247,The special magic number for stale-spaghetti is: 6438436.
niah_single_1,56857,The special magic number for colossal-friend is: 7089806.
niah_single_1,104738,The special magic number for average-pendulum is: 5041154.
niah_single_1,12936,The special magic number for bright-urgency is: 9153566.
niah_single_1,101496,8973915
niah_single_1,112025,The special magic number for good-standoff is: 9852897.
niah_single_1,57663,The special magic number for faint-water is: 4374754.
niah_single_1,80983,The special magic number for undesirable-signature is: 7264956.
niah_single_1,41645,The special magic number for crabby-player is: 5159166.
niah_single_1,108608,The special magic number for invincible-cocoa is: 1352896.
niah_single_1,1510,The special magic number for spectacular-spleen is: 4694634.
niah_single_1,42364,1987737
niah_single_1,13297,The special magic number for afraid-stir-fry is: 6543670.
niah_single_1,39671,The special magic number for guiltless-ice-cream is: 9143903.
niah_single_1,44975,The special magic number for worried-purse is: 8930103.
niah_single_1,17620,"There is no special magic number mentioned in the provided text. The text appears to be a repetition of the same sentence, ""The grass is green. The sky is blue. The sun is yellow. Here we go. There and back again,"" many times, but it does not mention any specific number."
niah_single_1,65496,The special magic number for troubled-board is: 8231838.
niah_single_1,10148,"There is no special magic number mentioned in the provided text. The text appears to be a repetition of the same sentence, ""The grass is green. The sky is blue. The sun is yellow. Here we go. There and back again,"" many times, but it does not mention a special magic number."
niah_single_1,62707,The special magic number for axiomatic-watch is: 7754864.
niah_single_1,35259,"There is no special magic number mentioned in the provided text. The text appears to be a repetition of the same sentence, ""The grass is green. The sky is blue. The sun is yellow. Here we go. There and back again,"" many times, but it does not mention a specific number."
niah_single_1,34000,"There is no special magic number mentioned in the provided text. The text appears to be a repetitive sequence of sentences with no numerical content. The number 8077999 was mentioned at the end of the text, but it was not described as a ""special magic number"" and was not part of the repetitive sequence."
niah_single_1,14114,5191056
niah_single_1,9517,"There is no special magic number mentioned in the provided text. The text appears to be a repetition of the same phrase ""The grass is green. The sky is blue. The sun is yellow. Here we go. There and back again."" many times, but it does not mention a specific number."
niah_single_1,30847,The special magic number for capricious-foal is: 4965789.
niah_single_1,39575,The special magic number for plucky-prefix is: 9075854.
niah_single_1,70083,The special magic number for aware-louse is: 3762152.
niah_single_1,84036,The special magic number for madly-titanium is: 5449368.
niah_single_1,28774,The special magic number for nasty-course is: 9164991.
niah_single_1,10954,4652414
niah_single_1,9426,The special magic number for hurried-tensor is: 1959074.
niah_single_1,29230,The special magic number for purring-watercress is: 9910817.
niah_single_1,34444,"There is no special magic number mentioned in the provided text. The text appears to be a repetition of the same sentence, ""The grass is green. The sky is blue. The sun is yellow. Here we go. There and back again."" over and over again, with no mention of a special magic number."
niah_single_1,43534,The special magic number for squalid-yarn is: 2140194.
niah_single_1,106899,The special magic number for cowardly-duckling is: 5130808.
niah_single_1,77464,The special magic number for swift-bronze is: 2375453.
niah_single_1,58116,One of the special magic numbers for gleaming-manor is: 4426900.
niah_single_1,24365,"There is no special magic number mentioned in the provided text. The text appears to be a repetition of the same sentence, ""The grass is green. The sky is blue. The sun is yellow. Here we go. There and back again."" over and over again, with no mention of a special magic number."
niah_single_1,13565,The special magic number for orange-mangle is: 6304573.
niah_single_1,13745,The special magic number for ordinary-stem mentioned in the text is: 2677407.
niah_single_1,24645,The special magic number for quarrelsome-realization is: 5449324.
niah_single_1,68285,The special magic number for billowy-blend is: 5098412.
niah_single_1,100326,The special magic number for different-burn is: 8351517.
niah_single_1,1691,"There is no special magic number mentioned in the provided text. The text appears to be a repetition of the same sentence, ""The grass is green. The sky is blue. The sun is yellow. Here we go. There and back again,"" many times, but it does not mention a specific number."
niah_single_1,24990,"There is no special magic number mentioned in the provided text. The text appears to be a repetition of the same sentence, ""The grass is green. The sky is blue. The sun is yellow. Here we go. There and back again."" over and over again, with no mention of a specific number."
niah_single_1,102216,The special magic number for condemned-scam is: 2795765.
niah_single_1,111671,5727085
niah_single_1,37684,The special magic number for witty-offset is: 6752576.
niah_single_1,46512,The special magic number for quarrelsome-casualty is: 9196204.
niah_single_1,51187,The special magic number for capable-citizen is: 8106422.
niah_single_1,24280,The special magic number for abashed-girlfriend is: 6596150.
niah_single_1,101854,The special magic number for dirty-stress is: 8412769.
niah_single_1,20854,1162230
niah_single_1,100774,The special magic number for vigorous-rag is: 3500715.
niah_single_1,79445,The special magic number for lewd-porthole is: 3484601.
niah_single_1,67396,The special magic number for ambitious-reorganisation is: 6171716.
niah_single_1,46245,The special magic number for lackadaisical-modernity is: 4524499.
niah_single_1,114634,The special magic number for knotty-inlay is: 7817881.
niah_single_1,32824,"There is no special magic number for foamy-sneeze mentioned in the provided text. The text appears to be a repetition of the same sentence, ""The grass is green. The sky is blue. The sun is yellow. Here we go. There and back again,"" many times, but it does not mention a special magic number for foamy-sneeze."
niah_single_1,61446,The special magic number for ad hoc-picture is: 4009172.
niah_single_1,49387,The special magic number for uncovered-nymph is: 5163555.
niah_single_1,70710,The special magic number for wary-gum is: 2813543.
niah_single_1,36976,The special magic number for parsimonious-conditioner is: 4731818.
niah_single_1,42184,6120253
niah_single_1,73689,The special magic number for acrid-disposition is: 4240180.
niah_single_1,51637,The special magic number for guiltless-nurse is: 2164686.
niah_single_1,73867,The special magic number for testy-hydrocarb is: 9546409.
niah_single_1,48307,The special magic number for adhesive-catsup is: 2935113.
niah_single_1,7265,The special magic number for snotty-canvas is: 5453786.
niah_single_1,63880,8290770
niah_single_1,21490,9580255
niah_single_1,47134,4188992
niah_single_1,518,The special magic number for whimsical-prince is: 8315831.
niah_single_2,85307,The special magic number for discreet-commodity mentioned in the text is 7210606.
niah_single_2,14804,5479144
niah_single_2,36636,5107245
niah_single_2,138356,5528972
niah_single_2,12281,6440561
niah_single_2,98794,6292423
niah_single_2,96715,9375710
niah_single_2,29225,5443951
niah_single_2,146774,5408072
niah_single_2,90496,7700828
niah_single_2,122834,9548432
niah_single_2,31985,The special magic number for annoying-doorbell is: 2839607.
niah_single_2,150572,8082668
niah_single_2,150572,The special magic number for lush-tornado is 7402509.
niah_single_2,138362,5218028
niah_single_2,134787,2921859
niah_single_2,25022,6707197
niah_single_2,124106,The special magic number for workable-chateau is: 5418934.
niah_single_2,72862,2785277
niah_single_2,36640,7273233
niah_single_2,70525,7089806
niah_single_2,142325,5041154
niah_single_2,14802,9153566
niah_single_2,138357,8973915
niah_single_2,150573,9852897
niah_single_2,72863,4374754
niah_single_2,110181,7264956
niah_single_2,51340,The special magic number for crabby-player is: 5159166.
niah_single_2,146778,1352896
niah_single_2,251,4694634
niah_single_2,51339,1987737
niah_single_2,45612,9143903
niah_single_2,54600,8930103
niah_single_2,83395,8231838
niah_single_2,80109,7754864
niah_single_2,38187,8077999
niah_single_2,11973,2642635
niah_single_2,45606,The special magic number for plucky-prefix is: 9075854.
niah_single_2,95810,3762152
niah_single_2,31326,9164991
niah_single_2,12282,4652414
niah_single_2,12284,1959074
niah_single_2,38181,2344047
niah_single_2,143431,5130808
niah_single_2,103259,The special magic number for swift-bronze is: 2375453.
niah_single_2,76777,4426900
niah_single_2,29222,The special magic number for goofy-manacle is: 7640184.
niah_single_2,14801,The special magic number for orange-mangle is: 6304573.
niah_single_2,14801,2677407
niah_single_2,88037,5098412
niah_single_2,134791,8351517
niah_single_2,252,"There is no special magic number mentioned in the provided text for ""subsequent-motorcar""."
niah_single_2,29217,2737893
niah_single_2,138357,2795765
niah_single_2,45605,6752576
niah_single_2,63268,8106422
niah_single_2,29227,6596150
niah_single_2,138355,8412769
niah_single_2,25022,1162230
niah_single_2,134789,The special magic number for vigorous-rag is: 3500715.
niah_single_2,88048,6171716
niah_single_2,151774,There is no special magic number mentioned in the provided text for knotty-inlay.
niah_single_2,80108,4009172
niah_single_2,64958,5163555
niah_single_2,95807,2813543
niah_single_2,50050,6120253
niah_single_2,98790,4240180
niah_single_2,64958,2164686
niah_single_2,57786,2935113
niah_single_2,7209,5453786
niah_single_2,24592,9580255
niah_single_2,59516,4188992
niah_single_2,249,The special magic number for whimsical-prince is: 8315831.
niah_single_2,14796,8235969
niah_single_2,25021,6266630
niah_single_2,103266,6188935
niah_single_2,138357,The special magic number for meek-rebellion mentioned in the text is: 5960271.
niah_single_2,95809,8053918
niah_single_2,98794,6049101
niah_single_2,46516,There is no special magic number mentioned in the provided text for hollow-stroke.
niah_single_2,124102,The special magic number for nutty-throne is: 4585314.
niah_single_2,70526,4940441
niah_single_2,4725,3472189
niah_single_2,154676,"There is no special magic number mentioned in the provided text for ""fretful-stag""."
niah_single_2,142322,7953166
niah_single_2,250,3475836
niah_single_2,39235,The special magic number for nauseating-strip is: 4671545.
niah_single_2,25027,The special magic number for aromatic-bungalow is: 5180853.
niah_single_2,103628,9468772
niah_single_2,110176,8963715
niah_single_2,132544,5652512
niah_single_2,64953,5013879
niah_single_2,54598,5793722
niah_single_2,50048,The special magic number for dark-chess mentioned in the text is: 3530518.
niah_single_2,80108,7838382
niah_single_2,46516,"There is no special magic number mentioned in the provided text for ""muddy-disease""."
niah_single_2,142325,1327691
niah_single_2,85311,The special magic number for permissible-waterwheel is: 1098919.
niah_single_2,134796,The special magic number for madly-functionality is: 8030010.
niah_single_2,64959,4681284
niah_single_3,54526,23bed01d-43cf-4fde-a493-3b83757750a9
niah_single_3,11964,c17af08a-1745-46d8-be57-0ddf827050a8
niah_single_3,105361,The special magic uuid for deranged-assurance is: ae340454-cac5-468c-a8f4-9481a0a04dc4.
niah_single_3,132346,The special magic uuid for lush-tornado is: 77d21e02-ff01-4f99-988c-24c961b1cd22.
niah_single_3,24984,The special magic uuid for screeching-drag is: ae270da7-02f0-4b90-b143-262fdc5c0eed.
niah_single_3,36548,6f4cc69a-4b22-4308-9c8e-aee95715bd6f
niah_single_3,70514,a013ac6e-deda-4e16-9b3d-bd5ce9a1fa6f
niah_single_3,132352,8a14be62-295b-4715-8333-e8615fb8d16c
niah_single_3,90078,1ca35cfb-04fc-4d82-bd15-438552fbe43b
niah_single_3,132615,The special magic uuid for yummy-dynasty is: fa5d3100-11b7-4948-90e6-e6607c69dee1.
niah_single_3,36550,8cbfedb0-f264-4ccc-b9ac-1b1ea8e56e0c
niah_single_3,88028,abf3ad39-fec2-4bbe-a624-5bfa4fcca39a
niah_single_3,14652,The special magic uuid for raspy-common is: 3985c3cf-3f76-4e1d-9efa-21977394988f.
niah_single_3,51266,The special magic uuid for accidental-airfield is: 96a402f2-3ae8-4c93-8dcd-cd03969b6662.
niah_single_3,14653,3a9bedd4-0f12-49e0-a18f-f6b6b535106e
niah_single_3,138131,The special magic uuid for round-webinar is: e1e3db63-ef7d-4c76-b92d-a22b21df306f.
niah_single_3,44085,The special magic uuid for freezing-milk is: 683514f2-ceb8-4f9d-b914-c120c8dcd19f.
niah_single_3,103180,6c6fa611-5ab3-4edf-ae59-5ed3a8b317fa
niah_single_3,21234,fbf24050-a748-4bcf-ac61-9e630dde29a6
niah_single_3,21235,dc96925e-ccf3-4171-96dc-8907ba6c34ab
niah_single_3,105357,23e2fcb4-72d8-467d-894a-05e430b187ef
niah_single_3,14659,ec5b227c-dfde-4fbf-bff3-50bf766ecb15
niah_single_3,134646,ffd0f9d5-a6f2-47b8-8cf3-5b5819108be5
niah_single_3,11965,66aa9385-dd59-4a71-b6b8-24817b3a4e3e
niah_single_3,136099,The special magic uuid for nasty-course is: fed4057d-bb02-4576-b512-c4c3b253d218.
niah_single_3,12180,f7fd5646-37bb-4eec-8bf5-0b52309d258c
niah_single_3,126238,7a0ecfea-958c-49ba-8cd6-20c20ea2622b
niah_single_3,96710,3c365296-dca0-4eec-acda-bacc1165e210
niah_single_3,154590,0a2c827e-9832-4856-9434-0a033f07f814
niah_single_3,76515,85d51695-90b2-4633-956b-8c0ca8499b92
niah_single_3,59384,3d1a85dd-506e-4a9a-b758-588dab73295b
niah_single_3,76517,The special magic uuid for curved-table is: 750cab75-4ccc-4bc2-a53f-8a28abf3e3fc.
niah_single_3,21232,The special magic uuid for aboard-lode is: 902059e4-ff9a-45c2-9f04-4aed75523327.
niah_single_3,85172,21e8ac68-43e4-4caf-8181-a8cc369147eb
niah_single_3,134645,702cdd20-2862-48b8-88f4-ef125e9953d2
niah_single_3,132353,a76afde6-ce9e-4a11-bcbb-4e59fbddcf7c
niah_single_3,136096,be0f051b-1b66-45a9-a3c4-36571d8cbbac
niah_single_3,81918,b7b56ea7-35eb-432d-9ad6-20ab48212ddb
niah_single_3,63266,d450281c-6c6f-4633-a260-772317a0df49
niah_single_3,59387,a319dcb4-217d-45a0-8568-11cd5563f616
niah_single_3,31324,The special magic uuid for boiling-basement is: e767dcea-b0e6-4969-a213-42b0f1eedba3.
niah_single_3,7048,The special magic uuid for hot-dramaturge is: cbceabde-eede-4b07-a623-a6895d59cd2a.
niah_single_3,85174,1a50aec3-aabc-45fa-bfe1-2e47ae9bec36
niah_single_3,54529,The special magic uuid for symptomatic-principle is: ee0caeb5-ecfe-4b99-a790-cebdbfddc3d9.
niah_single_3,81911,2dea9493-0658-463a-a98c-206fe1a47e10
niah_single_3,64912,3f87e362-cf8d-446a-bc2c-bb0ddd334cc7
niah_single_3,119765,09e9db0a-df46-4290-a1ee-411a1bac27a7
niah_single_3,72726,598336e3-75d6-4ed4-ab1f-a9f2d10bd1d0
niah_single_3,81913,6601ddd0-3170-4437-a8f7-ef5a060edf5b
niah_single_3,126244,59e4b671-4774-4c58-85f8-bc16f7860b50
niah_single_3,4698,54c63cd8-8945-4f27-97fa-2d8dfb2ca025
niah_single_3,59382,fbc9f87a-f668-4617-94a1-875d2db69edb
niah_single_3,76521,ba81edd9-587e-4344-af3f-920c98b8e4cc
niah_single_3,128604,006ed6e3-6fa1-4735-b572-f3d00b5cea6a
niah_single_3,81907,aa0b7b14-f2e9-402d-91e9-cdaa6e6981a3
niah_single_3,72724,e6697833-b841-40a0-9fe7-71d6d9178793
niah_single_3,38173,The special magic uuid for empty-drop is: 610faa3f-f0bb-4c67-aa38-d0a16ba25efe.
niah_single_3,67688,4dcabfb7-001a-4a8b-956f-03508c459ce2
niah_single_3,76513,a79ac9aa-9b4e-4c24-9479-e1e6c9277d9b
niah_single_3,119769,82dc4c8e-36b5-429a-acf5-e81e71316269
niah_single_3,154589,a9f25336-83f4-49a9-88a6-39d015b52908
niah_single_3,116516,3eae0032-0bd4-4990-8640-be0f25b8fd4b
niah_single_3,244,a7f36ae9-25c7-4c44-be75-c3b4664fa663
niah_single_3,132350,f53d4330-cdda-44ba-ad06-e8cf3805f907
niah_single_3,24986,d92c9227-eadf-4085-bfcb-75468eb22579
niah_single_3,124098,The special magic uuid for oafish-harvest is: e45b712e-b822-4688-90a4-44329cd6c852
niah_single_3,119771,be6033f7-28be-4288-a5af-6e39722764e6
niah_single_3,64916,a33dc7af-d701-410d-bf4b-1a70c074718e
niah_single_3,18241,8a476a87-e49d-481d-91d8-7c6455fa1ab8
niah_single_3,46457,271e3ee2-b1a6-41f1-a20e-99d33b33f3d8
niah_single_3,103179,7746d0ba-8ae8-405b-94b4-a48268586eba
niah_single_3,146628,e7a37e81-63b4-408b-ab8e-869fd5385b0e
niah_single_3,100694,d5f25073-f414-42b1-a442-9ebbda7b9095
niah_single_3,4703,7c5308bf-6f92-425e-85df-16b6382c043f
niah_single_3,96710,06e745f9-88bc-439c-9f4c-3b79fb10987f
niah_single_3,113822,dde9f863-22bd-4388-adb9-9102a48b3dbe
niah_single_3,113823,362f5e5c-53cd-4268-a10c-f37342999aa4
niah_single_3,103185,473bd358-610e-4a64-a130-1617c2dff335
niah_single_3,7048,f510ab53-c7fe-439f-9190-f938a66fd7f7
niah_single_3,31918,9f0fda8d-0537-4ff6-96d7-b3b833094d35
niah_single_3,46457,90604f62-1d48-4071-ab61-a7b1793b4c32
niah_single_3,4701,9424aed5-1bac-4c15-8fa0-3f26f6f7f0cc
niah_single_3,98569,60141de9-f54a-40a2-a874-66d7ad66a1bd
niah_single_3,146472,The special magic uuid for wakeful-flight is: af2b99b4-d9ac-4158-8d34-85c5c5c14eb4.
niah_single_3,105350,8861fe18-58e2-4888-8a83-81bec85aca46
niah_single_3,110967,a2b5b498-5cb8-4aed-b5f6-2c976efb63b1
niah_single_3,64911,f7294951-8591-41d2-bbda-02422d174fc9
niah_single_3,64913,97ac6aa8-bb24-48a3-9363-57b66f81cf4f
niah_single_3,109923,The special magic uuid for friendly-perpendicular is: 4767d76c-162f-4a24-af43-613cd4aac9a3.
niah_single_3,45603,7cd0129d-2e8d-4e87-9334-20e6d9d80b8d
niah_single_3,64913,The special magic uuid for gifted-menopause is: 989d9d4a-e15c-4666-8797-b2c957207246.
niah_single_3,120129,The special magic uuid for sedate-prize is: 79e13cea-b0cb-461f-bd85-de89c2171429.
niah_single_3,54521,The special magic uuid for absurd-extent is: 6786d506-38ba-4abc-8b53-05e517d2582e.
niah_single_3,132345,8db06746-7927-4973-9e78-1fd794e0d3ba
niah_single_3,43097,The special magic uuid for green-bookcase is: 1ee34dc4-3b04-4a8b-805b-fdc94e7ed827.
niah_single_3,39130,c31edbbc-f36c-462b-892e-6161be2d740a
niah_single_3,146626,b97e6703-46c8-4dfe-bbf4-7042bd1531c8
niah_single_3,63264,The special magic uuid for historical-supply is: 2067bdac-88bd-43d1-b540-b30e039f3a25.
niah_single_3,28941,f1afdb65-b289-4224-8ac9-778d8da8eee4
niah_single_3,119771,48ca7651-92f5-4f7b-8323-d342df6a8f93
niah_multikey_1,98766,The special magic number for careful-plot is: 2626229.
niah_multikey_1,120172,2642635
niah_multikey_1,31921,8633773
niah_multikey_1,132423,1981186
niah_multikey_1,150335,2149597
niah_multikey_1,28946,The special magic number for hypnotic-escape is: 5374922.
niah_multikey_1,126360,The special magic number for orange-mangle is: 6304573.
niah_multikey_1,21305,3646552
niah_multikey_1,82061,The special magic number for stimulating-brown is: 4533779.
niah_multikey_1,59322,6596150
niah_multikey_1,138144,1604451
niah_multikey_1,85242,The special magic number for hot-dramaturge is: 7117837.
niah_multikey_1,54596,7907400
niah_multikey_1,4709,The special magic number for outrageous-filth is: 6866294.
niah_multikey_1,124181,The special magic number for jolly-mortise is: 6262632.
niah_multikey_1,134792,4188992
niah_multikey_1,103206,6038571
niah_multikey_1,110724,The special magic number for snobbish-gauge is: 6406444.
niah_multikey_1,93221,2221854
niah_multikey_1,138210,1093026
niah_multikey_1,63201,5652512
niah_multikey_1,46587,7426265
niah_multikey_1,247,8048838
niah_multikey_1,95854,8312114
niah_multikey_1,141825,7610562
niah_multikey_1,76528,7360307
niah_multikey_1,110798,The special magic number for accessible-cork is: 3556551.
niah_multikey_1,14661,7296605
niah_multikey_1,82051,7217147
niah_multikey_1,105372,3566765
niah_multikey_1,113915,5679639
niah_multikey_1,120109,7818732
niah_multikey_1,72531,7784725
niah_multikey_1,44155,The special magic number for kind-cheddar is: 8612582.
niah_multikey_1,21239,9801946
niah_multikey_1,138213,6071208
niah_multikey_1,59322,1861958
niah_multikey_1,54594,6097514
niah_multikey_1,154649,4786401
niah_multikey_1,103207,2259379
niah_multikey_1,51155,8617381
niah_multikey_1,132696,3086308
niah_multikey_1,65036,1348050
niah_multikey_1,7052,The special magic number for modern-churn is: 9312590.
niah_multikey_1,120164,9363326
niah_multikey_1,110667,5896624
niah_multikey_1,246,2171218
niah_multikey_1,134726,The special magic number for round-classroom mentioned in the provided text is: 9125900.
niah_multikey_1,128735,3551903
niah_multikey_1,98706,6680114
niah_multikey_1,83095,6024207
niah_multikey_1,122630,4020853
niah_multikey_1,93289,5195951
niah_multikey_1,98761,4979651
niah_multikey_1,43055,7121355
niah_multikey_1,113968,7138070
niah_multikey_1,59316,The special magic number for cagey-processor is: 7619862.
niah_multikey_1,4706,7232293
niah_multikey_1,103278,The special magic number for stupid-occasion is: 4713925.
niah_multikey_1,103145,The special magic number for confused-panel is: 2630611.
niah_multikey_1,110074,2661307
niah_multikey_1,113975,The special magic number for vast-builder mentioned in the text is: 7162857.
niah_multikey_1,51170,3112652
niah_multikey_1,116471,8062546
niah_multikey_1,31395,2811298
niah_multikey_1,74551,6686328
niah_multikey_1,146632,3050700
niah_multikey_1,83221,4794319
niah_multikey_1,95853,1514340
niah_multikey_1,124260,2368710
niah_multikey_1,24667,4543918
niah_multikey_1,113979,7378822
niah_multikey_1,18246,The special magic number for clear-underwire mentioned in the text is: 5082173.
niah_multikey_1,120106,2264218
niah_multikey_1,146669,6422534
niah_multikey_1,67649,1954456
niah_multikey_1,35667,The special magic number for wet-description is: 8344365.
niah_multikey_1,82041,6614484
niah_multikey_1,98774,5227787
niah_multikey_1,132698,6733317
niah_multikey_1,154658,6649968
niah_multikey_1,72600,4985095
niah_multikey_1,35730,2721170
niah_multikey_1,31452,6625238
niah_multikey_1,110733,8043503
niah_multikey_1,132632,9825812
niah_multikey_1,14665,The special magic number for lively-relationship mentioned in the text is: 5255545.
niah_multikey_1,39266,8795078
niah_multikey_1,98573,1703065
niah_multikey_1,18245,9712003
niah_multikey_1,36555,The special magic number for typical-kebab mentioned in the text is: 5960015.
niah_multikey_1,90143,1962308
niah_multikey_1,90147,The special magic number for straight-lawn is: 8351320.
niah_multikey_1,45606,The special magic number for puffy-diploma is: 9686324.
niah_multikey_1,110060,9240971
niah_multikey_1,96727,2446455
niah_multikey_1,35663,The special magic number for creepy-monk is: 9692311.
niah_multikey_1,151733,6664316
niah_multikey_1,28380,The special magic number for excellent-flower is: 6707484.
niah_multikey_1,120104,3673322
niah_multikey_2,21385,The special magic number for level-fight is: 6534822.
niah_multikey_2,70046,The special magic number for phobic-venture is 9674426.
niah_multikey_2,37749,The special magic number for nosy-independent is: 9397875.
niah_multikey_2,24664,2812690
niah_multikey_2,32856,6015294
niah_multikey_2,8403,7339309
niah_multikey_2,110307,5031718
niah_multikey_2,87945,1650548
niah_multikey_2,48095,7276037
niah_multikey_2,46932,6313914
niah_multikey_2,96520,8353284
niah_multikey_2,97084,The special magic number for pumped-exposition is 4771202.
niah_multikey_2,59750,The special magic number for agreeable-tick is 3183657.
niah_multikey_2,93544,5893734
niah_multikey_2,20238,7452079
niah_multikey_2,99842,6385201
niah_multikey_2,83338,2029328
niah_multikey_2,27312,3386823
niah_multikey_2,70826,The special magic number for futuristic-hiring is: 8478428.
niah_multikey_2,13399,2660023
niah_multikey_2,85695,The special magic number for lively-timer is: 8893391.
niah_multikey_2,81443,4046526
niah_multikey_2,22340,7855695
niah_multikey_2,42199,The special magic number for tender-photoreceptor is: 2250093.
niah_multikey_2,54241,The special magic number for rapid-snake is: 2145414.
niah_multikey_2,108307,6303345
niah_multikey_2,83562,6038917
niah_multikey_2,43890,9715217
niah_multikey_2,17463,The special magic number for boundless-pinworm is 1267232.
niah_multikey_2,10915,3057779
niah_multikey_2,111324,8715950
niah_multikey_2,19737,The special magic number for alcoholic-animal is: 8801094.
niah_multikey_2,84261,The special magic number for fascinated-hull is: 4000905.
niah_multikey_2,94898,The special magic number for heavenly-eclipse is: 7876665.
niah_multikey_2,100387,The special magic number for breezy-payment is: 4118130.
niah_multikey_2,78837,4723803
niah_multikey_2,85187,8453265
niah_multikey_2,108147,5032309
niah_multikey_2,94579,3560461
niah_multikey_2,84997,3898248
niah_multikey_2,93277,4070240
niah_multikey_2,73608,5116851
niah_multikey_2,35192,The special magic number for guttural-learning is: 1501164.
niah_multikey_2,89991,5143153
niah_multikey_2,110572,4818441
niah_multikey_2,89709,The special magic number for agonizing-alloy is: 6153630.
niah_multikey_2,42911,8734523
niah_multikey_2,32564,9059018
niah_multikey_2,49358,7345931
niah_multikey_2,5791,The special magic number for fine-curse is: 5346052.
niah_multikey_2,4743,9679496
niah_multikey_2,11592,8823200
niah_multikey_2,57440,9677250
niah_multikey_2,59460,4039257
niah_multikey_2,75631,The special magic number for quiet-bureau is 8331697.
niah_multikey_2,30989,The special magic number for bloody-legal is: 3471333.
niah_multikey_2,23722,6801210
niah_multikey_2,104884,6329813
niah_multikey_2,34371,5899580
niah_multikey_2,67774,5239291
niah_multikey_2,26135,The special magic number for bumpy-mandolin is: 5339653.
niah_multikey_2,62297,The special magic number for guttural-cilantro is 9292957.
niah_multikey_2,72109,4347422
niah_multikey_2,114472,9346624
niah_multikey_2,60700,The special magic number for unaccountable-house is 9212704.
niah_multikey_2,86296,2416464
niah_multikey_2,37558,6173967
niah_multikey_2,79332,The special magic number for wretched-estuary is 9092997.
niah_multikey_2,79523,7937041
niah_multikey_2,72764,The special magic number for tan-caffeine is: 9593761.
niah_multikey_2,60105,7262759
niah_multikey_2,2336,5858378
niah_multikey_2,85918,5728580
niah_multikey_2,8854,9430215
niah_multikey_2,53702,7117947
niah_multikey_2,80155,The special magic number for tranquil-ravioli is: 7563774.
niah_multikey_2,115472,The special magic number for dapper-peanut is 3245896.
niah_multikey_2,68784,5046329
niah_multikey_2,65110,The special magic number for imperfect-typewriter is: 8931347.
niah_multikey_2,60639,The special magic number for dusty-banker is: 1190100.
niah_multikey_2,44614,The special magic number for unable-cartoon is: 4015489.
niah_multikey_2,54931,8299927
niah_multikey_2,27263,4804203
niah_multikey_2,20023,3089820
niah_multikey_2,43830,7326288
niah_multikey_2,5079,9304494
niah_multikey_2,73124,"The special magic number for ""loose-link"" is 3479413."
niah_multikey_2,42967,1161991
niah_multikey_2,2387,1015646
niah_multikey_2,93234,9740388
niah_multikey_2,21129,6674942
niah_multikey_2,113192,8002263
niah_multikey_2,32406,The special magic number for panicky-cathedral is: 6184300.
niah_multikey_2,88184,6903105
niah_multikey_2,45437,6338075
niah_multikey_2,93266,The special magic number for honorable-gyro is 1379777.
niah_multikey_2,118998,The special magic number for observant-minute is: 9578010.
niah_multikey_2,33465,7836046
niah_multikey_2,17976,6965826
niah_multikey_2,45782,9449456
niah_multikey_3,22720,The special magic uuid for 31417cc0-59ff-40d6-beb7-d9094f15fdac is: b4e91064-9ebb-45ca-8a05-d8999ef9ab9a
niah_multikey_3,27280,39289fd0-8409-4d5c-b752-fc64048ac7a3
niah_multikey_3,44380,The special magic uuid for 54ee04b5-536b-4614-b424-f9024023d444 is: 74f79550-6bc5-43ad-a658-b678569f8ded.
niah_multikey_3,31042,The special magic uuid for c2be527d-f8de-4e09-89f8-ca58a60491cf is: dd2623e4-db0d-4bdf-a9c1-8577ab8f225a.
niah_multikey_3,20554,The special magic uuid for eacd8c87-8e51-4a3e-bf29-9b0e708d2535 is: eedc02e9-7302-4b6e-ab69-8c27b6c09998.
niah_multikey_3,41416,3b00423a-0892-4361-81bb-32ecff9b6a33
niah_multikey_3,56236,The special magic uuid for 43158ea8-ceb2-4196-9b4c-4255684a5073 is c4008d41-a50d-41b2-9a6b-6aaf1944d32d.
niah_multikey_3,38794,The special magic uuid for 32289260-90f8-4688-a0f9-3f41bbe36494 is 96889dd1-b9ed-4cad-84c3-8dc5ca2a35c3.
niah_multikey_3,43240,The special magic uuid for 3065b97d-9b9f-496c-b38c-aaca9c1d78e0 is: 857aadae-de1e-4909-94ec-fdd3fd18a543.
niah_multikey_3,27508,7316cbd4-9a8a-499d-b286-9d11a6ef8022
niah_multikey_3,42670,The special magic uuid for 923e51ef-d591-4f3e-a931-59c69fcd9c7f is: b8f68966-a073-41d0-9a02-25c26e8e21c1
niah_multikey_3,10408,145a02f7-7b28-44a5-9a80-19e837dc6268
niah_multikey_3,35716,60c3340b-226e-48de-b9ab-0ee0d3552a29
niah_multikey_3,20440,The special magic uuid for 4fdee8ac-7113-4875-9cff-8fd25dcedeb7 is: 57749ca0-8ab5-4c90-878e-e625938208ca.
niah_multikey_3,4366,The special magic uuid for 3b6ceb07-fb56-41bd-9cd5-5f02b2a9e6ee is: fa5b4946-5f01-42f7-8a3d-522e43ad3999.
niah_multikey_3,16906,The special magic uuid for 5177e4e4-9ac3-4854-9b3c-c164155abe01 is: c7800e2a-4f30-482a-b61a-55f188127701
niah_multikey_3,52930,The special magic uuid for 7f7627cc-82fd-466b-8e56-f929b7e10708 is: d3ca9371-f896-42fe-90f3-6cff7adf6634
niah_multikey_3,31270,3b5577d5-6d84-481e-95b3-0efbd5202113
niah_multikey_3,21010,5b774826-71c9-4e59-8a69-37aab1e21d6b
niah_multikey_3,45520,The special magic uuid for 2af2cfa5-d01a-4ce0-98dd-99daf73a3208 is 92755e08-ba8b-405b-ac14-3bd0271ce2b1.
niah_multikey_3,32410,The special magic uuid for a6c0e3e0-4c9a-49d8-b8fa-7eebc1f39fa6 is: 72e0c1ed-4842-4fbf-a777-0b328bf5f7ce
niah_multikey_3,7672,2727f262-9dfc-4655-9535-9336339036e8
niah_multikey_3,18730,The special magic uuid for b8dabd58-726f-4fdd-bf61-0036407091da is 629b59d1-fa13-479f-a501-528613f402bb.
niah_multikey_3,43582,The special magic uuid for 9af514c8-07b3-48e6-bdf6-9344b3e0c0cf is ff38ca38-3d38-405f-b167-cb6d106ef858.
niah_multikey_3,40162,The special magic uuid for d01a64ec-5517-4a77-8f32-cf63301f2ed9 is: 0ec3c1e9-0dad-4c2d-9c80-5ef4fde5288c.
niah_multikey_3,5962,1d94b65c-a475-4b49-b30d-424856a63898
niah_multikey_3,9496,875d7c40-c156-4235-844f-ab85f53c7bf2
niah_multikey_3,18388,28437701-e8d9-4dde-be51-7fc09aecca90
niah_multikey_3,37654,The special magic uuid for 0c0b0ff0-d7bb-4498-bd93-4c3e09b8ed0e is 6a5db59e-060e-4426-aaa0-d705758aa9cc.
niah_multikey_3,39136,The special magic uuid for 8ade2722-d4cb-4fe2-82b9-e81a5261500f is: 48760b4d-90cb-46b4-b23d-9afb609301f1
niah_multikey_3,58288,The special magic uuid for 31b2fe3b-0617-4364-9d9b-68160e40da3d is: de06b621-8369-48eb-8eb4-8b1f3553bbba.
niah_multikey_3,18160,60692db0-2c3a-4ccc-897a-4e0b54df39a9
niah_multikey_3,12688,The special magic uuid for 2af1f31f-46f9-49f6-98d9-4926d28e87cb is: 85844230-a878-490f-8aec-f715b75be2d1.
niah_multikey_3,12574,The special magic uuid for 47cc860c-60e5-4793-877e-434011ea02ef is: 02ab8434-9c01-4c6f-9ff6-3317e32249b3.
niah_multikey_3,25114,The special magic uuid for fcc1c468-5d77-47fd-8cb9-c892dfe38c51 is: ffd8bb48-5933-4cf8-9198-f15db292ff55.
niah_multikey_3,40162,The special magic uuid for 972709a2-00fb-4bd5-8675-d0c97cf94a6e is 0b863c3f-6b81-48ae-9e10-bf93ba354fb2.
niah_multikey_3,2542,The special magic uuid for 770efb43-440e-4c51-978f-6bfb5c28c2bb is: 4783115b-3dab-4306-9718-d8480653cc53.
niah_multikey_3,3796,The special magic uuid for e46d7e7f-bdb2-4591-8443-295e7ef07629 is: 6e78e35d-ec43-49cc-87fd-cde9d05ef69c.
niah_multikey_3,43354,The special magic uuid for c1d8e403-a6e2-4cb1-ae10-5f9ceba334af is: 36e71a0c-668c-4706-9ee1-7548f0c6bc76
niah_multikey_3,18046,6dc893e2-fa62-4422-a0f7-fc6572c7a216
niah_multikey_3,7216,0720ff9c-6ca1-4410-a5fd-efdab457d66f
niah_multikey_3,22264,The special magic uuid for 543fe3a6-f9f8-47cb-bb58-bdfe4d7765bc is: 937892f4-a64d-4e7c-8ede-4fbd3cfe87b1.
niah_multikey_3,25000,The special magic uuid for 5f002f8a-d022-4d94-aa38-c39436d6acc4 is: a7f43de7-4be0-48b2-9c88-8fca4430424c.
niah_multikey_3,21124,536c9533-c350-44e3-8899-54ee2722cbfd
niah_multikey_3,1402,The special magic uuid for 570f84e7-90b9-4234-a683-f5f0266ab5f8 is: 94a0517f-fca2-4d82-bdce-6aebb0a910e2.
niah_multikey_3,12460,00238fa0-bb9f-4f27-b74f-da52b3211aac
niah_multikey_3,54298,9d8831f5-19fb-4913-b160-efd66b154a62
niah_multikey_3,22150,The special magic uuid for e75fd08f-b509-4a5f-92f2-71e506125047 is: f1bb8df8-e2a6-4289-90d2-dc8b4befb576.
niah_multikey_3,59770,The special magic uuid for 3717ca1f-965c-4a52-a3cb-8fe0789838cd is: 70640597-a5c3-4d53-8af1-0d580206147b.
niah_multikey_3,24772,The special magic uuid for 6d9ae9fc-cb62-4359-83f4-15068a72cee9 is 07ebd0ef-5828-4be4-b29c-134c60a2a0c6.
niah_multikey_3,20554,The special magic uuid for 59bf2382-6d6d-4819-88de-df909c176c6f is: b3e37813-967e-4974-8f0f-c6d182f4b467.
niah_multikey_3,57832,The special magic uuid for 3bd2b201-f144-4c14-935f-c92cafe183fb is: 4976a13c-d87d-48d7-bc54-49f7a3293ad9.
niah_multikey_3,2542,The special magic uuid for f620fc39-cd1c-4f42-a8ff-b7ddc4e05f0c is: f64a3ec6-c058-4572-a8d2-011695f666fa.
niah_multikey_3,63988,The special magic uuid for 252045a3-e3ac-4a96-954c-115b47839769 is: 38a37774-1bd7-40e7-8e55-a3c7d6897813.
niah_multikey_3,40846,2519ee2f-894b-44e1-9ee8-eb71d61fd90e
niah_multikey_3,52702,2e9bfc2e-fdf8-40c5-a0e6-8da4281b7112
niah_multikey_3,52930,The special magic uuid for 6d9e1131-cdbf-49bd-bd57-1a731991020f is: 6b5c912d-db3b-4f9c-8442-aee85aef8cf9.
niah_multikey_3,376,The special magic uuid for e9909c16-6288-4d31-837f-04c5b231918d is: 399ebe52-f258-41d2-8c34-fb8cde3a34fa.
niah_multikey_3,12118,6bc036ab-5880-4e37-b4c9-451b98946074
niah_multikey_3,33778,The special magic uuid for af5027cd-691b-4714-8959-b0f9abc957a5 is: 02c56c2d-6b51-42f1-95ed-fcf4f6dd18cd.
niah_multikey_3,6646,The special magic uuid for 5ded8914-a72c-48c4-9a17-825270f43d8a is: 986cb151-44c9-4755-bf6f-af238238aba6.
niah_multikey_3,53044,The special magic uuid for 41ec97ea-3b58-476c-997c-22406124279b is: fde44606-501b-45d3-a3f0-beeb1e688f25.
niah_multikey_3,60226,The special magic uuid for faabba77-7980-4dee-b939-2a7b04a96ee8 is: bcbcbf96-445d-42e7-8298-495a1722e917.
niah_multikey_3,32182,The special magic uuid for a4e424c0-44db-419f-9d63-0b47337358c9 is: d48f2c82-2db6-449a-b145-10e62bf8c1cb
niah_multikey_3,44152,f7f970e5-6596-4c99-a9bb-9b752aa97d18
niah_multikey_3,43240,The special magic uuid for ce668879-75b4-46b5-9597-80f3c5349895 is: 85d77b4a-3050-4c7b-8d97-6a0ac1a14d18
niah_multikey_3,12802,The special magic uuid for 0f1b20a2-f9c4-4a09-8bdc-88a098e4a98a is: 7cd007b9-4110-4859-8a8e-672ba3835ca1
niah_multikey_3,58630,The special magic uuid for 60e07ddc-23bf-41fc-8928-4a81a04b4f6f is: 18daac64-4dff-480a-9515-e5b699635a18.
niah_multikey_3,26026,The special magic uuid for ed3dc351-34c0-4909-b9e7-3fdf584a3aaa is: de3d412a-2f09-4134-ac64-fb02630b4b1e.
niah_multikey_3,33664,The special magic uuid for 29cd9050-2f5c-4e52-aecf-fb9798e5c786 is: d0f6b005-84ca-496e-9479-3065b9dbe0a2
niah_multikey_3,54868,The special magic uuid for ebd52887-d5b7-4b49-b58a-feb72af57354 is: be28032e-7bcb-4220-bfcb-7a86a1e54ba0.
niah_multikey_3,54868,The special magic uuid for b38345ca-3777-4ae1-938d-94f93fd2bce3 is 71232ce4-ab91-42da-9c2c-4b060d22012c.
niah_multikey_3,6874,The special magic uuid for 44bd860f-008d-418c-95a4-54b1a7a930ad is: 884232bc-2dba-4463-992f-1bb7f1a7bebb.
niah_multikey_3,33322,The special magic uuid for c4a0f1ed-0cbf-4acc-b3f8-a52319816d08 is: 8c31e844-323d-448d-ba6e-302483fb0a47
niah_multikey_3,53500,The special magic uuid for d63db667-2ed0-4673-b14d-102cd2a8d4c8 is: f18fc7f1-1009-4724-a246-6e8c9a15b808
niah_multikey_3,9952,The special magic uuid for 6fd185b1-0839-41a3-afc7-6357c623bcf9 is: d71d20d7-4a51-48b3-b62b-6cfd05b0c54e
niah_multikey_3,19072,The special magic uuid for 6f25e4a6-1b7a-45f9-9820-070f3ced79f7 is: 5f9f91d0-bf13-40b2-b9a4-6d7189d306f5
niah_multikey_3,3226,The special magic uuid for 99651343-b325-4a93-a2eb-cd7c6e36f287 is: 15b78620-2dd1-4e94-aa79-e13367887953.
niah_multikey_3,63076,The special magic uuid for 5a7d8aa8-1482-4b35-b458-7025c28a83b4 is: b1d09780-6fae-41e8-85df-4752d473eca2.
niah_multikey_3,50992,1fb4725a-1980-4afb-8bad-c1a89a49b158
niah_multikey_3,39478,The special magic uuid for a4760e68-b3e1-457c-9651-2a4d22547aa5 is: 12484d50-592f-4c51-9119-8c43aaab20c1
niah_multikey_3,12802,The special magic uuid for aaf19c2e-ca45-4fec-8f0b-852c1e15260b is: b59a9f06-5ccb-4cca-8cbb-356cff8ffe1c
niah_multikey_3,33208,The special magic uuid for 31497d49-1b50-422b-bc04-ed5832f4ffd1 is: 6b57bfaf-a9a6-4f8c-8d11-6419f6d4e6f5
niah_multikey_3,34462,The special magic uuid for c3adec1c-991b-4119-8e4b-417d8b97ca2b is 55ef27f7-113b-4676-98a6-2d6c84d541de.
niah_multikey_3,60796,60d65220-3574-405b-965f-d2567a18a6b1
niah_multikey_3,53386,The special magic uuid for d44577b3-8f94-4ac6-b8ce-bd59ebb5477a is: 6936eec2-8de0-432b-84c1-19ff098f7609
niah_multikey_3,28762,41ccce22-9c5a-4526-86ec-e7deceec65c1
niah_multikey_3,9268,The special magic uuid for 592631b9-a760-468c-84bc-47463f20bfd2 is: 98245677-b21c-492d-ae79-656105049ca9
niah_multikey_3,22378,2a286387-afb7-4c08-9bc5-66bc7b66bcee
niah_multikey_3,19072,7a2383dc-aebf-422e-a5ec-6e85f5609e01
niah_multikey_3,9154,38b5d090-aea4-4bd9-a5db-08ebf3fbf225
niah_multikey_3,45520,4a2a2925-b6da-4e18-9b52-79ffbc77f1a6
niah_multikey_3,24658,The special magic uuid for 5c3b22d3-21ea-4ca3-bea6-e4f839248f9a is: fda94812-db39-43e9-9346-7800ee369a39.
niah_multikey_3,51106,4b5f6f9b-e4d7-40f8-a39e-2308eade36d0
niah_multikey_3,32296,3ae83eb7-1b2a-4320-9a39-9767e3fc6fe5
niah_multikey_3,51334,The special magic uuid for 475f077a-76fc-43ee-a8f5-76162cd1a851 is: 792dfac8-4e70-48dc-a98e-d239b6e15c9b.
niah_multikey_3,23632,1634edad-66b2-4679-bbb1-1340faf9a89f
niah_multikey_3,21808,3c64b6b6-cc88-430b-8a09-96c3bc480dec
niah_multikey_3,11320,The special magic uuid for 12c29800-ace3-4739-a205-eef4aa86d1c1 is: c3d9ee3c-929c-4e07-a97a-a9a08a7c0f43.
niah_multikey_3,2656,The special magic uuid for 452978f7-5eec-46a3-b98d-7fd9410eb050 is: de710880-e994-47c0-9602-dcd4ef6a4869.
niah_multivalue,132285,"Here are the special magic numbers for wide-spume mentioned in the provided text:

1. 7264956
2. 7693979
3. 8350099
4. 6229731"
niah_multivalue,51327,"The special magic numbers for beautiful-conditioner mentioned in the provided text are:

1. 4860684
2. 1352896
3. 4694634
4. 6672134"
niah_multivalue,134773,"Here are the special magic numbers for afraid-stir-fry mentioned in the provided text:

1. 9626108
2. 2188789
3. 4993055
4. 6543670"
niah_multivalue,105434,"The special magic numbers for worried-purse mentioned in the provided text are:

1. 8935169
2. 8930103
3. 5076817
4. 7829332"
niah_multivalue,98650,"The special magic numbers for moaning-kilogram mentioned in the provided text are:

1. 2651177
2. 1908841
3. 2016911
4. 8835373"
niah_multivalue,114008,"The special magic numbers for embarrassed-discussion mentioned in the provided text are:

1. 3351868
2. 8526486
3. 8077999
4. 9997381"
niah_multivalue,122569,"Here are the special magic numbers for obedient-breeze mentioned in the text:

1. 1247595
2. 1848731
3. 2564689
4. 2642635"
niah_multivalue,143485,"The special magic numbers for nasty-course mentioned in the provided text are:

1. 4185957
2. 3597059
3. 5977931
4. 9164991"
niah_multivalue,132301,"Here are the special magic numbers for hurried-tensor mentioned in the text:

1. 8999183
2. 1841248
3. 9436429
4. 1959074"
niah_multivalue,146656,"The special magic numbers for efficient-stamina mentioned in the provided text are:

1. 4946066
2. 2140194
3. 7774229
4. 2149597"
niah_multivalue,76655,"Here are the special magic numbers for swift-bronze mentioned in the text:

1. 9770838
2. 8033426
3. 2375453
4. 6307805"
niah_multivalue,154627,"The special magic numbers for mammoth-marten mentioned in the text are:

1. 8670955
2. 6033115
3. 6304573
4. 3195773"
niah_multivalue,90256,"The special magic numbers for blue-eyed-drummer mentioned in the provided text are:

1. 5449324
2. 9487336
3. 3222252
4. 4576135"
niah_multivalue,138172,"The special magic numbers for different-burn mentioned in the provided text are:

1. 9874152
2. 6075395
3. 1131249
4. 8351517"
niah_multivalue,150177,"Here are the special magic numbers for condemned-scam mentioned in the text:

1. 5569244
2. 3607983
3. 5727085
4. 2795765"
niah_multivalue,81881,"The special magic numbers for gabby-oleo mentioned in the provided text are:

1. 8106422
2. 2548511
3. 5641923
4. 1852264"
niah_multivalue,134761,"The special magic numbers for dirty-stress mentioned in the provided text are:

1. 1162230
2. 8175395
3. 2876932
4. 8412769"
niah_multivalue,90240,"Here are the special magic numbers for soggy-laundry mentioned in the text:

1. 3138181
2. 8210624
3. 1701771
4. 3484601"
niah_multivalue,154618,"The special magic numbers for utter-payoff mentioned in the text are:

1. 6933742
2. 2724590
3. 7817881
4. 5186414"
niah_multivalue,65103,"Here are the special magic numbers for modern-vulture mentioned in the text:

1. 6573147
2. 4009172
3. 7907400
4. 1415846"
niah_multivalue,85314,"The special magic numbers for alleged-terrorist mentioned in the provided text are:

1. 4348276
2. 4731818
3. 8722606
4. 8896868"
niah_multivalue,134769,"Here are the special magic numbers for marked-stretch mentioned in the provided text:

1. 2010
2. 40
3. 100
4. 8
5. 9
6. 3
7. 5674183
8. 2164686
9. 5682940
10. 6507321"
niah_multivalue,150181,"The special magic numbers for adhesive-catsup mentioned in the provided text are:

1. 3995870
2. 5382463
3. 5453786
4. 2935113"
niah_multivalue,141828,"The special magic numbers for yellow-carotene mentioned in the provided text are:

1. 9580255
2. 8321474
3. 2940214
4. 6262632"
niah_multivalue,105446,"The special magic numbers for whimsical-prince mentioned in the provided text are:

1. 9722815
2. 1028374
3. 8315831
4. 4305700"
niah_multivalue,103267,"The special magic numbers for ugly-manor mentioned in the provided text are:

1. 9508103
2. 6038571
3. 3090865
4. 6188935"
niah_multivalue,138157,"The special magic numbers for empty-drop mentioned in the provided text are:

1. 3919694
2. 7361002
3. 6049101
4. 8053918"
niah_multivalue,126338,"Here are the special magic numbers for fabulous-way mentioned in the text:

1. 6406444
2. 8801207
3. 8411939
4. 8212326"
niah_multivalue,72733,"The special magic numbers for trite-triangle mentioned in the provided text are:

1. 9647849
2. 5761145
3. 6623525
4. 2422633"
niah_multivalue,154618,"The special magic numbers for defeated-dig mentioned in the provided text are:

1. 5107776
2. 1775337
3. 8971465
4. 1409790"
niah_multivalue,128725,"The special magic numbers for dusty-melon mentioned in the provided text are:

1. 1842524
2. 8793853
3. 5180853
4. 9689889"
niah_multivalue,66454,"The special magic numbers for receptive-shackle mentioned in the provided text are:

1. 5606980
2. 5013879
3. 8379837
4. 9130188"
niah_multivalue,143513,"The special magic numbers for miniature-chit-chat mentioned in the provided text are:

1. 7975534
2. 8816912
3. 2044645
4. 6551268"
niah_multivalue,134769,"Here are the special magic numbers for smelly-barrage mentioned in the text:

1. 1098919
2. 9002392
3. 6901533
4. 7381734"
niah_multivalue,98650,"The special magic numbers for political-target mentioned in the provided text are:

1. 8312114
2. 5579094
3. 9147720
4. 4681284"
niah_multivalue,146672,"The special magic numbers for painstaking-buckwheat mentioned in the provided text are:

1. 1452421
2. 9961107
3. 7610562
4. 3141239"
niah_multivalue,113976,"Here are the special magic numbers for damaging-stamp mentioned in the provided text:

1. 1843636
2. 4048907
3. 5364698
4. 8746014"
niah_multivalue,134793,"Here are the special magic numbers for internal-implication mentioned in the text:

1. 2010
2. 8072684
3. 5668371
4. 1
5. 3
6. 4
7. 5
8. 20
9. 40
10. 100
11. 50
12. 10
13. 4
14. 8
15. 20
16. 40
17. 100
18. 1000
19. 1
20. 2
21. 3
22"
niah_multivalue,154642,"The special magic numbers for jumpy-subcomponent mentioned in the provided text are:

1. 1675419
2. 2151225
3. 1520596
4. 4761823"
niah_multivalue,113996,"The special magic numbers for forgetful-automaton mentioned in the provided text are:

1. 2919136
2. 8945036
3. 4656838
4. 3117636"
niah_multivalue,141824,"Here are the special magic numbers for disgusted-mile mentioned in the provided text:

1. 1430812
2. 2813596
3. 6233774
4. 6218367"
niah_multivalue,141824,"The special magic numbers for spooky-forever mentioned in the text are:

1. 6059717
2. 2709620
3. 3030966
4. 5074336"
niah_multivalue,122570,"The special magic numbers for ubiquitous-cure mentioned in the provided text are:

1. 9488613
2. 2156902
3. 6724909
4. 7217147"
niah_multivalue,154626,"The special magic numbers for late-woodchuck mentioned in the text are:

1. 8306261
2. 3955087
3. 3566765
4. 8713146"
niah_multivalue,110076,"Here are the special magic numbers for overrated-zombie mentioned in the provided text:

1. 6407373
2. 5502929
3. 5118725
4. 8307727"
niah_multivalue,122561,"Here are the special magic numbers for skillful-stab mentioned in the provided text:

1. 1481506
2. 6643798
3. 9293086
4. 7358385"
niah_multivalue,132309,"Here are the special magic numbers for gifted-menopause mentioned in the provided text:

1. 5635017
2. 5691890
3. 1170307
4. 6709938"
niah_multivalue,67733,"The special magic numbers for poor-evaluator mentioned in the provided text are:

1. 9234615
2. 8987516
3. 8519121
4. 5031966"
niah_multivalue,138176,"The special magic numbers for vivacious-plane mentioned in the provided text are:

1. 7191135
2. 6137284
3. 8939993
4. 5081983"
niah_multivalue,76655,"Here are the special magic numbers for kind-cheddar mentioned in the provided text:

1. 6144280
2. 5545223
3. 8612582
4. 5217853"
niah_multivalue,150173,"Here are the special magic numbers for romantic-sill mentioned in the text:

1. 4630331
2. 4213524
3. 9123504
4. 4106298"
niah_multivalue,138210,"The special magic numbers for grouchy-ease mentioned in the text are:

1. 5901239
2. 1914794
3. 3118618
4. 1763626"
niah_multivalue,119682,"Here are the special magic numbers for panoramic-nexus mentioned in the text:

1. 6716097
2. 8389840
3. 4093109
4. 9031491"
niah_multivalue,141848,"The special magic numbers for mature-parallelogram mentioned in the provided text are:

1. 1899411
2. 2242892
3. 3545556
4. 9250138"
niah_multivalue,146648,"The special magic numbers for cooperative-lie mentioned in the provided text are:

1. 9767312
2. 4786401
3. 7381684
4. 7982241"
niah_multivalue,59395,"Here are the special magic numbers for sincere-familiar mentioned in the provided text:

1. 4486102
2. 2664863
3. 4540415
4. 2010496"
niah_multivalue,143493,"Here are the special magic numbers for flawless-entry mentioned in the text:

1. 8617381
2. 5743227
3. 2194198
4. 5833597"
niah_multivalue,72733,"The special magic numbers for concerned-wake mentioned in the provided text are:

1. 5456573
2. 3499627
3. 3386328
4. 4771676"
niah_multivalue,134781,"Here are the special magic numbers for numberless-common mentioned in the provided text:

1. 6101803
2. 3086308
3. 8863447
4. 7752972"
niah_multivalue,141820,"The special magic numbers for brash-landing mentioned in the provided text are:

1. 6407658
2. 8248238
3. 5200476
4. 1668752"
niah_multivalue,132333,"The special magic numbers for unequaled-manufacturer mentioned in the provided text are:

1. 3939212
2. 1674975
3. 8893693
4. 5521644"
niah_multivalue,136139,"The special magic numbers for impossible-trustee mentioned in the text are:

1. 5835492
2. 9312590
3. 7718473
4. 7906258"
niah_multivalue,134778,"The special magic numbers for gamy-composition mentioned in the provided text are:

1. 7780932
2. 2944841
3. 9633492
4. 6423634"
niah_multivalue,138160,"Here are the special magic numbers for elegant-ale mentioned in the text:

1. 9363326
2. 7069650
3. 8416216
4. 9697969"
niah_multivalue,150177,"Here are the special magic numbers for hard-digestion mentioned in the text:

1. 3037191
2. 9132114
3. 1484348
4. 8350368"
niah_multivalue,122557,"The special magic numbers for scrawny-beet mentioned in the provided text are:

1. 4769851
2. 2563790
3. 2903561
4. 7844947"
niah_multivalue,138184,"The special magic numbers for quiet-health-care mentioned in the provided text are:

1. 9094999
2. 7970771
3. 8922533
4. 5587308"
niah_multivalue,126354,"Here are the special magic numbers for embarrassed-sail mentioned in the text:

1. 2171218
2. 3290229
3. 5634662
4. 9526867"
niah_multivalue,134753,"The special magic numbers for half-spume mentioned in the provided text are:

1. 3493017
2. 9214801
3. 8491822
4. 6008935"
niah_multivalue,103287,"The special magic numbers for open-counseling mentioned in the provided text are:

1. 5006492
2. 4165061
3. 7425184
4. 6398528"
niah_multivalue,146664,"The special magic numbers for wealthy-dysfunction mentioned in the provided text are:

1. 3551903
2. 7477326
3. 9310235
4. 7395997"
niah_multivalue,132696,"The special magic numbers for good-signature mentioned in the provided text are:

1. 2347467
2. 7668663
3. 6512415
4. 6680114"
niah_multivalue,110076,"The special magic numbers for swanky-reference mentioned in the provided text are:

1. 5821419
2. 4938791
3. 4816586
4. 2147909"
niah_multivalue,90256,"The special magic numbers for voracious-guilder mentioned in the provided text are:

1. 1771600
2. 1485654
3. 6024207
4. 6442103"
niah_multivalue,154606,"The special magic numbers for deep-auto mentioned in the provided text are:

1. 7913081
2. 9911492
3. 4020853
4. 5096953"
niah_multivalue,113965,"The special magic numbers for swift-linen mentioned in the provided text are:

1. 3401116
2. 9349470
3. 4895475
4. 5040453"
niah_multivalue,113972,"The special magic numbers for blue-footstep mentioned in the provided text are:

1. 6018975
2. 6797629
3. 8118722
4. 8410995"
niah_multivalue,141836,"The special magic numbers for plastic-pollution mentioned in the text are:

1. 7398231
2. 4979651
3. 7022335
4. 2789344"
niah_multivalue,150169,"Here are the special magic numbers for abnormal-aim mentioned in the provided text:

1. 5801541
2. 9333700
3. 4860745
4. 1822825"
niah_multivalue,146644,"Here are the special magic numbers for uppity-excerpt mentioned in the provided text:

1. 1661401
2. 6183033
3. 2630140
4. 3294774"
niah_multivalue,134753,"The special magic numbers for cagey-jute mentioned in the provided text are:

1. 7970985
2. 6481437
3. 5951131
4. 3946751"
niah_multivalue,114008,"The special magic numbers for disillusioned-longboat mentioned in the provided text are:

1. 5951651
2. 9084065
3. 6682698
4. 5311242"
niah_multivalue,134770,"The special magic numbers for unusual-mantle mentioned in the provided text are:

1. 2515030
2. 7136687
3. 7619862
4. 7667458"
niah_multivalue,154622,"The special magic numbers for level-therapy mentioned in the provided text are:

1. 7232293
2. 7392547
3. 2817745
4. 5398338"
niah_multivalue,103287,"Here are the special magic numbers for stupid-occasion mentioned in the text:

1. 8789116
2. 6069909
3. 2060605
4. 4713925"
niah_multivalue,134789,"The special magic numbers for homeless-instructor mentioned in the provided text are:

1. 2630611
2. 9264869
3. 4939290
4. 2948178"
niah_multivalue,154654,"Here are the special magic numbers for understood-everything mentioned in the text:

1. 7960607
2. 2661307
3. 3592464
4. 8031780"
niah_multivalue,134793,"The special magic numbers for victorious-sideburns mentioned in the provided text are:

1. 8438733
2. 4645180
3. 8460758
4. 7216461"
niah_multivalue,150197,"The special magic numbers for axiomatic-temporary mentioned in the provided text are:

1. 4184459
2. 5628522
3. 3049499
4. 7679674"
niah_multivalue,146652,"Here are the special magic numbers for aromatic-midwife mentioned in the text:

1. 3112652
2. 5086407
3. 4442778
4. 6595355"
niah_multivalue,134801,"The special magic numbers for flipped-out-confidence mentioned in the text are:

1. 1047572
2. 3475548
3. 5651899
4. 6512314"
niah_multivalue,146648,"Here are the special magic numbers for coherent-walnut mentioned in the provided text:

1. 1249314
2. 3211291
3. 7010308
4. 1432519"
niah_multivalue,119666,"The special magic numbers for goofy-curio mentioned in the provided text are:

1. 8062546
2. 3126655
3. 9826250
4. 1879109"
niah_multivalue,154618,"The special magic numbers for ragged-snuck mentioned in the provided text are:

1. 9453010
2. 8583392
3. 4716988
4. 2829622"
niah_multivalue,122589,"The special magic numbers for therapeutic-resource mentioned in the provided text are:

1. 9035982
2. 2020480
3. 1522621
4. 7738019"
niah_multivalue,154610,"Here are the special magic numbers for brash-trip mentioned in the text:

1. 2101965
2. 3488628
3. 3117143
4. 6404139"
niah_multivalue,150181,"The special magic numbers for low-catastrophe mentioned in the text are:

1. 8612081
2. 5947563
3. 9481739
4. 9901266"
niah_multivalue,113964,"The special magic numbers for new-vehicle mentioned in the provided text are:

1. 7942639
2. 6686328
3. 4833486
4. 8575834"
niah_multivalue,119682,"The special magic numbers for needless-stucco mentioned in the provided text are:

1. 7279729
2. 5276341
3. 6243275
4. 3560856"
niah_multivalue,105470,"Here are the special magic numbers for little-transplantation mentioned in the provided text:

1. 6530541
2. 2006313
3. 3050700
4. 3182975"
niah_multiquery,124087,"The special magic numbers mentioned in the text are:

* 9910817 (for purring-watercress)
* 8999183 (for somber-minister)
* 1954280 (for didactic-recess)
* 1841248 (for available-pumpkinseed)"
niah_multiquery,124079,"The special magic numbers mentioned in the text are:

* 6304573 (orange-mangle)
* 4576135 (blue-eyed-drummer)
* 1156287 (bloody-reciprocity)
* 2677407 (ordinary-stem)"
niah_multiquery,11978,"The special magic numbers mentioned in the text are:

* 5428914 (evil-soundness)
* 6752576 (witty-offset)
* 9196204 (quarrelsome-casualty)
* 4533779 (habitual-law)"
niah_multiquery,83001,"Here are the special magic numbers mentioned in the text for each of the mentioned categories:

* hot-dramaturge: 7117837
* cuddly-party: 1701771
* aloof-filter: 7003042
* fabulous-square: 5186414"
niah_multiquery,83073,"Here are the special magic numbers mentioned in the text:

* 6507321 (marked-stretch)
* 4240180 (truculent-godmother)
* 1397023 (fertile-refuse)
* 4818418 (homely-kick-off)"
niah_multiquery,151574,"The special magic numbers mentioned in the text are:

* 8315831 (mentioned in the context of ancient-thermostat)
* 9722815 (mentioned in the context of abaft-body)
* 8235969 (mentioned in the context of lazy-lay)
* 4305700 (mentioned in the context of round-activation)"
niah_multiquery,18254,"Here are the special magic numbers mentioned in the text:

* 8411939 (overt-celebration)
* 6406444 (new-rear)
* 4585314 (nutty-throne)
* 4526280 (hapless-syrup)"
niah_multiquery,119611,"The special magic numbers mentioned in the text are:

* 5107776 (for annoyed-cigarette)
* 1409790 (for defeated-dig)
* 6207974 (for fluffy-legume)
* 4340845 (for few-storage)"
niah_multiquery,132309,"The special magic numbers mentioned in the text are:

* 1093026 (Blub Paradox)
* 3475836 (fresh-secretariat)
* 8132769 (clever-spit)
* 7705062 (productive-kitsch)"
niah_multiquery,14351,"The special magic numbers mentioned in the text are:

* 5013879 (tan-creche)
* 9130188 (receptive-shackle)
* 8379837 (grouchy-peninsula)
* 5652512 (tender-rainmaker)"
niah_multiquery,100456,"Here are the special magic numbers mentioned in the text:

* Smelly-barrage: 7381734
* Kind-blind: 6009888
* Maddening-rescue: 1327691
* Permissible-waterwheel: 1098919"
niah_multiquery,79952,"Here are the special magic numbers mentioned in the text:

1. 1843636 (mentioned in the context of Lisp and easy-scrip)
2. 8746014 (mentioned in the context of damaging-stamp)
3. 7360307 (mentioned in the context of glamorous-selling)
4. 8190929 (mentioned in the context of therapeutic-advocacy)"
niah_multiquery,35636,"The special magic numbers mentioned in the text are:

* 2919136 (for uncovered-astrologer)
* 5299055 (for overt-consent)
* 8945036 (for cruel-calcification)
* 4656838 (for short-mob)"
niah_multiquery,103642,"Here are the special magic numbers mentioned in the text:

* 9488613 (billowy-eaglet)
* 2770648 (powerful-explosion)
* 6724909 (threatening-unemployment)
* 8047416 (abrasive-perception)"
niah_multiquery,113921,"Here are the special magic numbers mentioned in the text:

* Broken-conclusion: 5679639
* Youthful-contention: 5502929
* Overrated-zombie: 8307727
* Illegal-physical: 5118725"
niah_multiquery,50109,"The special magic numbers mentioned in the text are:

* 9234615 (thoughtful-tomato)
* 8987516 (vigorous-correspondent)
* 1289293 (obsolete-fifth)
* 5031966 (poor-evaluator)"
niah_multiquery,146594,"Here are the special magic numbers mentioned in the text:

* 4106298 (victorious-pie)
* 5638893 (plausible-thief)
* 9990305 (courageous-swallow)
* 4630331 (eminent-toque)"
niah_multiquery,12255,"Here are the special magic numbers mentioned in the text:

* Historical-supply: 1237370
* Wet-resolution: 9961299
* Cruel-mixture: 5602180
* Large-fulfillment: 4010529"
niah_multiquery,146528,"Here are the special magic numbers mentioned in the text:

* 7982241 (cooperative-lie)
* 6097514 (shocking-clothing)
* 5163953 (bright-forage)
* 3503120 (demonic-pleat)"
niah_multiquery,14355,"Here are the special magic numbers mentioned in the text:

* 1547605 (healthy-device)
* 8883823 (odd-criticism)
* 5833597 (flawless-entry)
* 7853787 (abandoned-enigma)"
niah_multiquery,107507,"The special magic numbers mentioned in the text are:

* 7752972 (for warlike-lack)
* 9284509 (for royal-textual)
* 9396529 (for grieving-reporter)
* 6101803 (for verdant-soap)"
niah_multiquery,35573,"Here are the special magic numbers mentioned in the text:

* 6386463 (inexpensive-disco)
* 7850944 (juicy-godparent)
* 2754894 (uncovered-tactics)
* 8885465 (callous-story)"
niah_multiquery,24451,"The special magic numbers mentioned in the text are:

* 4415140 (arrogant-sponge)
* 8350368 (hard-digestion)"
niah_multiquery,14360,"The special magic numbers mentioned in the text are:

* 4197911 (ludicrous-incentive)
* 3426689 (scientific-stool)
* 9526867 (standing-fratricide)
* 8663605 (fresh-interaction)"
niah_multiquery,134701,"Here are the special magic numbers mentioned in the text:

* For round-classroom: 9125900
* For sour-whip: 9214801
* For defective-shine: 8491822
* For half-spume: 6008935"
niah_multiquery,79957,"Here are the special magic numbers mentioned in the text:

* 3418526 (absorbed-windage)
* 8665981 (reminiscent-mask)
* 3589751 (misty-boutique)
* 2672884 (numerous-opera)"
niah_multiquery,11981,"The special magic numbers mentioned in the text are:

* 6024207 (voracious-guilder)
* 3791137 (obedient-secretion)
* 2686231 (cheerful-sadness)
* 1771600 (adjoining-signal)"
niah_multiquery,14356,"Here are the special magic numbers mentioned in the text:

* 5825658 (overt-intensity)
* 1157662 (unadvised-skill)
* 3650391 (uppity-carotene)
* 5283671 (ossified-howitzer)"
niah_multiquery,85234,"Here are the special magic numbers mentioned in the text:

* Foolish-graph: 7398231
* Erect-ham: 7454081
* Orange-bachelor: 6068760
* Plastic-pollution: 2789344"
niah_multiquery,28355,"The special magic numbers mentioned in the text are:

* 5951131 (for cagey-jute)
* 3204724 (for yummy-step-aunt)
* 7970985 (for imperfect-burro)
* 7121355 (for sneaky-sunlight)"
niah_multiquery,138176,"The special magic numbers mentioned in the text are:

* 9084065 (giant-stair)
* 6682698 (helpful-backyard)
* 3361510 (boiling-catacomb)
* 8857296 (condemned-impress)"
niah_multiquery,28489,"The special magic numbers mentioned in the text are:

* 7850067 (tightfisted-archer)
* 8789116 (teeny-tree)
* 6069909 (wary-chocolate)
* 2060605 (thundering-begonia)"
niah_multiquery,11979,"Here are the special magic numbers mentioned in the text:

* Laughable-oasis: 2666893
* Fantastic-reporter: 8438733
* Vast-builder: 7162857
* Obnoxious-arm-rest: 4961312"
niah_multiquery,38319,"The special magic numbers mentioned in the text are:

* 1047572 (for squealing-clarinet)
* 5205279 (for curly-seminar)
* 3427461 (for grumpy-virginal)"
niah_multiquery,119682,"The special magic numbers mentioned in the text are:

* 3923366 (absorbing-lizard)
* 1879109 (goofy-curio)
* 8062546 (cruel-senator)
* 2906718 (reminiscent-quantity)"
niah_multiquery,124017,"Here are the special magic numbers mentioned in the text:

* Low-catastrophe: 9901266
* Strange-grassland: 3488628
* Grubby-clarification: 6455706
* Berserk-dearest: 3117143"
niah_multiquery,135975,"Here are the special magic numbers mentioned in the text:

* Curly-ultimatum: 2006313
* Capricious-escape: 8245685
* Changeable-hubris: 7251976
* Callous-sphere: 2432176"
niah_multiquery,38186,"The special magic numbers mentioned in the text are:

* 4026879 (strong-digger)
* 5487028 (strong-digger)
* 6183902 (grotesque-acorn)
* 1440466 (nervous-salesman)"
niah_multiquery,120030,"Here are the special magic numbers mentioned in the text for each of the specified categories:

* Grieving-millet: 8434202
* Sweet-consul: 1834876
* Determined-horseradish: 3640899
* Uninterested-pair: 2368710"
niah_multiquery,38188,"The special magic numbers mentioned in the text are:

* 3013003 (gentle-atom)
* 5856117 (gentle-atom)
* 9344741 (ablaze-milepost)
* 3302417 (faint-dock)"
niah_multiquery,143253,"The special magic numbers mentioned in the text are:

* 8719145 (draconian-nectar)
* 7070880 (versed-wealth)
* 8326807 (burly-action)
* 5082173 (clear-underwire)"
niah_multiquery,138032,"The special magic numbers mentioned in the text are:

* 8531380 (overjoyed-strip)
* 2264218 (towering-shear)
* 9289908 (dysfunctional-brushing)
* 3564729 (drunk-notice)"
niah_multiquery,116213,"Here are the special magic numbers mentioned in the text for each of the specified categories:

* Lush-mine: 8763013
* Sulky-propane: 9507186
* Oceanic-diver: 4158134
* Snobbish-signify: 1688246"
niah_multiquery,36384,"Here are the special magic numbers mentioned in the text for each of the four categories:

* Alluring-hare: 5156449
* Quaint-beancurd: 3895058
* Wet-description: 8344365
* Jealous-shelter: 2414808"
niah_multiquery,79896,"The special magic numbers mentioned in the text are:

* 6204824 (jumpy-priest)
* 7575963 (tranquil-interconnection)
* 3372774 (brave-site)
* 2421349 (curious-laptop)"
niah_multiquery,35636,"The special magic numbers mentioned in the text are:

* 3198638 (alive-prestige)
* 6649968 (alive-prestige)
* 7320310 (squeamish-rectangle)"
niah_multiquery,116344,"Here are the special magic numbers mentioned in the text:

* 7406756 (habitual-lock)
* 3718884 (mushy-spool)
* 9849306 (puzzled-armoire)
* 3321942 (erratic-account)"
niah_multiquery,7057,"The special magic numbers mentioned in the text are:

* 1472908 (few-redhead)
* 7289990 (brave-twilight)
* 2662338 (icy-collagen)
* 7478792 (fluttering-parallelogram)"
niah_multiquery,66316,"The special magic numbers mentioned in the text are:

* 9646569 (abstracted-extremist)
* 8669093 (mysterious-doubt)
* 2859886 (bashful-predecessor)
* 9993490 (pumped-cyclooxygenase)"
niah_multiquery,7066,"The special magic numbers mentioned in the text are:

* 6784825 (for bewildered-mineshaft)
* 2739191 (for frail-definition)
* 6991041 (for abstracted-blouse)
* 5255545 (for lively-relationship)"
niah_multiquery,11980,"Here are the special magic numbers mentioned in the text:

* 1614394 (gaping-exception)
* 8942330 (marked-migrant)
* 4206183 (threatening-champion)
* 9646701 (hulking-macrame)"
niah_multiquery,103551,"Here are the special magic numbers mentioned in the text for each of the mentioned entities:

* ill-embryo: 2721307
* brash-apple: 6501583
* typical-kebab: 5960015
* salty-privilege: 5928582"
niah_multiquery,138026,"Here are the special magic numbers mentioned in the text for each of the mentioned groups:

* late-underwriting: 7423230
* bewildered-chuck: 4959345
* thirsty-yurt: 7145971
* alcoholic-army: 3117788"
niah_multiquery,39044,"The special magic numbers mentioned in the text are:

* 5675638 (for tightfisted-hostel)
* 6274512 (for marked-expedition)
* 7156398 (for rhetorical-talk)
* 3310140 (for bored-boundary)"
niah_multiquery,38197,"The special magic numbers mentioned in the text are:

* 6828829 (unbecoming-assassination)
* 2089496 (whispering-paddock)
* 5871470 (scattered-dueling)
* 6361793 (utter-investment)"
niah_multiquery,72670,"The special magic numbers mentioned in the text are:

* 3177199 (painstaking-care)
* 7189302 (secretive-dirt)
* 7054838 (adaptable-liar)
* 9288312 (foamy-smuggling)"
niah_multiquery,18255,"Here are the special magic numbers mentioned in the text for each of the given names:

* disillusioned-pint: 3717354
* creepy-monk: 9692311
* deranged-dioxide: 6102363
* illustrious-bore: 4782763"
niah_multiquery,4611,"The special magic numbers mentioned in the text for the following are:

- tired-gastropod: 4536777
- slimy-plunger: 7989166
- testy-hall: 5440189
- brave-insect: 1762722"
niah_multiquery,74416,"The special magic numbers mentioned in the text are:

* 3193891 (massive-clinic)
* 6794356 (zippy-cannon)
* 9639932 (likeable-evaluator)
* 6357240 (woebegone-mango)"
niah_multiquery,36384,"Here are the special magic numbers mentioned in the text:

* Harsh-vitamin: 7444964
* Funny-percentage: 3363534
* Super-chin: 8015136
* Changeable-rethinking: 1849015"
niah_multiquery,12046,"Here are the special magic numbers mentioned in the text for each of the given categories:

* Handsomely-hugger: 1137194
* Daily-pint: 5437118
* Cloistered-vol: 8229768
* Profuse-career: 8895137"
niah_multiquery,81699,"The special magic numbers mentioned in the text are:

* 2993318 (tacit-tackle)
* 9460003 (lying-supervisor)
* 2622046 (curious-centre)
* 5692934 (odd-archives)"
niah_multiquery,113849,"Here are the special magic numbers mentioned in the text:

* Animated-appeal: 1652868
* Peaceful-wasp: 9712957
* Dangerous-laptop: 6587495
* Pumped-mark: 1675365"
niah_multiquery,116296,"The special magic numbers mentioned in the text are:

* 4817541 (goofy-homosexuality)
* 6161977 (solid-well)
* 1447065 (wretched-characteristic)
* 8962302 (squeamish-epoch)"
niah_multiquery,38117,"The special magic numbers mentioned in the text are:

* 9025733 (ugliest-bread)
* 7322070 (relieved-violet)
* 6453426 (sharp-roommate)
* 4478616 (ratty-meringue)"
niah_multiquery,76593,"Here are the special magic numbers mentioned in the text:

* Fierce-cast: 5993143
* Empty-skeleton: 5135904
* Gullible-boy: 6007984
* Stupid-notepad: 9123194"
niah_multiquery,50162,"Here are the special magic numbers mentioned in the text:

* 5014486 (frantic-tender)
* 1851702 (frantic-tender)
* 2832517 (dangerous-shackle)
* 5557052 (shivering-chin)"
niah_multiquery,146598,"Here are the special magic numbers mentioned in the text:

* Murky-switchboard: 3949245
* Alert-variable: 7660463
* Profuse-reminder: 4125790
* Harsh-archeology: 1628578"
niah_multiquery,21094,"The special magic numbers mentioned in the text are:

* 4240708 (silly-drinking)
* 5949685 (instinctive-watchmaker)
* 9644974 (neighborly-alphabet)
* 7802999 (dusty-baseline)"
niah_multiquery,66232,"Here are the special magic numbers mentioned in the text:

* 6147356 (overt-peace)
* 9430894 (vast-nothing)
* 7801762 (diligent-meeting)
* 2983483 (barbarous-sprout)"
niah_multiquery,107512,"Here are the special magic numbers mentioned in the text:

1. 3514105 (evasive-aspic)
2. 9480665 (barbarous-glove)
3. 6504900 (disillusioned-limit)
4. 2882551 (short-smile)"
niah_multiquery,98636,"Here are the special magic numbers mentioned in the text for each of the specified categories:

* old-starboard: 3213658
* orange-adult: 1968662
* shaky-clothing: 8757420
* ragged-spec: 7969667"
niah_multiquery,38187,"The special magic numbers mentioned in the text are:

* 7302286 (for lopsided-tramp)
* 3231198 (for brash-differential)
* 8525204 (for lucky-blackness)
* 6834610 (for torpid-flavor)"
niah_multiquery,12037,"Here are the special magic numbers mentioned in the text for each of the mentioned niches:

* Sulky-niche: 1262492
* Fragile-pop: 4457475
* Truculent-nibble: 8033690
* Bewildered-curler: 2692765"
niah_multiquery,11985,"Here are the special magic numbers mentioned in the text:

* 5616316 (hilarious-preparation)
* 7938388 (fearless-gumshoe)
* 9745141 (truculent-operator)
* 3938247 (bad-graph)"
niah_multiquery,87896,"Here are the special magic numbers mentioned in the text:

* Daily-strategy: 7516590
* Selfish-embryo: 9891787
* Evil-left: 6540893
* Freezing-god: 5278117"
niah_multiquery,70492,"Here are the special magic numbers mentioned in the text:

* 6395804 (for scintillating-style)
* 5015307 (for maniacal-nestmate)
* 7386444 (for hallowed-bulldozer)
* 4431161 (for freezing-balloon)"
niah_multiquery,35569,"The special magic numbers mentioned in the text are:

* 5122665 (for lovely-soccer)
* 4859072 (for incandescent-actress)
* 6663388 (for puffy-mukluk)
* 4291551 (for depressed-lion)"
niah_multiquery,259,"The special magic numbers mentioned in the text are:

* 1110936 (absorbing-infarction)
* 9184838 (troubled-insectarium)
* 7901115 (ripe-dust)
* 9106820 (axiomatic-saucer)"
niah_multiquery,96306,"The special magic numbers mentioned in the text are:

* 1531577 (torpid-nudge)
* 5080351 (shrill-starboard)
* 2352527 (hilarious-applause)
* 4789255 (wakeful-guy)"
niah_multiquery,35638,"The special magic numbers mentioned in the text are:

* 6276177 (early-squash)
* 4475536 (absorbing-freighter)
* 3419132 (sparkling-boxer)
* 1552000 (ruthless-plight)"
niah_multiquery,81822,"Here are the special magic numbers mentioned in the text:

* 2638895 (for assorted-hat)
* 2315798 (for versed-nylon)
* 3347981 (for ludicrous-score)
* 6802559 (for puny-hide)"
niah_multiquery,263,"The special magic numbers mentioned in the text are:

1. 6312979 (maddening-traditionalism)
2. 3588336 (loving-alcove)
3. 3587398 (grandiose-impression)
4. 2787627 (large-chaos)"
niah_multiquery,138166,"Here are the special magic numbers mentioned in the text for each of the categories:

* broken-west: 4143912
* selective-trove: 9597330
* nifty-beef: 8530347
* miniature-pump: 2732967"
niah_multiquery,57714,"Here are the special magic numbers mentioned in the text for each of the specified categories:

* Nondescript-penny: 5629871
* Plausible-union: 2290526
* Bawdy-detection: 3805274
* Naive-straw: 6029008"
niah_multiquery,62962,"Here are the special magic numbers mentioned in the text:

* 9237735 (healthy-kind)
* 6354241 (marked-motorboat)
* 5067204 (smelly-elephant)
* 3980258 (hurt-onion)"
niah_multiquery,7061,"Here are the special magic numbers mentioned in the text:

* Obtainable-icon: 9040224
* Soggy-cluster: 7724393
* Wiry-plight: 8098909
* Lopsided-editorial: 2240929"
niah_multiquery,18254,"Here are the special magic numbers mentioned in the text:

* 9099554 (ad hoc-generation)
* 6787592 (delightful-incision)
* 5956530 (clean-essence)
* 9396422 (overconfident-rubbish)"
niah_multiquery,76665,"The special magic numbers mentioned in the text are:

* 9742856 (exotic-supply)
* 8590804 (noxious-wafer)
* 6843509 (plastic-expression)
* 2637842 (periodic-voice)"
niah_multiquery,138087,"Here are the special magic numbers mentioned in the text for each of the given categories:

* Adorable-broccoli: 4310554
* Macho-vanity: 1074659
* Weak-postfix: 4603680
* Oceanic-beggar: 8206700"
niah_multiquery,74489,"Here are the special magic numbers mentioned in the text:

* 2421902 (sulky-attention)
* 3247270 (unequaled-external)
* 3894531 (swanky-opening)
* 5990296 (uninterested-chives)"
niah_multiquery,124007,"Here are the special magic numbers mentioned in the text:

* 3290672 (pleasant-halibut)
* 1899447 (odd-sprat)
* 1160783 (lamentable-bond)
* 6277776 (elderly-heartache)"
niah_multiquery,132427,"Here are the special magic numbers mentioned in the text:

* Scary-venti: 9569902
* Grandiose-fitness: 7154919
* Rustic-illness: 1698108
* Comfortable-animal: 2916069"
niah_multiquery,138085,"Here are the special magic numbers mentioned in the text:

* Exotic-wake: 1995859
* Squeamish-denominator: 3824903
* Skinny-cadet: 6885707
* Ripe-gale: 5715824"
niah_multiquery,143258,"The special magic numbers mentioned in the text are:

* 2266952 (old-barbecue)
* 9650558 (melodic-drawing)
* 7191986 (guiltless-cashew)
* 2561871 (tearful-recreation)"
niah_multiquery,107513,"The special magic numbers mentioned in the text are:

* 3084353 (for abstracted-catcher)
* 1812172 (for jittery-click)
* 8710502 (for tame-lipoprotein)
* 2670586 (for animated-soot)"
niah_multiquery,24451,"The special magic numbers mentioned in the text are:

* 2307594 (permissible-routine)
* 8466983 (real-lamb)
* 4580613 (aback-fiery)
* 4794852 (daffy-cashew)"
niah_multiquery,28496,"The special magic numbers mentioned in the text are:

* 2454383 (fantastic-pupil)
* 3539636 (tangible-suggestion)
* 8421969 (modern-daylight)
* 4574477 (kaput-generosity)"
niah_multiquery,252,"The special magic numbers mentioned in the text are:

* 2891524 (for lying-egghead)
* 9302838 (for fortunate-archaeologist)
* 9381604 (for frail-conception)
* 1915518 (for thoughtless-debtor)"
niah_multiquery,31269,"The special magic numbers mentioned in the text are:

* 2402526 (guarded-consignment)
* 3561552 (brawny-vessel)
* 2325761 (hulking-exasperation)
* 7749095 (nasty-touch)"
vt,0,"To find the variables that are assigned the value 77221, we need to track the chain of variable assignments in the text.

VAR AJTWY"
vt,1,"To find the variables that are assigned the value 10769, we need to track the chain of variable assignments.

VAR QTYFA = 107"
vt,2,"To find the variables that are assigned the value 72955, we need to track the chain of variable assignments.

VAR JXLDE = 729"
vt,3,"To find the variables that are assigned the value 77969, we need to track the chain of variable assignments.

VAR HPMNL = 779"
vt,4,"To find the variables that are assigned the value 93104, we need to track the chain of variable assignments in the text.

VAR VKBQB"
vt,5,"To find the variables that are assigned the value 95305, we need to track the chain of variable assignments.

VAR YLOQX ="
vt,6,"To find the variables that are assigned the value 81932, we need to track the chain of variable assignments.

VAR SHYVO = 819"
vt,7,"To find the variables that are assigned the value 94478, we need to track the chain of variable assignments.

VAR MLDEP = 944"
vt,8,"VAR VCXAD = 12747
VAR WZBUG = VAR VCXAD 
VAR QKCIR = VAR WZBUG 
VAR"
vt,9,"To find the variables that are assigned the value 75725, we need to look for the lines where a variable is assigned a value, and then"
vt,10,"To find the variables that are assigned the value 45773, we need to track the chain of variable assignments in the text.

VAR WSZ ="
vt,11,"To find the variables that are assigned the value 66886, we need to track the chain of variable assignments.

VAR CGAWO = 668"
vt,12,"To find the variables that are assigned the value 41551, we need to look for the line where VAR WLRQP = 41551."
vt,13,"To find the variables that are assigned the value 79092, we need to follow the chain of variable assignments.

VAR RHQAZ = 790"
vt,14,DBYOR KWYKX BHICN CHFLO EMWJO
vt,15,"To find the variables that are assigned the value 97313, we need to track the chain of variable assignments.

VAR NJLEI = 973"
vt,16,"To find the variables that are assigned the value 18792, we need to track the chain of variable assignments.

VAR TLLCI = 187"
vt,17,"To find the variables that are assigned the value 53001, we need to follow the chain of variable assignments.

VAR TTLYO = 530"
vt,18,"To find the variables that are assigned the value 33897, we need to follow the chain of variable assignments from the last assignment of 33897"
vt,19,"To find the variables that are assigned the value 33483, we need to follow the chain of variable assignments in the text.

VAR FDCVC"
vt,20,"To find the variables that are assigned the value 27159, we need to track the chain of variable assignments.

VAR HVS = 90077"
vt,21,"To find the variables that are assigned the value 45920, we need to track the chain of variable assignments.

VAR HBKUL = 459"
vt,22,"To find the variables that are assigned the value 79479, we need to follow the chain of variable assignments.

VAR JUG = 99475"
vt,23,"To find the variables that are assigned the value 29457, we need to track the chain of variable assignments.

VAR LLSXP = 294"
vt,24,"To find the variables that are assigned the value 87189, we need to track the chain of variable assignments.

VAR XMDWL = 871"
vt,25,"To find the variables that are assigned the value 62995, we need to track the chain of variable assignments.

VAR NDVOP = 629"
vt,26,"To find the variables that are assigned the value 19692, we need to track the chain of variable assignments.

VAR XOQHG = 196"
vt,27,"To find the variables that are assigned the value 82409, we need to track the chain of variable assignments in the text.

VAR LGBP ="
vt,28,"To find the variables that are assigned the value 75697, we need to track the chain of variable assignments.

VAR YIKQV ="
vt,29,"To find the variables that are assigned the value 42606, we need to track the chain of variable assignments.

VAR WTBDF = 426"
vt,30,"After analyzing the text, I found that the variable RTFVH is assigned the value 50397. 

The chain of variable assignment is as"
vt,31,"To find the variables that are assigned the value 99789, we need to track the chain of variable assignments.

VAR YZYWA = 997"
vt,32,The variables that are assigned the value 99812 in the text above are: SBDHK NXSID XHPFD DTPKO MNRFG
vt,33,"To find the variables that are assigned the value 34300, we need to follow the chain of variable assignments in the text.

VAR VLNLB"
vt,34,"To find the variables that are assigned the value 92798, we need to track the chain of variable assignments.

VAR VTI = 19268"
vt,35,"To find the variables that are assigned the value 96807, we need to follow the chain of variable assignments in the text.

VAR QLMZY"
vt,36,"To find the variables that are assigned the value 73704, we need to track the chain of variable assignments.

VAR TTTXS = 737"
vt,37,"To find the variables that are assigned the value 49099, we need to follow the chain of variable assignments.

VAR JDOEX = 490"
vt,38,"To find the variables that are assigned the value 48044, we need to track the chain of variable assignments.

VAR KJKOZ ="
vt,39,"To find the variables that are assigned the value 71228, we need to track the chain of variable assignments.

VAR OWROJ = 712"
vt,40,"To find the variables that are assigned the value 50774, we need to track the chain of variable assignments.

VAR LONCC = 507"
vt,41,"To find the variables that are assigned the value 72592, we need to track the chain of variable assignments.

VAR PSMEK = 725"
vt,42,"To find the variables that are assigned the value 12695, we need to track the chain of variable assignments in the text.

VAR VPXCG"
vt,43,"To find the variables that are assigned the value 15258, we need to follow the chain of variable assignments.

VAR JFC = 97538"
vt,44,"To find the variables that are assigned the value 49504, we need to track the chain of variable assignments.

VAR XPRIG = 495"
vt,45,"To find the variables that are assigned the value 23986, we need to track the chain of variable assignments.

VAR NOGOZ = 239"
vt,46,"To find the variables that are assigned the value 22666, we need to track the chain of variable assignments.

VAR ZUXZW = 226"
vt,47,"A very long text!

After carefully examining the text, I found that the variable `TBQVA` is assigned the value `13561` in"
vt,48,"VAR WDUTD = 74505
The grass is green. The sky is blue. The sun is yellow. Here we go. There and"
vt,49,"To find the variables that are assigned the value 32662, we need to follow the chain of variable assignments from the last variable that was assigned the"
vt,50,"To find the variables that are assigned the value 40535, we need to track the chain of variable assignments.

VAR GGYDP = 405"
vt,51,"To find the variables that are assigned the value 62256, we need to track the chain of variable assignments.

VAR MJDYW = 622"
vt,52,"To find the variables that are assigned the value 45222, we need to track the chain of variable assignments.

VAR OQSAI ="
vt,53,"To find the variables that are assigned the value 89575, we need to track the chain of variable assignments.

VAR CLIDJ = 895"
vt,54,"To find the variables that are assigned the value 73335, we need to track the chain of variable assignments in the text.

VAR JKQ ="
vt,55,"To find the variables that are assigned the value 34538, we need to track the chain of variable assignments.

VAR HAPAV = 345"
vt,56,AXFDS XVIAP XUWWY JYKCH DEYUY
vt,57,"To find the variables that are assigned the value 37266, we need to follow the chain of variable assignments.

VAR XZFOY ="
vt,58,"To find the variables that are assigned the value 92948, we need to track the chain of variable assignments.

VAR BYZIZ = 929"
vt,59,"To find the variables that are assigned the value 10206, we need to track the chain of variable assignments.

VAR JLGMF = 102"
vt,60,"To find the variables that are assigned the value 97897, we need to follow the chain of variable assignments.

VAR GXXBK = 978"
vt,61,"After carefully examining the text, I found that the variable HHMSC is assigned the value 60636. Then, the variable WDZLV is assigned"
vt,62,"To find the variables that are assigned the value 64268, we need to track the chain of variable assignments.

VAR YMOIV = 642"
vt,63,"To find the variables that are assigned the value 28141, we need to track the chain of variable assignments.

VAR HRMIH = 281"
vt,64,"To find the variables that are assigned the value 81910, we need to track the chain of variable assignments.

VAR YXRFF = 819"
vt,65,"To find the variables that are assigned the value 77214, we need to track the chain of variable assignments.

VAR IXJ = 43827"
vt,66,"After analyzing the text, I found that the variable AWGNB is assigned the value 65820."
vt,67,"To find the variables that are assigned the value 91734, we need to track the chain of variable assignments.

VAR COMYU = 917"
vt,68,"VAR YEKPU = 32299
VAR REJJA = VAR YEKPU 
VAR RVZDX = VAR REJJA 
VAR"
vt,69,"To find the variables that are assigned the value 74044, we need to follow the chain of variable assignments.

VAR TIIHN = 740"
vt,70,"To find the variables that are assigned the value 59080, we need to follow the chain of variable assignments in the text.

VAR OJCXM"
vt,71,"To find the variables that are assigned the value 79163, we need to track the chain of variable assignments.

VAR MOR = 35939"
vt,72,"After carefully examining the text, I found that the following variables are assigned the value 58925:

1. EHGVR
2. HTAV"
vt,73,"To find the variables that are assigned the value 31834, we need to track the chain of variable assignments.

VAR EENJL ="
vt,74,"VAR XPQYR = 36105
VAR IXYKO = VAR XPQYR 
VAR HXVJU = VAR I"
vt,75,"To find the variables that are assigned the value 25707, we need to track the chain of variable assignments.

VAR BVXKL = 257"
vt,76,"To find the variables that are assigned the value 54262, we need to track the chain of variable assignments.

VAR KOCFT = 542"
vt,77,"To find the variables that are assigned the value 40080, we need to track the chain of variable assignments.

VAR USQHJ ="
vt,78,"To find the variables that are assigned the value 71373, we need to track the chain of variable assignments.

VAR WUPEN = 713"
vt,79,"To find the variables that are assigned the value 65016, we need to track the chain of variable assignments.

VAR GEY = 19474"
vt,80,"To find the variables that are assigned the value 68053, we need to follow the chain of variable assignments.

VAR PUVER = 68053"
vt,81,"To find the variables that are assigned the value 15530, we need to track the chain of variable assignments.

VAR CDMGW = 155"
vt,82,"To find the variables that are assigned the value 23545, we need to track the chain of variable assignments.

VAR KIOSS = 235"
vt,83,"To find the variables that are assigned the value 44766, we need to track the chain of variable assignments.

VAR ASXOS = 447"
vt,84,"To find the variables that are assigned the value 71087, we need to follow the chain of variable assignments.

VAR AVGCR = 71087"
vt,85,"To find the variables that are assigned the value 64384, we need to track the chain of variable assignments.

VAR LYAJW = 643"
vt,86,"To find the variables that are assigned the value 56576, we need to track the chain of variable assignments.

VAR XQNIM = 565"
vt,87,"To find the variables that are assigned the value 72003, we need to track the chain of variable assignments.

VAR BEFIH = 720"
vt,88,"To find the variables that are assigned the value 62733, we need to track the chain of variable assignments in the text.

The text starts with"
vt,89,"To find the variables that are assigned the value 99474, we need to track the chain of variable assignments.

VAR KJGKG ="
vt,90,"To find the variables that are assigned the value 77172, we need to track the chain of variable assignments.

VAR BMEVV = 771"
vt,91,"To find the variables that are assigned the value 36736, we need to follow the chain of variable assignments.

VAR EUGMR = 367"
vt,92,The variables that are assigned the value 48623 in the text above are: JEAWU GSROK QCNBV DWFMC
vt,93,"To find the variables that are assigned the value 65680, we need to track the chain of variable assignments.

VAR VUBQN = 656"
vt,94,"To find the variables that are assigned the value 97092, we need to track the chain of variable assignments.

VAR JOTJL ="
vt,95,"To find the variables that are assigned the value 36309, we need to follow the chain of variable assignments.

VAR AVJUX = 363"
vt,96,"To find the variables that are assigned the value 73734, we need to track the chain of variable assignments.

VAR QFQTG ="
vt,97,"To find the variables that are assigned the value 62662, we need to track the chain of variable assignments.

VAR QZSRJ ="
vt,98,"To find all variables that are assigned the value 35342, we need to track the chain of variable assignments.

VAR WIS = 47157"
vt,99,WSTWK KLYXY HUCET PGOGG RJRMN
cwe,0,The top 10 words that appear most often in the list are: 1. the 2. and 3. to 4. of 5. a 6. that 7. in 8. is 9. for 10. with
cwe,1,The top 10 words that appear most often in the list are: 1. the 2. and 3. to 4. of 5. a 6. in 7. that 8. is 9. for 10. with
cwe,2,The top 10 words that appear most often in the list are: 1. the 2. and 3. to 4. of 5. a 6. in 7. that 8. is 9. for 10. with
cwe,3,The top 10 words that appear most often in the list are: 1. the 2. and 3. of 4. to 5. a 6. in 7. that 8. is 9. for 10. with
cwe,4,The top 10 words that appear most often in the list are: 1. the 2. and 3. to 4. a 5. of 6. that 7. in 8. is 9. for 10. with
cwe,5,The top 10 words that appear most often in the list are: 1. the 2. and 3. to 4. of 5. a 6. in 7. that 8. is 9. for 10. with
cwe,6,The top 10 words that appear most often in the list are: 1. the 2. and 3. of 4. to 5. a 6. in 7. that 8. is 9. for 10. with
cwe,7,The top 10 words that appear most often in the list are: 1. the 2. and 3. to 4. of 5. a 6. in 7. that 8. is 9. for 10. with
cwe,8,Answer: The top 10 words that appear most often in the list are: 1. the 2. and 3. of 4. to 5. a 6. in 7. that 8. is 9. for 10. with
cwe,9,Answer: The top 10 words that appear most often in the list are: 1. the 2. and 3. to 4. of 5. a 6. in 7. that 8. is 9. for 10. with
cwe,10,The top 10 words that appear most often in the list are: 1. the 2. and 3. to 4. of 5. a 6. in 7. that 8. is 9. for 10. with
cwe,11,The top 10 words that appear most often in the list are: 1. the 2. and 3. of 4. to 5. a 6. in 7. that 8. is 9. for 10. with
cwe,12,The top 10 words that appear most often in the list are: 1. the 2. and 3. to 4. of 5. a 6. in 7. that 8. is 9. for 10. with
cwe,13,The top 10 words that appear most often in the list are: 1. the 2. and 3. to 4. of 5. a 6. in 7. that 8. is 9. for 10. with
cwe,14,Answer: The top 10 words that appear most often in the list are: 1. data 2. objective 3. information 4. objective 5. data 6. objective 7. data 8. objective 9. data 10. objective
cwe,15,The top 10 words that appear most often in the list are: 1. the 2. and 3. to 4. of 5. a 6. in 7. that 8. is 9. for 10. with
cwe,16,Answer: The top 10 words that appear most often in the list are: 1. the 2. and 3. to 4. of 5. a 6. in 7. that 8. is 9. for 10. with
cwe,17,The top 10 words that appear most often in the list are: 1. the 2. and 3. to 4. of 5. a 6. in 7. that 8. is 9. for 10. with
cwe,18,The top 10 words that appear most often in the list are: 1. the 2. and 3. to 4. of 5. a 6. in 7. that 8. is 9. for 10. with
cwe,19,Answer: The top 10 words that appear most often in the list are: 1. the 2. and 3. to 4. of 5. a 6. that 7. in 8. is 9. for 10. with
cwe,20,Answer: The top 10 words that appear most often in the list are: 1. the 2. and 3. to 4. of 5. a 6. in 7. that 8. is 9. for 10. with
cwe,21,The top 10 words that appear most often in the list are: 1. the 2. and 3. of 4. to 5. a 6. in 7. that 8. is 9. for 10. with
cwe,22,The top 10 words that appear most often in the list are: 1. the 2. and 3. to 4. of 5. a 6. in 7. that 8. is 9. for 10. with
cwe,23,The top 10 words that appear most often in the list are: 1. the 2. and 3. to 4. of 5. a 6. in 7. that 8. is 9. for 10. with
cwe,24,Answer: The top 10 words that appear most often in the list are: 1. the 2. and 3. to 4. of 5. a 6. that 7. in 8. is 9. for 10. with
cwe,25,The top 10 words that appear most often in the list are: 1. the 2. and 3. to 4. of 5. a 6. in 7. that 8. is 9. for 10. with
cwe,26,The top 10 words that appear most often in the list are: 1. the 2. and 3. to 4. of 5. a 6. in 7. that 8. is 9. for 10. with
cwe,27,The top 10 words that appear most often in the list are: 1. the 2. and 3. to 4. of 5. a 6. in 7. that 8. is 9. for 10. with
cwe,28,The top 10 words that appear most often in the list are: 1. the 2. and 3. to 4. of 5. a 6. in 7. that 8. is 9. for 10. with
cwe,29,Answer: The top 10 words that appear most often in the list are: 1. the 2. and 3. to 4. of 5. a 6. in 7. that 8. is 9. for 10. with
cwe,30,The top 10 words that appear most often in the list are: 1. the 2. and 3. of 4. to 5. a 6. in 7. that 8. is 9. for 10. with
cwe,31,The top 10 words that appear most often in the list are: 1. the 2. and 3. of 4. to 5. a 6. in 7. that 8. is 9. for 10. with
cwe,32,The top 10 words that appear most often in the list are: 1. the 2. and 3. to 4. of 5. a 6. in 7. that 8. is 9. for 10. with
cwe,33,Answer: The top 10 words that appear most often in the list are: 1. the 2. and 3. to 4. of 5. a 6. that 7. in 8. is 9. for 10. with
cwe,34,The top 10 words that appear most often in the list are: 1. the 2. and 3. to 4. of 5. a 6. in 7. that 8. is 9. for 10. with
cwe,35,The top 10 words that appear most often in the list are: 1. the 2. and 3. of 4. to 5. a 6. in 7. that 8. is 9. for 10. with
cwe,36,Answer: The top 10 words that appear most often in the list are: 1. the 2. and 3. to 4. of 5. a 6. in 7. that 8. is 9. for 10. with
cwe,37,The top 10 words that appear most often in the list are: 1. the 2. and 3. to 4. of 5. a 6. in 7. that 8. is 9. for 10. with
cwe,38,Answer: The top 10 words that appear most often in the list are: 1. the 2. and 3. of 4. to 5. a 6. in 7. that 8. is 9. for 10. with
cwe,39,The top 10 words that appear most often in the list are: 1. the 2. and 3. to 4. of 5. a 6. in 7. that 8. is 9. for 10. with
cwe,40,The top 10 words that appear most often in the list are: 1. the 2. and 3. of 4. to 5. a 6. in 7. that 8. is 9. for 10. with
cwe,41,The top 10 words that appear most often in the list are: 1. the 2. and 3. to 4. of 5. a 6. that 7. in 8. is 9. for 10. with
cwe,42,Answer: The top 10 words that appear most often in the list are: 1. the 2. and 3. of 4. to 5. a 6. in 7. that 8. is 9. for 10. with
cwe,43,The top 10 words that appear most often in the list are: 1. the 2. and 3. to 4. of 5. a 6. in 7. that 8. is 9. for 10. with
cwe,44,The top 10 words that appear most often in the list are: 1. the 2. and 3. to 4. of 5. a 6. in 7. that 8. is 9. for 10. with
cwe,45,The top 10 words that appear most often in the list are: 1. the 2. and 3. to 4. of 5. a 6. in 7. that 8. is 9. for 10. with
cwe,46,The top 10 words that appear most often in the list are: 1. the 2. and 3. to 4. of 5. a 6. in 7. that 8. is 9. for 10. with
cwe,47,The top 10 words that appear most often in the list are: 1. the 2. and 3. to 4. of 5. a 6. in 7. that 8. is 9. for 10. with
cwe,48,The top 10 words that appear most often in the list are: 1. official 2. activity 3. modernity 4. official 5. activity 6. official 7. official 8. activity 9. official 10. activity
cwe,49,Answer: The top 10 words that appear most often in the list are: 1. the 2. and 3. to 4. of 5. a 6. in 7. that 8. is 9. for 10. with
cwe,50,Answer: The top 10 words that appear most often in the list are: 1. the 2. and 3. of 4. to 5. a 6. in 7. that 8. is 9. for 10. with
cwe,51,Answer: The top 10 words that appear most often in the list are: 1. the 2. and 3. to 4. of 5. a 6. in 7. that 8. is 9. for 10. with
cwe,52,The top 10 words that appear most often in the list are: 1. the 2. and 3. to 4. of 5. a 6. in 7. that 8. is 9. for 10. with
cwe,53,Answer: The top 10 words that appear most often in the list are: 1. the 2. and 3. to 4. of 5. a 6. in 7. that 8. is 9. for 10. with
cwe,54,The top 10 words that appear most often in the list are: 1. the 2. and 3. to 4. of 5. a 6. in 7. that 8. is 9. for 10. with
cwe,55,Answer: The top 10 words that appear most often in the list are: 1. the 2. and 3. to 4. of 5. a 6. that 7. in 8. is 9. for 10. with
cwe,56,The top 10 words that appear most often in the list are: 1. the 2. and 3. to 4. of 5. a 6. in 7. that 8. is 9. for 10. with
cwe,57,The top 10 words that appear most often in the list are: 1. the 2. and 3. of 4. to 5. a 6. in 7. that 8. is 9. for 10. with
cwe,58,Answer: The top 10 words that appear most often in the list are: 1. the 2. and 3. to 4. of 5. a 6. in 7. that 8. is 9. for 10. with
cwe,59,Answer: The top 10 words that appear most often in the list are: 1. the 2. and 3. to 4. of 5. a 6. in 7. that 8. is 9. for 10. with
cwe,60,The top 10 words that appear most often in the list are: 1. the 2. and 3. of 4. to 5. a 6. in 7. that 8. is 9. for 10. with
cwe,61,The top 10 words that appear most often in the list are: 1. the 2. and 3. of 4. to 5. a 6. in 7. that 8. is 9. for 10. with
cwe,62,Answer: The top 10 words that appear most often in the list are: 1. the 2. and 3. of 4. to 5. a 6. in 7. that 8. is 9. for 10. with
cwe,63,Answer: The top 10 words that appear most often in the list are: 1. the 2. and 3. of 4. to 5. a 6. in 7. that 8. is 9. for 10. with
cwe,64,The top 10 words that appear most often in the list are: 1. the 2. and 3. to 4. a 5. of 6. that 7. in 8. is 9. for 10. with
cwe,65,The top 10 words that appear most often in the list are: 1. the 2. and 3. to 4. of 5. a 6. in 7. that 8. is 9. for 10. with
cwe,66,Answer: The top 10 words that appear most often in the list are: 1. the 2. and 3. to 4. of 5. a 6. in 7. that 8. is 9. for 10. with
cwe,67,Answer: The top 10 words that appear most often in the list are: 1. the 2. and 3. of 4. to 5. a 6. in 7. that 8. is 9. for 10. with
cwe,68,Answer: The top 10 words that appear most often in the list are: 1. the 2. and 3. to 4. of 5. a 6. in 7. that 8. is 9. for 10. with
cwe,69,The top 10 words that appear most often in the list are: 1. the 2. and 3. of 4. to 5. a 6. in 7. that 8. is 9. for 10. with
cwe,70,The top 10 words that appear most often in the list are: 1. the 2. and 3. of 4. to 5. a 6. in 7. that 8. is 9. for 10. with
cwe,71,The top 10 words that appear most often in the list are: 1. the 2. and 3. to 4. of 5. a 6. in 7. that 8. is 9. for 10. with
cwe,72,Answer: The top 10 words that appear most often in the list are: 1. the 2. and 3. of 4. to 5. a 6. in 7. that 8. is 9. for 10. with
cwe,73,The top 10 words that appear most often in the list are: 1. the 2. and 3. of 4. to 5. a 6. in 7. that 8. is 9. for 10. with
cwe,74,The top 10 words that appear most often in the list are: 1. the 2. and 3. to 4. of 5. a 6. that 7. in 8. is 9. for 10. with
cwe,75,The top 10 words that appear most often in the list are: 1. the 2. and 3. to 4. of 5. a 6. in 7. that 8. is 9. for 10. with
cwe,76,Answer: The top 10 words that appear most often in the list are: 1. somebody 2. somebody 3. somebody 4. somebody 5. somebody 6. somebody 7. somebody 8. somebody 9. somebody 10. somebody
cwe,77,The top 10 words that appear most often in the list are: 1. the 2. and 3. to 4. of 5. a 6. in 7. that 8. is 9. for 10. with
cwe,78,Answer: The top 10 words that appear most often in the list are: 1. the 2. and 3. to 4. of 5. a 6. that 7. in 8. is 9. for 10. with
cwe,79,The top 10 words that appear most often in the list are: 1. the 2. and 3. of 4. to 5. a 6. in 7. that 8. is 9. for 10. with
cwe,80,The top 10 words that appear most often in the list are: 1. the 2. and 3. of 4. to 5. a 6. in 7. that 8. is 9. for 10. with
cwe,81,The top 10 words that appear most often in the list are: 1. the 2. and 3. of 4. to 5. a 6. in 7. that 8. is 9. for 10. with
cwe,82,The top 10 words that appear most often in the list are: 1. the 2. and 3. of 4. to 5. a 6. in 7. that 8. is 9. for 10. with
cwe,83,The top 10 words that appear most often in the list are: 1. the 2. and 3. to 4. of 5. a 6. in 7. that 8. is 9. for 10. with
cwe,84,The top 10 words that appear most often in the list are: 1. the 2. and 3. to 4. of 5. a 6. in 7. that 8. is 9. for 10. with
cwe,85,The top 10 words that appear most often in the list are: 1. the 2. and 3. to 4. of 5. a 6. that 7. in 8. is 9. for 10. with
cwe,86,The top 10 words that appear most often in the list are: 1. the 2. and 3. to 4. of 5. a 6. in 7. that 8. is 9. for 10. with
cwe,87,Answer: The top 10 words that appear most often in the list are: 1. the 2. and 3. to 4. of 5. a 6. that 7. in 8. is 9. for 10. with
cwe,88,The top 10 words that appear most often in the list are: 1. the 2. and 3. to 4. of 5. a 6. in 7. that 8. is 9. for 10. with
cwe,89,The top 10 words that appear most often in the list are: 1. the 2. and 3. of 4. to 5. a 6. in 7. that 8. is 9. for 10. with
cwe,90,The top 10 words that appear most often in the list are: 1. the 2. and 3. to 4. of 5. a 6. in 7. that 8. is 9. for 10. with
cwe,91,The top 10 words that appear most often in the list are: 1. the 2. and 3. of 4. to 5. a 6. in 7. that 8. is 9. for 10. with
cwe,92,The top 10 words that appear most often in the list are: 1. the 2. and 3. to 4. of 5. a 6. in 7. that 8. is 9. for 10. with
cwe,93,Answer: The top 10 words that appear most often in the list are: 1. the 2. and 3. of 4. to 5. a 6. in 7. that 8. is 9. for 10. with
cwe,94,The top 10 words that appear most often in the list are: 1. the 2. and 3. to 4. of 5. a 6. in 7. that 8. is 9. for 10. with
cwe,95,Answer: The top 10 words that appear most often in the list are: 1. the 2. and 3. of 4. to 5. a 6. in 7. that 8. is 9. for 10. with
cwe,96,Answer: The top 10 words that appear most often in the list are: 1. the 2. and 3. to 4. of 5. a 6. in 7. that 8. is 9. for 10. with
cwe,97,The top 10 words that appear most often in the list are: 1. the 2. and 3. of 4. to 5. a 6. in 7. that 8. is 9. for 10. with
cwe,98,The top 10 words that appear most often in the list are: 1. the 2. and 3. of 4. to 5. a 6. in 7. that 8. is 9. for 10. with
cwe,99,The top 10 words that appear most often in the list are: 1. the 2. and 3. of 4. to 5. a 6. in 7. that 8. is 9. for 10. with
fwe,0,"tsamyl, kibaut, emxdye"
fwe,1,"tuhrpx (34 times), flgfri (24 times), and ustkrw (23 times)"
fwe,2,"ughvoo, vabnyy, jzoqdg"
fwe,3,"uafuav, jszgky, utvvut"
fwe,4,"Based on the frequency count, the three most frequently appeared words in the coded text are:

1. thtvos (appears 234 times)
2. iwpufv (appears 134 times)
3. uewdki (appe"
fwe,5,"srjnkm, syegbm, ubphxu"
fwe,6,"jsbnkl (34 times), esqxgs (32 times), and upfahu (31 times)."
fwe,7,"tsk, jhnhku, egkepn"
fwe,8,"txjmtp, kqmygt, euvwhw"
fwe,9,"Based on the frequency count, the three most frequently appeared words in the coded text are:

1. titasg (appears 134 times)
2. kfnpxc (appears 93 times)
3. uieijy ("
fwe,10,"tezewk, uaprcv, jzaamc"
fwe,11,"tkuhxi (34 times)
jqoiak (32 times)
euukfz (29 times)"
fwe,12,"tsnpey (34 times)
jwzcvg (33 times)
uoypuv (32 times)"
fwe,13,"sxwyyc, jyuzsf, uetdyf"
fwe,14,"Based on the frequency count, the three most frequently appeared coded words are:

1. tkobzz (appears 134 times)
2. jvvkxl (appears 123 times)
3. umanyw (appears 114"
fwe,15,"tprdjj, eicssk, jljuiq"
fwe,16,"tqufsw, undobz, jvghnt"
fwe,17,"tkhiww (34 times), ucxvst (32 times), and kkpumh (31 times)."
fwe,18,"tibqce, jdpzlf, uihzbj"
fwe,19,"ssvuxr, tvhakx, jswlhe"
fwe,20,"fitzf 24
kevwmj 23
jvxtlq 22"
fwe,21,"szmgzf (34 times), izpdqs (33 times), and eonajw (26 times)."
fwe,22,"twlhdz, jstfee, eopvfk"
fwe,23,"sxuwqf, jvzljr, udnnrs"
fwe,24,"tklmby, jrzzuc, ukvife"
fwe,25,"szkypw (34 times)
iqexkm (32 times)
upuajj (29 times)"
fwe,26,"tmikps (34 times), ulgzqz (32 times), and ecvowf (29 times)."
fwe,27,"ugxmui (34 times)
jxussu (32 times)
vcnjtw (29 times)"
fwe,28,"sygljz, jpfukf, ufevul"
fwe,29,"tprzhe (34 times), jklquw (32 times), and uktzia (29 times)"
fwe,30,"tijdfn, jkwwcx, ugnpzb"
fwe,31,"Based on the frequency count, the three most frequently appeared coded words are:

1. sopemv (appears 134 times)
2. jmtmqx (appears 127 times)
3. tzihio (appears 124"
fwe,32,"twfvrz (34 times), jwysov (32 times), and uxqzuh (29 times)."
fwe,33,"fdtlrx (34 times), jsvfsv (34 times), and tslvpu (34 times)"
fwe,34,"After analyzing the text, I found the three most frequently appeared words:

1. tlczgh (appears 134 times)
2. kcgfam (appears 93 times)
3. uhatfc (appears 83 times"
fwe,35,"trjygl, uuztpq, jxyiin"
fwe,36,"tipivp, junlju, and epwlgr"
fwe,37,"tmsxxu, jiioyc, umjeqv"
fwe,38,"tpkbtl (34 times)
uoodql (32 times)
eithta (29 times)"
fwe,39,"After analyzing the text, I found the three most frequently appeared words to be:

1. tedgxm (appears 134 times)
2. jowqdz (appears 124 times)
3. ucxctl (appears"
fwe,40,"toyimz (34 times)
jvmxrd (32 times)
erimwg (28 times)"
fwe,41,"szmaej (34 times), jbnjol (32 times), and ugupsd (29 times)."
fwe,42,"tqkqtn, jwdbzr, vbqjki"
fwe,43,"After analyzing the text, I found the three most frequently appeared words to be:

1. tocpps (appears 234 times)
2. kmwfjg (appears 134 times)
3. urzwdw (appears"
fwe,44,"tutzdr (34 times)
jwbpfs (32 times)
utgehc (29 times)"
fwe,45,"ttxhko (34 times), kbeubj (32 times), and einllf (29 times)"
fwe,46,"spgtxz, udbxzq, egffxy"
fwe,47,"toqkdf (34 times), jzmxbv (32 times), and umarsu (29 times)."
fwe,48,"snwmkx, twhucp, irsbdy"
fwe,49,"telque (34 times), kxgxce (32 times), and uebbhn (29 times)."
fwe,50,"trknvx (34 times)
unljgo (26 times)
eumptp (24 times)"
fwe,51,"Based on the frequency count, the three most frequently appeared coded words are:

1. tcwbwo (appears 134 times)
2. kazyxq (appears 124 times)
3. ucpurd (appears 114"
fwe,52,"sskhgc, jrcxma, fjlhmj"
fwe,53,"tlnhmy (34 times), kaohmf (32 times), and uiidgf (29 times)"
fwe,54,"txophe (34 times), jdyvur (32 times), and uyrxje (29 times)."
fwe,55,"udruqc (34 times), eawrng (24 times), and jgvqhx (23 times)"
fwe,56,"tvgedn (34 times)
jxbbfc (32 times)
utkdbl (29 times)"
fwe,57,"After analyzing the text, I found the three most frequently appeared words to be:

1. uytvqq (appears 73 times)
2. jqgxrq (appears 69 times)
3. truegv (appears"
fwe,58,"tpugbi, jvprac, uldsrn"
fwe,59,"trkxzf, knvuiq, ujmolc"
fwe,60,"Based on the frequency count, the three most frequently appeared coded words are:

1. jhiqce (appears 134 times)
2. thaobl (appears 128 times)
3. izpmpv (appears 124"
fwe,61,"tldirq (34 times), jprpbh (32 times), and ewlanx (29 times)."
fwe,62,"tcbgdy (34 times), jkeznq (32 times), and ueavnt (29 times)"
fwe,63,"tmbwqf, urclxb, kfqktl"
fwe,64,"thwgcm, jutofj, uenqdu"
fwe,65,"tmboun, uodrdr, kffasb"
fwe,66,"The three most frequently appeared coded words are:

1. tlxdna (appears 134 times)
2. kuecvd (appears 93 times)
3. kmxmvf (appears 73 times)"
fwe,67,"tksedx (34 times), uukywu (32 times), and kbpabi (31 times)."
fwe,68,"tfzoca, uenvcg, jvjolj"
fwe,69,"tkswef, kxqlqk, uoekbg"
fwe,70,"tewlji, jrfhum, uiaauu"
fwe,71,"tcdhvj, jtwlwg, uapoia"
fwe,72,"Based on the frequency count, the three most frequently appeared coded words are:

1. tniklr (appears 134 times)
2. jucyge (appears 123 times)
3. ulmeoi (appears 114"
fwe,73,"After analyzing the text, I found the three most frequently appeared words to be:

1. thhqpg (appears 234 times)
2. jgyhuc (appears 134 times)
3. exhefw (appears"
fwe,74,"szynoo, jgyhjn, txhfji"
fwe,75,"tvtjjj, jsczfs, urcfpv"
fwe,76,"efzeik (34 times), jtpcla (33 times), and tidtxf (32 times)."
fwe,77,"syqcgs, ubqjdk, dyjbli"
fwe,78,"Based on the frequency count, the three most frequently appeared coded words are:

1. jhrzik (34 times)
2. ufqbbi (33 times)
3. ehuejl (32 times)"
fwe,79,"tqfizf, kfgmop, uwjpwd"
fwe,80,"Based on the frequency count, the three most frequently appeared coded words are:

1. jafcis (appears 134 times)
2. tqtqua (appears 128 times)
3. ewthut (appears 124 times"
fwe,81,"Based on the frequency count, the three most frequently appeared words in the coded text are:

1. ualszf (appears 134 times)
2. kasfcu (appears 127 times)
3. uxojyf (appe"
fwe,82,"tmceax, jcdvtn, uocbjo"
fwe,83,"toalya (34 times)
utiwqr (26 times)
jhgkey (24 times)"
fwe,84,"tmfbjr, jtsghb, eonmsx"
fwe,85,"Based on the frequency count, the three most frequently appeared coded words are:

1. ubvrjn (appears 73 times)
2. kfqobk (appears 64 times)
3. elbycs (appears 56"
fwe,86,"jjapss, uxmssm, ebjppz"
fwe,87,"twraet (34 times), jgzhrc (32 times), and elcfjl (24 times)"
fwe,88,"tuxflt (34 times), jxhzal (32 times), and uyelfo (29 times)."
fwe,89,"thlvwh (34 times)
tzsaqv (32 times)
dtxajt (29 times)"
fwe,90,"tvevnb, uwwbko, jxljqm"
fwe,91,"szcdze (34 times)
irbodg (32 times)
tyvmgp (29 times)"
fwe,92,"fblydm, txkwrt, kpyqwm"
fwe,93,"After analyzing the text, I found the three most frequently appeared coded words to be:

1. tuoley (appears 73 times)
2. uqbtpm (appears 64 times)
3. jxlymo (appears"
fwe,94,"Based on the given text, the three most frequently appeared coded words are:

1. ttkirl (appears 134 times)
2. usbdxv (appears 93 times)
3. jnharq (appears 83"
fwe,95,"tvdpjr, kpfhfg, uqrsfu"
fwe,96,"tpsopt (34 times), ufvbgl (24 times), and eytjsf (22 times)."
fwe,97,"tjfhkm, kfdyjl, udthlh"
fwe,98,"uiownw (34 times), kevcyr (32 times), and jxlkdm (29 times)"
fwe,99,"tzpqtz, kblfay, uxcqgz"
qa_1,0,France
qa_1,1,The 10th and 11th centuries.
qa_1,2,"Denmark, Iceland, Norway."
qa_1,3,Rollo
qa_1,4,The 10th century.
qa_1,5,William II of Normandy
qa_1,6,Rollo
qa_1,7,Catholicism
qa_1,8,Norseman
qa_1,9,9th century
qa_1,10,911
qa_1,11,King Charles III of West Francia
qa_1,12,The Epte.
qa_1,13,Rollo
qa_1,14,Catholicism (Christianity)
qa_1,15,Normandy
qa_1,16,Fighting horsemen.
qa_1,17,The Seljuk Turks.
qa_1,18,The 1050s.
qa_1,19,1069
qa_1,20,Alexius Komnenos
qa_1,21,Trim Castle
qa_1,22,Oursel
qa_1,23,The Turks.
qa_1,24,They were descended from an Italo-Norman named Raoul.
qa_1,25,Robert Guiscard
qa_1,26,1082
qa_1,27,"30,000"
qa_1,28,Deabolis
qa_1,29,Bohemond
qa_1,30,Deabolis
qa_1,31,1081
qa_1,32,Dyrrachium
qa_1,33,The city of Dyrrachium was located in the region of Albania.
qa_1,34,Ethelred II of England
qa_1,35,Ethelred II
qa_1,36,Normandy
qa_1,37,Sweyn Forkbeard
qa_1,38,Harthacnut
qa_1,39,1041
qa_1,40,Robert of Jumièges
qa_1,41,The Battle of Hastings.
qa_1,42,Duke William II of Normandy
qa_1,43,1066
qa_1,44,The Anglo-Saxons
qa_1,45,It evolved into Modern English.
qa_1,46,1169
qa_1,47,Ireland
qa_1,48,Irish culture
qa_1,49,Edgar Atheling
qa_1,50,King Malcolm III of Scotland
qa_1,51,1072
qa_1,52,Duncan
qa_1,53,Sybilla of Normandy
qa_1,54,The Norman culture.
qa_1,55,Hereford
qa_1,56,The Welsh.
qa_1,57,Edward the Confessor
qa_1,58,Wales
qa_1,59,1018
qa_1,60,William of Montreuil
qa_1,61,1097
qa_1,62,Tancred
qa_1,63,The conquest of Jerusalem.
qa_1,64,380 years
qa_1,65,A storm dispersed the fleet.
qa_1,66,Berengaria
qa_1,67,1191
qa_1,68,Isaac Komnenos
qa_1,69,Conrad of Montferrat
qa_1,70,Silver
qa_1,71,Guy de Lusignan
qa_1,72,Africa
qa_1,73,Bethencourt
qa_1,74,Maciot de Bethencourt
qa_1,75,Maciot de Bethencourt
qa_1,76,The Channel Islands.
qa_1,77,2
qa_1,78,"Rounded arches, particularly over windows and doorways, and massive proportions."
qa_1,79,Rounded arches
qa_1,80,Early Gothic
qa_1,81,Anglo-Saxon
qa_1,82,The Kingdom of Sicily.
qa_1,83,The early 11th century.
qa_1,84,The Normans used the church as a unifying force for their disparate duchy.
qa_1,85,The 16th century.
qa_1,86,Embroidery
qa_1,87,The Bayeux Tapestry.
qa_1,88,"Odo, the Bishop of Bayeux and first Earl of Kent."
qa_1,89,Mosaics.
qa_1,90,The 11th century.
qa_1,91,William of Volpiano and John of Ravenna
qa_1,92,Southern Italy
qa_1,93,Sant'Eufemia
qa_1,94,Robert Guiscard
qa_1,95,singing
qa_1,96,Computational complexity theory.
qa_1,97,Time and space requirements.
qa_1,98,A computational problem.
qa_1,99,Time complexity.
qa_2,0,No
qa_2,1,Lord Chancellor
qa_2,2,Animorphs
qa_2,3,No
qa_2,4,Adriana Trigiani
qa_2,5,YG Entertainment
qa_2,6,Eenasul Fateh
qa_2,7,"4,000"
qa_2,8,Annie Morton
qa_2,9,Yes
qa_2,10,Kansas Song (We’re From Kansas)
qa_2,11,David Weissman
qa_2,12,1999
qa_2,13,Yes
qa_2,14,1986-2013
qa_2,15,United States
qa_2,16,North Atlantic Conference
qa_2,17,Yes
qa_2,18,Nixon
qa_2,19,Henry Roth
qa_2,20,Pedro Rodríguez
qa_2,21,Tigger
qa_2,22,iSight iMac G5
qa_2,23,Wolf Alice
qa_2,24,Peter Schmeichel
qa_2,25,Lee Hazlewood
qa_2,26,1838
qa_2,27,Yes
qa_2,28,Henry J. Kaiser
qa_2,29,Arena of Khazan
qa_2,30,2000
qa_2,31,"Fujioka, Gunma in Japan."
qa_2,32,Charles Nungesser
qa_2,33,Yes
qa_2,34,Letters to Cleo
qa_2,35,1924
qa_2,36,2000
qa_2,37,World War II
qa_2,38,No
qa_2,39,New York City
qa_2,40,Scotch Collie
qa_2,41,Kochi
qa_2,42,1958
qa_2,43,victory over the Italians
qa_2,44,Nelson Rockefeller
qa_2,45,Firth of Forth
qa_2,46,Phil Spector
qa_2,47,World Summit of Nobel Peace Laureates
qa_2,48,Yes
qa_2,49,English Electric Canberra
qa_2,50,"2009, Big 12 Conference"
qa_2,51,Carrefour
qa_2,52,Indianapolis Motor Speedway
qa_2,53,New York City
qa_2,54,"Jim Eliot, Starsmith, Billboard, Justin Parker, MONSTA, Madeon and Mike Spencer"
qa_2,55,Marion
qa_2,56,Drifting
qa_2,57,Jerry Glanville
qa_2,58,Boston
qa_2,59,Yes
qa_2,60,Muggsy Bogues
qa_2,61,Steven Spielberg
qa_2,62,Emma Bull
qa_2,63,"There is no information about the nursery rhyme ""What Are Little Girls Made Of?"" in the given documents."
qa_2,64,75
qa_2,65,Charmed
qa_2,66,International Boxing Hall of Fame
qa_2,67,Usher
qa_2,68,Brian Doyle-Murray
qa_2,69,Carabao Cup
qa_2,70,Teen Titans
qa_2,71,Strasbourg
qa_2,72,Orange
qa_2,73,Tromeo and Juliet
qa_2,74,Bill Clinton
qa_2,75,John John Florence
qa_2,76,Sela
qa_2,77,The Ais native population.
qa_2,78,British
qa_2,79,1901
qa_2,80,Haverhill
qa_2,81,Bob Seger
qa_2,82,requiring only men to register for the draft
qa_2,83,Mondelez International
qa_2,84,Monica Lewinsky
qa_2,85,"April 1, 1949"
qa_2,86,1842
qa_2,87,"Teide National Park is located in Tenerife, Canary Islands, Spain. Garajonay National Park is located in the center and north of the island"
qa_2,88,None
qa_2,89,Film director
qa_2,90,The Conversation
qa_2,91,John Waters
qa_2,92,Las Vegas
qa_2,93,Yes
qa_2,94,March
qa_2,95,Fairfax County
qa_2,96,"IT products and services, including storage systems, servers, workstations and data/voice communications equipment and services."
qa_2,97,Lev Yilmaz
qa_2,98,Beijing
qa_2,99,No
