Task,ID,Prediction
niah_single_1,58123,The special magic number for scintillating-slipper is: 5918715.
niah_single_1,6636,"There is no special magic number mentioned in the provided text. The text appears to be a repetitive sequence of sentences describing the colors of the grass, sky, and sun, with the phrase ""Here we go. There and back again"" repeated multiple times. The number 4226067 is not mentioned in the text."
niah_single_1,26886,"There is no special magic number mentioned in the provided text. The text appears to be a repetition of the same sentence, ""The grass is green. The sky is blue. The sun is yellow. Here we go. There and back again,"" many times, but it does not mention any specific number."
niah_single_1,35256,"There is no special magic number mentioned in the provided text. The text appears to be a repetition of the same phrase ""The grass is green. The sky is blue. The sun is yellow. Here we go. There and back again."" many times, but it does not mention any specific number."
niah_single_1,15184,The special magic number for old-snowplow is: 7120868.
niah_single_1,24824,"There is no special magic number mentioned in the provided text. The text appears to be a repetition of the same sentence, ""The grass is green. The sky is blue. The sun is yellow. Here we go. There and back again,"" many times, but it does not contain any mention of a specific number."
niah_single_1,49383,The special magic number for strong-hive is: 3871230.
niah_single_1,35168,The special magic number for disgusted-buckle is: 8755439.
niah_single_1,30127,The special magic number for terrible-online is: 4684531.
niah_single_1,29316,"There is no special magic number mentioned in the provided text. The text appears to be a repetition of the same sentence, ""The grass is green. The sky is blue. The sun is yellow. Here we go. There and back again,"" many times, but it does not mention any specific number."
niah_single_1,19687,The special magic number for grandiose-clave is: 2110460.
niah_single_1,36693,"There is no special magic number mentioned in the provided text. The text appears to be a repetition of the same sentence, ""The grass is green. The sky is blue. The sun is yellow. Here we go. There and back again,"" many times, but it does not mention a specific number."
niah_single_1,13028,"There is no special magic number mentioned in the provided text. The text appears to be a repetition of the same sentence, ""The grass is green. The sky is blue. The sun is yellow. Here we go. There and back again."" over and over again, with no mention of a specific number."
niah_single_1,54064,The special magic number for shiny-fleece is 5408072.
niah_single_1,33546,The special magic number for solid-sanction mentioned in the provided text is: 7700828.
niah_single_1,45694,"There is no special magic number mentioned in the provided text. The text appears to be a repetitive sequence of sentences describing a scene, and the number 9548432 is not mentioned anywhere in the text."
niah_single_1,14289,"There is no special magic number mentioned in the provided text. The text appears to be a repetition of the same sentence, ""The grass is green. The sky is blue. The sun is yellow. Here we go. There and back again."" over and over again, with no mention of a specific number."
niah_single_1,55144,The special magic number for used-postfix is: 8082668.
niah_single_1,55144,The special magic number for lush-tornado is: 7402509.
niah_single_1,51191,The special magic number for rhetorical-industry mentioned in the provided text is: 5218028.
niah_single_1,49652,The special magic number for used-hound is: 2921859.
niah_single_1,10504,"There is no special magic number mentioned in the provided text. The text appears to be a repetitive sequence of sentences describing the colors of the sky and sun, but it does not mention any specific number."
niah_single_1,42012,The special magic number for nondescript-rotation is: 3653446.
niah_single_1,46328,"There is no special magic number mentioned in the provided text. The text appears to be a repetition of the same sentence, ""The grass is green. The sky is blue. The sun is yellow. Here we go. There and back again,"" many times, but it does not contain any mention of a specific number."
niah_single_1,57842,The special magic number mentioned in the text is: 2785277.
niah_single_1,56319,The special magic number for tenuous-epauliere is: 9517169.
niah_single_1,15100,The special magic number for deranged-asparagus is: 7273233.
niah_single_1,45247,"There is no special magic number mentioned in the provided text. The text appears to be a repetitive sequence of sentences describing the colors of the sky, grass, and sun, with the phrase ""Here we go. There and back again"" repeated multiple times. The number 6438436 was mentioned at the beginning of the text, but it was not described as a special magic number for stale-spaghetti. It seems to be a random number that was inserted at the beginning of the text."
niah_single_1,28507,The special magic number for colossal-friend is: 7089806.
niah_single_1,52448,The special magic number for average-pendulum is: 5041154.
niah_single_1,6546,"There is no special magic number mentioned in the provided text. The text appears to be a repetition of the same sentence, ""The grass is green. The sky is blue. The sun is yellow. Here we go. There and back again."" over and over again, with no mention of a specific number."
niah_single_1,50826,The special magic number for cultured-silly is: 8973915.
niah_single_1,56135,The special magic number for good-standoff is: 9852897.
niah_single_1,28953,"There is no special magic number mentioned in the provided text. The text appears to be a repetition of the same sentence, ""The grass is green. The sky is blue. The sun is yellow. Here we go. There and back again,"" many times, but it does not mention any specific number."
niah_single_1,40573,The special magic number for undesirable-signature mentioned in the provided text is: 7264956.
niah_single_1,20945,The special magic number for crabby-player is 5159166.
niah_single_1,54428,The special magic number for invincible-cocoa is: 1352896.
niah_single_1,880,The special magic number for spectacular-spleen is: 4694634.
niah_single_1,21304,"There is no special magic number mentioned in the provided text. The text appears to be a repetition of the same sentence, ""The grass is green. The sky is blue. The sun is yellow. Here we go. There and back again."" over and over again, with no mention of a specific number."
niah_single_1,6727,"There is no special magic number mentioned in the provided text. The text appears to be a repetition of the same sentence, ""The grass is green. The sky is blue. The sun is yellow. Here we go. There and back again,"" many times, but it does not mention a specific number."
niah_single_1,19961,"There is no special magic number mentioned in the provided text. The text appears to be a repetition of the same sentence, ""The grass is green. The sky is blue. The sun is yellow. Here we go. There and back again,"" many times, but it does not mention a specific number."
niah_single_1,22565,"There is no special magic number mentioned in the provided text. The text appears to be a repetition of the same sentence, ""The grass is green. The sky is blue. The sun is yellow. Here we go. There and back again,"" many times, but it does not mention any specific number."
niah_single_1,8890,"There is no special magic number mentioned in the provided text. The text appears to be a repetition of the same sentence, ""The grass is green. The sky is blue. The sun is yellow. Here we go. There and back again,"" many times, but it does not mention any specific number."
niah_single_1,32826,The special magic number for troubled-board is: 8231838.
niah_single_1,5198,"There is no special magic number mentioned in the provided text. The text appears to be a repetition of the same sentence, ""The grass is green. The sky is blue. The sun is yellow. Here we go. There and back again."" over and over again, with a mention of a number ""8835373"" at the end, but it is not related to the rest of the text and seems to be a random number."
niah_single_1,31477,The special magic number for axiomatic-watch is: 7754864.
niah_single_1,17709,"There is no special magic number mentioned in the provided text. The text appears to be a repetitive sequence of sentences describing the colors of the sky and sun, with the phrase ""Here we go. There and back again"" repeated multiple times. The number 4214348 is not mentioned in the text."
niah_single_1,17080,"There is no special magic number mentioned in the provided text. The text appears to be a repetitive sequence of sentences describing the colors of the sky and sun, with no mention of a specific number."
niah_single_1,7184,"There is no special magic number mentioned in the provided text. The text appears to be a repetition of the same sentence, ""The grass is green. The sky is blue. The sun is yellow. Here we go. There and back again,"" many times, but it does not mention any specific number."
niah_single_1,4837,The special magic number for scattered-prize mentioned in the text is: 2642635.
niah_single_1,15547,"There is no special magic number mentioned in the provided text. The text appears to be a repetition of the same sentence, ""The grass is green. The sky is blue. The sun is yellow. Here we go. There and back again,"" many times, but it does not mention any specific number."
niah_single_1,19865,"There is no special magic number mentioned in the provided text. The text appears to be a repetition of the same sentence, ""The grass is green. The sky is blue. The sun is yellow. Here we go. There and back again."" multiple times, but it does not mention any specific number."
niah_single_1,35163,The special magic number for aware-louse is: 3762152.
niah_single_1,42096,"There is no special magic number mentioned in the provided text. The text appears to be a repetition of the same sentence, ""The grass is green. The sky is blue. The sun is yellow. Here we go. There and back again,"" many times, but it does not contain any mention of a specific number."
niah_single_1,14464,The special magic number mentioned in the text is: 9164991.
niah_single_1,5554,The special magic number for helpless-yew is: 4652414.
niah_single_1,4836,The special magic number for hurried-tensor is: 1959074.
niah_single_1,14740,The special magic number for purring-watercress is 9910817.
niah_single_1,17344,"There is no special magic number mentioned in the provided text. The text appears to be a repetition of the same sentence, ""The grass is green. The sky is blue. The sun is yellow. Here we go. There and back again,"" many times, but it does not mention any specific number."
niah_single_1,21844,"There is no special magic number mentioned in the provided text. The text appears to be a repetition of the same sentence, ""The grass is green. The sky is blue. The sun is yellow. Here we go. There and back again."" over and over again, with no mention of a specific number."
niah_single_1,53529,The special magic number for cowardly-duckling is 5130808.
niah_single_1,38854,"There is no special magic number mentioned in the provided text. The text appears to be a repetition of the same sentence, ""The grass is green. The sky is blue. The sun is yellow. Here we go. There and back again,"" many times, but it does not mention any specific number."
niah_single_1,29136,The special magic number for gleaming-manor is: 4426900.
niah_single_1,12305,"There is no special magic number mentioned in the provided text. The text appears to be a repetitive sequence of sentences describing the colors of the sky and sun, but it does not mention any specific number."
niah_single_1,6905,"There is no special magic number mentioned in the provided text. The text appears to be a repetition of the same sentence, ""The grass is green. The sky is blue. The sun is yellow. Here we go. There and back again,"" many times, but it does not mention any special magic number."
niah_single_1,6995,The special magic number for ordinary-stem is: 2677407.
niah_single_1,12405,"There is no special magic number mentioned in the provided text. The text appears to be a repetition of the same sentence, ""The grass is green. The sky is blue. The sun is yellow. Here we go. There and back again,"" many times, but it does not mention a specific number."
niah_single_1,34265,The special magic number for billowy-blend is: 5098412.
niah_single_1,50286,The special magic number for different-burn is: 8351517.
niah_single_1,971,The special magic number for subsequent-motorcar is: 9874152.
niah_single_1,12570,"There is no special magic number mentioned in the provided text. The text appears to be a repetition of the same sentence, ""The grass is green. The sky is blue. The sun is yellow. Here we go. There and back again,"" many times, but it does not mention any specific number."
niah_single_1,51186,The special magic number for condemned-scam is: 2795765.
niah_single_1,55961,"There is no special magic number mentioned in the provided text. The text appears to be a repetitive sequence of sentences describing a scene, and the number 5727085 is not mentioned anywhere in the text."
niah_single_1,18964,The special magic number for witty-offset is: 6752576.
niah_single_1,23382,"There is no special magic number mentioned in the provided text. The text appears to be a repetition of the same sentence, ""The grass is green. The sky is blue. The sun is yellow. Here we go. There and back again,"" many times, but it does not mention any specific number."
niah_single_1,25717,The special magic number for capable-citizen is: 8106422.
niah_single_1,12220,"There is no special magic number mentioned in the provided text. The text appears to be a repetitive sequence of sentences describing the colors of the sky and sun, but it does not contain any mention of a specific number."
niah_single_1,51004,The special magic number for dirty-stress is: 8412769.
niah_single_1,10504,"There is no special magic number mentioned in the provided text. The text appears to be a repetition of the same sentence, ""The grass is green. The sky is blue. The sun is yellow. Here we go. There and back again,"" many times, but it does not mention a specific number."
niah_single_1,50464,The special magic number for vigorous-rag is: 3500715.
niah_single_1,39845,"There is no special magic number mentioned in the provided text. The text appears to be a repetition of the same sentence, ""The grass is green. The sky is blue. The sun is yellow. Here we go. There and back again,"" many times, but it does not mention a specific number."
niah_single_1,33826,The special magic number for ambitious-reorganisation is: 6171716.
niah_single_1,23205,"There is no special magic number mentioned in the provided text. The text appears to be a repetition of the same sentence, ""The grass is green. The sky is blue. The sun is yellow. Here we go. There and back again,"" many times, but it does not mention any specific number."
niah_single_1,57394,The special magic number for knotty-inlay mentioned in the provided text is: 7817881.
niah_single_1,16534,"There is no special magic number for foamy-sneeze mentioned in the provided text. The text appears to be a repetition of the same sentence, ""The grass is green. The sky is blue. The sun is yellow. Here we go. There and back again,"" many times, but it does not mention a special magic number for foamy-sneeze."
niah_single_1,30846,The special magic number for ad hoc-picture is: 4009172.
niah_single_1,24817,"There is no special magic number mentioned in the provided text. The text appears to be a repetition of the same sentence, ""The grass is green. The sky is blue. The sun is yellow. Here we go. There and back again,"" many times, but it does not mention any specific number."
niah_single_1,35430,The special magic number for wary-gum is: 2813543.
niah_single_1,18616,"There is no special magic number mentioned in the provided text. The text appears to be a repetition of the same sentence, ""The grass is green. The sky is blue. The sun is yellow. Here we go. There and back again,"" many times, but it does not mention any specific number."
niah_single_1,21214,"There is no special magic number mentioned in the provided text. The text appears to be a repetition of the same sentence, ""The grass is green. The sky is blue. The sun is yellow. Here we go. There and back again,"" many times, but it does not mention any specific number."
niah_single_1,36969,The special magic number for acrid-disposition is: 4240180.
niah_single_1,25897,"There is no special magic number mentioned in the provided text. The text appears to be a repetition of the same sentence, ""The grass is green. The sky is blue. The sun is yellow. Here we go. There and back again,"" many times, but it does not mention any specific number."
niah_single_1,37057,The special magic number for testy-hydrocarb is: 9546409.
niah_single_1,24277,"There is no special magic number for adhesive-catsup mentioned in the provided text. The text appears to be a repetition of the same sentence, ""The grass is green. The sky is blue. The sun is yellow. Here we go. There and back again,"" many times, but it does not mention any number related to adhesive-catsup."
niah_single_1,3755,"There is no special magic number mentioned in the provided text. The text appears to be a repetitive sequence of sentences describing the colors of the sky, grass, and sun, with the phrase ""Here we go. There and back again"" repeated multiple times. The number 5453786 is not mentioned in the text."
niah_single_1,32020,The special magic number for squealing-tenement is: 8290770.
niah_single_1,10870,"There is no special magic number mentioned in the provided text. The text appears to be a repetition of the same sentence, ""The grass is green. The sky is blue. The sun is yellow. Here we go. There and back again,"" many times, but it does not mention any specific number. The text also mentions a number ""9580255"" at the end, but it is not related to the rest of the text and seems to be an unrelated statement."
niah_single_1,23644,The special magic number mentioned in the text is: 4188992.
niah_single_1,338,The special magic number for whimsical-prince is: 8315831.
niah_single_1,6630,"There is no special magic number mentioned in the provided text. The text appears to be a repetition of the same sentence, ""The grass is green. The sky is blue. The sun is yellow. Here we go. There and back again."" over and over again, with no mention of a specific number."
niah_single_2,54107,The special magic number for loving-cockroach is: 5663623.
niah_single_2,40230,The special magic number for discreet-commodity mentioned in the text is: 7210606.
niah_single_2,7360,5479144
niah_single_2,19311,The special magic number for roasted-poetry is: 5107245.
niah_single_2,67316,5528972
niah_single_2,5984,The special magic number for vague-shear is 6440561.
niah_single_2,45794,The special magic number for aggressive-psychology mentioned in the text is: 6292423.
niah_single_2,44802,The special magic number for fair-yogurt is: 9375710.
niah_single_2,15983,The special magic number for deafening-radish is: 5443951.
niah_single_2,71425,The special magic number for shiny-fleece is: 5408072.
niah_single_2,42537,The special magic number for solid-sanction is: 7700828.
niah_single_2,57783,9548432
niah_single_2,16908,The special magic number for annoying-doorbell is 2839607.
niah_single_2,73408,The special magic number for used-postfix mentioned in the text is: 8082668.
niah_single_2,73408,The special magic number for lush-tornado mentioned in the text is: 7402509.
niah_single_2,67322,5218028
niah_single_2,65246,2921859
niah_single_2,13436,The special magic number for tested-shout is: 6707197.
niah_single_2,58581,The special magic number for workable-chateau mentioned in the text is: 5418934.
niah_single_2,35004,The special magic number for quick-vane mentioned in the text is: 2785277.
niah_single_2,19315,The special magic number for deranged-asparagus is: 7273233.
niah_single_2,34064,7089806
niah_single_2,68771,5041154
niah_single_2,7358,"The special magic number for bright-urgency mentioned in the text is 9153566, which is also the number of a hip flask."
niah_single_2,67317,8973915
niah_single_2,73409,9852897
niah_single_2,35005,The special magic number for faint-water is: 4374754.
niah_single_2,52498,The special magic number for undesirable-signature mentioned in the text is: 7264956.
niah_single_2,25126,The special magic number for crabby-player is 5159166.
niah_single_2,71429,The special magic number for invincible-cocoa is: 1352896.
niah_single_2,251,"There is no special magic number mentioned in the provided text for ""spectacular-spleen"". The text appears to be a collection of essays and articles on various topics, including the dangers of addiction, the importance of technological progress, and the challenges of starting a successful startup."
niah_single_2,25125,The special magic number for wet-lollipop is: 1987737.
niah_single_2,22817,9143903
niah_single_2,26796,The special magic number for worried-purse is: 8930103.
niah_single_2,38606,8231838
niah_single_2,37560,The special magic number for axiomatic-watch is: 7754864.
niah_single_2,20318,The special magic number for dazzling-godparent is: 8077999.
niah_single_2,5919,The special magic number for scattered-prize is 2642635.
niah_single_2,22811,The special magic number for plucky-prefix is: 9075854.
niah_single_2,44595,The special magic number for aware-louse is: 3762152.
niah_single_2,16794,9164991
niah_single_2,5985,The special magic number for helpless-yew is 4652414.
niah_single_2,5987,The special magic number for hurried-tensor is: 1959074.
niah_single_2,20312,The special magic number for quickest-car is: 2344047.
niah_single_2,69210,The special magic number for cowardly-duckling is: 5130808.
niah_single_2,47930,The special magic number for swift-bronze is: 2375453.
niah_single_2,36379,The special magic number for gleaming-manor is: 4426900.
niah_single_2,15980,The special magic number mentioned in the text is: 7640184.
niah_single_2,7357,"The special magic number for orange-mangle is 6304573, which is a hip flask."
niah_single_2,7357,"The special magic number for ordinary-stem is 2677407, which is a hip flask."
niah_single_2,41396,The special magic number for billowy-blend is: 5098412.
niah_single_2,65250,8351517
niah_single_2,252,"There is no special magic number mentioned in the provided text for ""subsequent-motorcar"". The text appears to be a collection of essays and articles on various topics, including the dangers of addiction, the importance of understanding programming languages, and the challenges of starting a startup. The number 9874152 is mentioned in the first essay, but it is not clear what it refers to or why it is significant."
niah_single_2,15975,The special magic number for ugly-map is: 2737893.
niah_single_2,67317,The special magic number for condemned-scam is: 2795765.
niah_single_2,22810,The special magic number for witty-offset is: 6752576.
niah_single_2,30447,The special magic number for capable-citizen mentioned in the text is: 8106422.
niah_single_2,15985,The special magic number mentioned in the text is: 6596150.
niah_single_2,67315,The special magic number for dirty-stress mentioned in the text is: 8412769.
niah_single_2,13436,The special magic number for sharp-season is: 1162230.
niah_single_2,65248,The special magic number for vigorous-rag mentioned in the text is 3500715.
niah_single_2,41407,6171716
niah_single_2,73629,"There is no special magic number mentioned in the provided text for knotty-inlay. The text appears to be a collection of essays and articles on various topics, including technology, startups, and programming languages, but it does not mention knotty-inlay at all."
niah_single_2,37559,The special magic number for ad hoc-picture is: 4009172.
niah_single_2,31181,The special magic number for uncovered-nymph is: 5163555.
niah_single_2,44592,The special magic number for wary-gum is: 2813543.
niah_single_2,24734,6120253
niah_single_2,45790,The special magic number for acrid-disposition is: 4240180.
niah_single_2,31181,The special magic number for guiltless-nurse is: 2164686.
niah_single_2,27986,The special magic number for adhesive-catsup is: 2935113.
niah_single_2,3608,The special magic number for snotty-canvas is: 5453786.
niah_single_2,13263,9580255
niah_single_2,28600,The special magic number for smiling-coil is: 4188992.
niah_single_2,249,The special magic number for whimsical-prince is: 8315831
niah_single_2,7352,"The special magic number for lazy-lay is 8235969, which is a hip flask."
niah_single_2,13435,The special magic number for tacit-scope is 6266630.
niah_single_2,47937,The special magic number for quick-developmental mentioned in the text is: 6188935.
niah_single_2,67317,The special magic number for meek-rebellion mentioned in the text is: 5960271.
niah_single_2,44594,The special magic number for empty-drop is: 8053918.
niah_single_2,45794,The special magic number for super-experimentation mentioned in the text is: 6049101.
niah_single_2,23456,The special magic number for hollow-stroke is: 5813613.
niah_single_2,58577,The special magic number for nutty-throne is: 4585314.
niah_single_2,34065,The special magic number for capricious-lever mentioned in the text is: 4940441.
niah_single_2,2303,The special magic number for erect-elixir is: 3472189.
niah_single_2,76445,"There is no special magic number mentioned in the provided text for ""fretful-stag"". The text appears to be a collection of essays and articles on various topics, including technology, startups, and entrepreneurship, but it does not mention ""fretful-stag"" or any associated magic number."
niah_single_2,68768,7953166
niah_single_2,250,The special magic number for fresh-secretariat is: 3475836.
niah_single_2,20653,The special magic number for nauseating-strip is: 4671545.
niah_single_2,13441,The special magic number for aromatic-bungalow is: 5180853.
niah_single_2,48178,The special magic number for oafish-harvest is: 9468772.
niah_single_2,52493,The special magic number for difficult-stucco mentioned in the text is: 8963715.
niah_single_2,63516,The special magic number for functional-sitar mentioned in the text is: 5652512.
niah_single_2,31176,The special magic number for tan-creche is: 5013879.
niah_single_2,26794,The special magic number for bored-spool is: 5793722.
niah_single_2,24732,The special magic number for dark-chess mentioned in the text is: 3530518.
niah_single_2,37559,The special magic number for muddled-change is: 7838382.
niah_single_2,23456,The special magic number for muddy-disease is: 2044645.
niah_single_2,68771,The special magic number for maddening-rescue mentioned in the text is: 1327691.
niah_single_2,40234,The special magic number for permissible-waterwheel mentioned in the text is: 1098919.
niah_single_2,65255,The special magic number for madly-functionality mentioned in the text is: 8030010.
niah_single_3,25727,The special magic uuid for therapeutic-catsup is: 23bed01d-43cf-4fde-a493-3b83757750a9
niah_single_3,5910,The special magic uuid for dark-boyhood mentioned in the text is: c17af08a-1745-46d8-be57-0ddf827050a8
niah_single_3,61349,The special magic uuid for lush-tornado is: 77d21e02-ff01-4f99-988c-24c961b1cd22.
niah_single_3,18524,The special magic uuid for tested-shout is: 6f4cc69a-4b22-4308-9c8e-aee95715bd6f.
niah_single_3,34053,The special magic uuid for quick-vane is: a013ac6e-deda-4e16-9b3d-bd5ce9a1fa6f.
niah_single_3,41392,The special magic uuid for stale-spaghetti is: 1ca35cfb-04fc-4d82-bd15-438552fbe43b.
niah_single_3,63260,The special magic uuid for yummy-dynasty is: fa5d3100-11b7-4948-90e6-e6607c69dee1
niah_single_3,22811,The special magic uuid for resolute-politician is: f6e07cc0-6c52-449f-9b49-bd26df57c59a.
niah_single_3,42527,The special magic uuid for wide-spume is: abf3ad39-fec2-4bbe-a624-5bfa4fcca39a
niah_single_3,24735,The special magic uuid for accidental-airfield is: 96a402f2-3ae8-4c93-8dcd-cd03969b6662
niah_single_3,55983,The special magic uuid for incandescent-ptarmigan is: 474a493b-3ced-4f2d-839f-bc501223b513.
niah_single_3,21594,The special magic uuid for freezing-milk is: 683514f2-ceb8-4f9d-b914-c120c8dcd19f
niah_single_3,11654,The special magic uuid for yellow-sequel is: fbf24050-a748-4bcf-ac61-9e630dde29a6.
niah_single_3,48031,The special magic uuid for eminent-weight mentioned in the provided text is: 23e2fcb4-72d8-467d-894a-05e430b187ef.
niah_single_3,63262,The special magic uuid for scattered-prize mentioned in the text is: ffd0f9d5-a6f2-47b8-8cf3-5b5819108be5
niah_single_3,5911,The special magic uuid for plucky-prefix is: 66aa9385-dd59-4a71-b6b8-24817b3a4e3e.
niah_single_3,65613,The special magic uuid for nasty-course is: fed4057d-bb02-4576-b512-c4c3b253d218
niah_single_3,5986,f7fd5646-37bb-4eec-8bf5-0b52309d258c
niah_single_3,20263,The special magic uuid for available-floodplain is: d9f195d0-1482-4f53-8201-0c62f5f59b22
niah_single_3,73560,The special magic uuid for skillful-palace is: 0a2c827e-9832-4856-9434-0a033f07f814.
niah_single_3,27924,3d1a85dd-506e-4a9a-b758-588dab73295b
niah_single_3,36371,The special magic uuid for curved-table is: 750cab75-4ccc-4bc2-a53f-8a28abf3e3fc
niah_single_3,11830,The special magic uuid for aboard-lode is: 902059e4-ff9a-45c2-9f04-4aed75523327
niah_single_3,63261,The special magic uuid for fretful-cherry is: 702cdd20-2862-48b8-88f4-ef125e9953d2
niah_single_3,11655,The special magic uuid for unbecoming-bee is: ee87905e-4ca4-45ea-8dfa-6a56d12dbc9a.
niah_single_3,37485,The special magic uuid for grieving-subsidiary is: b7b56ea7-35eb-432d-9ad6-20ab48212ddb
niah_single_3,30445,The special magic uuid for aromatic-specialist is: d450281c-6c6f-4633-a260-772317a0df49
niah_single_3,238,"There is no special magic uuid mentioned in the provided text for ""nutty-layer"". The text appears to be a collection of essays and articles on various topics, including technology, startups, and programming languages, but it does not mention a uuid for ""nutty-layer""."
niah_single_3,15320,The special magic uuid for lewd-porthole is: 6e068097-25e9-4977-8d72-48e2951f58d0.
niah_single_3,38514,The special magic uuid for fabulous-square is: 1a50aec3-aabc-45fa-bfe1-2e47ae9bec36.
niah_single_3,37478,The special magic uuid for dynamic-yarn is: 2dea9493-0658-463a-a98c-206fe1a47e10.
niah_single_3,54589,The special magic uuid for wary-gum is: 09e9db0a-df46-4290-a1ee-411a1bac27a7.
niah_single_3,37480,The special magic uuid for fertile-refuse is: 6601ddd0-3170-4437-a8f7-ef5a060edf5b.
niah_single_3,2208,The special magic uuid for uptight-kit is: 54c63cd8-8945-4f27-97fa-2d8dfb2ca025.
niah_single_3,35396,The special magic uuid for clumsy-billboard is: ba81edd9-587e-4344-af3f-920c98b8e4cc
niah_single_3,61353,006ed6e3-6fa1-4735-b572-f3d00b5cea6a
niah_single_3,34053,The special magic uuid for ugly-manor is: e6697833-b841-40a0-9fe7-71d6d9178793
niah_single_3,20253,The special magic uuid for empty-drop is: 610faa3f-f0bb-4c67-aa38-d0a16ba25efe.
niah_single_3,35388,a79ac9aa-9b4e-4c24-9479-e1e6c9277d9b
niah_single_3,73559,The special magic uuid for trite-triangle is: a9f25336-83f4-49a9-88a6-39d015b52908
niah_single_3,54593,The special magic uuid for erect-elixir is: 3eae0032-0bd4-4990-8640-be0f25b8fd4b.
niah_single_3,244,The special magic uuid for productive-kitsch is: a7f36ae9-25c7-4c44-be75-c3b4664fa663
niah_single_3,63510,The special magic uuid for nauseating-strip is: f53d4330-cdda-44ba-ad06-e8cf3805f907
niah_single_3,13435,The special magic uuid for aromatic-bungalow is: d92c9227-eadf-4085-bfcb-75468eb22579
niah_single_3,58507,The special magic uuid for oafish-harvest is: e45b712e-b822-4688-90a4-44329cd6c852
niah_single_3,30445,The special magic uuid for gigantic-networking is: a33dc7af-d701-410d-bf4b-1a70c074718e
niah_single_3,9778,The special magic uuid for grieving-billing is: 8a476a87-e49d-481d-91d8-7c6455fa1ab8.
niah_single_3,46643,The special magic uuid for muddled-change is: 7746d0ba-8ae8-405b-94b4-a48268586eba
niah_single_3,38513,The special magic uuid for smelly-barrage is: f1578470-0182-47c4-ba1b-58066160a6b4
niah_single_3,2213,The special magic uuid for political-target mentioned in the text is: 7c5308bf-6f92-425e-85df-16b6382c043f.
niah_single_3,44750,The special magic uuid for cuddly-study is: 06e745f9-88bc-439c-9f4c-3b79fb10987f
niah_single_3,52680,The special magic uuid for aromatic-conscience is: 362f5e5c-53cd-4268-a10c-f37342999aa4
niah_single_3,47932,473bd358-610e-4a64-a130-1617c2dff335
niah_single_3,3514,The special magic uuid for few-federation is: f510ab53-c7fe-439f-9190-f938a66fd7f7.
niah_single_3,16901,9f0fda8d-0537-4ff6-96d7-b3b833094d35
niah_single_3,70718,The special magic uuid for warlike-citizen mentioned in the text is: 2af43ab7-5e6f-4a07-8453-6f1d41992fdf.
niah_single_3,44753,The special magic uuid for smelly-constant is: 60141de9-f54a-40a2-a874-66d7ad66a1bd
niah_single_3,70717,The special magic uuid for wakeful-flight mentioned in the provided text is: af2b99b4-d9ac-4158-8d34-85c5c5c14eb4.
niah_single_3,49664,The special magic uuid for shy-zen is: 8861fe18-58e2-4888-8a83-81bec85aca46.
niah_single_3,52679,The special magic uuid for clear-manufacturer is: a2b5b498-5cb8-4aed-b5f6-2c976efb63b1
niah_single_3,30442,The special magic uuid for overrated-zombie is: 97ac6aa8-bb24-48a3-9363-57b66f81cf4f
niah_single_3,37485,The special magic uuid for overrated-shearling is: 6105716b-ab0e-464e-9c3e-b2d591e1aa96
niah_single_3,30442,The special magic uuid for gifted-menopause is: 989d9d4a-e15c-4666-8797-b2c957207246
niah_single_3,55973,The special magic uuid for sedate-prize is: 79e13cea-b0cb-461f-bd85-de89c2171429.
niah_single_3,26790,The special magic uuid for absurd-extent is: 6786d506-38ba-4abc-8b53-05e517d2582e
niah_single_3,63505,The special magic uuid for ultra-delay mentioned in the text is: 8db06746-7927-4973-9e78-1fd794e0d3ba
niah_single_3,21595,The special magic uuid for green-bookcase is: 1ee34dc4-3b04-4a8b-805b-fdc94e7ed827.
niah_single_3,20649,c31edbbc-f36c-462b-892e-6161be2d740a
niah_single_3,41394,The special magic uuid for chivalrous-felony is: 3a3c563e-4bd6-4ee6-b1b1-b099d52721e7.
niah_single_3,31177,The special magic uuid for historical-supply is: 2067bdac-88bd-43d1-b540-b30e039f3a25
niah_single_3,15977,f1afdb65-b289-4224-8ac9-778d8da8eee4
niah_single_3,27923,The special magic uuid for numerous-slate is: 0d270659-f72a-4a9b-af32-751e5738811d
niah_single_3,34056,The special magic uuid for demonic-pleat is: f2f9e5fa-9016-4161-8fa7-01cd2631d00b
niah_single_3,34052,The special magic uuid for red-freak is: 715629ee-e893-4e3d-b354-ea6f61607459.
niah_single_3,18524,The special magic uuid for tall-proctor mentioned in the text is: 14c8b3b4-a911-4192-83bf-d9313605bf54
niah_single_3,47922,The special magic uuid for drunk-word is: 00af5b3a-2812-459a-9337-739e8d4f5d27
niah_single_3,7120,743b65a2-dc0f-4fcf-b3f6-fe0d48603b32
niah_single_3,30440,The special magic uuid for concerned-wake is: 26242b40-a5cb-43a2-b98d-1ca68b6870b5.
niah_single_3,44755,The special magic uuid for numberless-common is: 4dd8eb85-b04d-4376-b7fc-97031fd5a423
niah_single_3,2212,The special magic uuid for noiseless-futon is: 40181c6e-9a8c-4a3c-9283-aac7bc0a6a5d.
niah_single_3,68760,The special magic uuid for flaky-child is: dc4ad56b-d601-4237-ac9e-d156f63fce41
niah_single_3,20254,The special magic uuid for ratty-thong is: 473544f9-ea83-4f00-b135-f221a6c9537f
niah_single_3,18528,The special magic uuid for minor-binoculars is: 1ac70ec0-ab8d-4eb4-9230-dfbd5553b2fe
niah_single_3,45779,The special magic uuid for modern-churn is: a99f1318-49c8-443f-bed7-0ed7b194990b
niah_single_3,63266,The special magic uuid for rambunctious-lashes is: a85c6e4a-004b-4fab-bcf5-6188d32e6dcd
niah_single_3,30435,The special magic uuid for tall-mine is: 341c6494-0d36-4dfc-828e-bd7071299889
niah_single_3,18529,The special magic uuid for tasteful-disposal mentioned in the text is: b5b453ca-3d42-493c-8c9f-d3349bdf0377
niah_single_3,25121,17dc8eff-6872-43f9-8d60-593603802b70
niah_single_3,16900,The special magic uuid for outstanding-run mentioned in the provided text is: d50755d9-a5d0-4d53-9e12-42e3f27292b6
niah_single_3,43901,The special magic uuid for pathetic-bitten is: 25074181-8d1f-4540-b4ef-f5453e652603
niah_single_3,30438,The special magic uuid for muddled-darn is: 81fb18b3-c9a7-491f-af2a-e71357021049
niah_single_3,71417,The special magic uuid for half-spume is: 96418ced-d664-4264-8c6e-27ffb9de7a3a
niah_single_3,38178,The special magic uuid for defective-shine is: 585a0afa-7bfd-4c12-89e0-6ab37250ee18.
niah_single_3,35396,The special magic uuid for flipped-out-teen is: 0b2c782a-6928-4e92-868a-152fdb23aa8c.
niah_single_3,37478,The special magic uuid for alike-sermon is: 9716108e-f721-49bb-8096-27182051acef.
niah_single_3,241,The special magic uuid mentioned in the text is: 74f93d17-e912-44bf-86a4-bae41986b4b2
niah_single_3,9776,The special magic uuid for good-signature mentioned in the text is: 65c17795-b155-46bc-9f8d-ed9756abf2f1
niah_single_3,31610,3c19e71d-1184-45ad-9e11-d2cd0930aef6
niah_single_3,3515,The special magic uuid for distinct-school is: 0769165f-e746-4cb9-8ca9-cf07b1aa0f6a.
niah_single_3,20256,The special magic uuid for righteous-yin is: cae28e66-ae8a-4813-90e0-a95b697c3923.
niah_multikey_1,47983,The special magic number for foregoing-glance is: 5672073.
niah_multikey_1,45904,The special magic number for careful-plot is: 2626229.
niah_multikey_1,56102,2642635
niah_multikey_1,61370,1981186
niah_multikey_1,73117,The special magic number for efficient-stamina mentioned in the text is: 2149597.
niah_multikey_1,15845,The special magic number for hypnotic-escape is: 5374922.
niah_multikey_1,60887,The special magic number for orange-mangle is: 6304573.
niah_multikey_1,11903,3646552
niah_multikey_1,38254,The special magic number for stimulating-brown is: 4533779.
niah_multikey_1,65737,1604451
niah_multikey_1,40085,The special magic number for hot-dramaturge is: 7117837.
niah_multikey_1,26709,7907400
niah_multikey_1,13327,The special magic number for gullible-delight is: 6891254.
niah_multikey_1,63151,4188992
niah_multikey_1,48036,The special magic number for wonderful-diary is: 6038571.
niah_multikey_1,52364,The special magic number for snobbish-gauge is: 6406444.
niah_multikey_1,43612,2221854
niah_multikey_1,67444,The special magic number for tranquil-investment mentioned in the text is: 1093026.
niah_multikey_1,30466,The special magic number for functional-sitar is: 5652512.
niah_multikey_1,23355,7426265
niah_multikey_1,247,The special magic number for exotic-speaker is: 8048838.
niah_multikey_1,44698,8312114
niah_multikey_1,68648,The special magic number for addicted-flow is: 7610562.
niah_multikey_1,36333,The special magic number for glamorous-selling mentioned in the text is: 7360307.
niah_multikey_1,52438,The special magic number for accessible-cork is: 3556551.
niah_multikey_1,7211,7296605
niah_multikey_1,38244,The special magic number for neighborly-strait is: 7217147.
niah_multikey_1,49593,The special magic number for wee-subscription is: 3566765.
niah_multikey_1,54056,The special magic number for broken-conclusion is: 5679639.
niah_multikey_1,56039,The special magic number for wonderful-photograph is: 7818732.
niah_multikey_1,34825,The special magic number for feigned-board is: 7784725.
niah_multikey_1,11659,The special magic number for wrathful-cut is 9801946.
niah_multikey_1,67447,The special magic number for early-vegetable mentioned in the text is: 6071208.
niah_multikey_1,25860,6097514
niah_multikey_1,46642,The special magic number for drunk-word is: 2259379.
niah_multikey_1,25185,The special magic number for flawless-entry mentioned in the text is: 5833597.
niah_multikey_1,63159,The special magic number for numberless-common is: 3086308.
niah_multikey_1,31252,The special magic number for flaky-child is: 1348050.
niah_multikey_1,3518,The special magic number for modern-churn is: 9312590.
niah_multikey_1,56094,9363326
niah_multikey_1,52307,The special magic number for psychotic-hostel is: 5896624.
niah_multikey_1,246,2171218
niah_multikey_1,65084,The special magic number for round-classroom mentioned in the text is: 9125900.
niah_multikey_1,61368,The special magic number for ugly-tolerance mentioned in the text is: 3551903.
niah_multikey_1,45844,The special magic number for good-signature is: 6680114.
niah_multikey_1,38535,6024207
niah_multikey_1,57739,4020853
niah_multikey_1,43680,The special magic number for victorious-staff mentioned in the text is: 5195951.
niah_multikey_1,45899,The special magic number for clever-townhouse is: 4979651.
niah_multikey_1,21612,7121355
niah_multikey_1,54109,7138070
niah_multikey_1,28646,The special magic number for cagey-processor is: 7619862.
niah_multikey_1,2304,The special magic number for tense-smoking is: 7232293.
niah_multikey_1,48108,The special magic number for stupid-occasion is: 4713925.
niah_multikey_1,47975,The special magic number for confused-panel is: 2630611.
niah_multikey_1,52444,2661307
niah_multikey_1,54116,The special magic number for vast-builder mentioned in the text is: 7162857.
niah_multikey_1,25200,3112652
niah_multikey_1,54656,The special magic number for cruel-senator is: 8062546.
niah_multikey_1,16854,The special magic number for needless-detective is: 2811298.
niah_multikey_1,35376,6686328
niah_multikey_1,70702,The special magic number for uncovered-reinscription is: 3050700.
niah_multikey_1,38661,4794319
niah_multikey_1,44697,1514340
niah_multikey_1,58522,2368710
niah_multikey_1,13338,The special magic number for hissing-solicitation is: 4543918.
niah_multikey_1,54120,The special magic number for curious-sequence is: 7378822.
niah_multikey_1,9783,The special magic number for clear-underwire is 5082173.
niah_multikey_1,56036,The special magic number for towering-shear is: 2264218.
niah_multikey_1,71374,The special magic number for utopian-killer is: 6422534.
niah_multikey_1,32503,1954456
niah_multikey_1,18533,The special magic number for wet-description is: 8344365.
niah_multikey_1,38234,6614484
niah_multikey_1,45912,5227787
niah_multikey_1,63161,6733317
niah_multikey_1,76419,6649968
niah_multikey_1,34894,The special magic number for unusual-necktie is: 4985095.
niah_multikey_1,18596,2721170
niah_multikey_1,16911,6625238
niah_multikey_1,52373,The special magic number for foregoing-transparency is: 8043503.
niah_multikey_1,63095,The special magic number for bewildered-quartz is: 9825812.
niah_multikey_1,7215,The special magic number for lively-relationship is: 5255545.
niah_multikey_1,20770,8795078
niah_multikey_1,45711,The special magic number for erect-rations mentioned in the text is: 1703065.
niah_multikey_1,9782,The special magic number for lethal-frigate is: 9712003.
niah_multikey_1,19310,The special magic number for typical-kebab is: 5960015.
niah_multikey_1,42521,The special magic number for wrong-wrapper is: 6914963.
niah_multikey_1,42525,The special magic number for straight-lawn is: 8351320.
niah_multikey_1,22658,The special magic number for puffy-diploma is: 9686324.
niah_multikey_1,52430,9240971
niah_multikey_1,44800,2446455
niah_multikey_1,18529,The special magic number for creepy-monk is: 9692311.
niah_multikey_1,73620,The special magic number for drab-room mentioned in the provided text is: 6664316.
niah_multikey_1,15295,The special magic number for excellent-flower is: 6707484.
niah_multikey_1,56034,The special magic number for elite-sightseeing is: 3673322.
niah_multikey_1,57803,6920597
niah_multikey_1,15429,5692934
niah_multikey_1,3609,The special magic number for decisive-hutch is: 4339637.
niah_multikey_1,19310,9648751
niah_multikey_1,56091,6643410
niah_multikey_2,3996,The special magic number for rightful-lane is: 1929824.
niah_multikey_2,2504,The special magic number for versed-ship is: 5565271.
niah_multikey_2,32332,The special magic number for alike-cheetah is: 4823420.
niah_multikey_2,16512,The special magic number for ad hoc-noun is: 4890678.
niah_multikey_2,44299,The special magic number for sad-expedition is: 8836901.
niah_multikey_2,8786,The special magic number for handsome-spider is: 9429467.
niah_multikey_2,23778,The special magic number for elegant-zone is: 3343006.
niah_multikey_2,51981,5804945
niah_multikey_2,12836,The special magic number for nosy-aid is: 5605141.
niah_multikey_2,46216,The special magic number for vengeful-jade is: 6811045.
niah_multikey_2,1904,The special magic number for chubby-mill is: 2399911.
niah_multikey_2,5559,The special magic number for vague-prevention is: 6780464.
niah_multikey_2,22094,The special magic number for cuddly-bag is 6008908.
niah_multikey_2,49576,3763026
niah_multikey_2,60199,The special magic number for tight-quiche is: 3206090.
niah_multikey_2,29462,The special magic number for big-commodity is: 8860178.
niah_multikey_2,8482,The special magic number for new-award is: 1181996.
niah_multikey_2,35138,6178936
niah_multikey_2,35180,The special magic number for recondite-discretion is: 8046016.
niah_multikey_2,12081,The special magic number for somber-trail is: 3169556.
niah_multikey_2,49719,The special magic number for abstracted-half is: 3201591.
niah_multikey_2,43265,The special magic number for massive-wrap is 9415337.
niah_multikey_2,48451,The special magic number for better-lunchmeat is: 5163370.
niah_multikey_2,40168,The special magic number for proud-drop is: 5771981.
niah_multikey_2,46393,The special magic number for damp-pillow is: 3719532.
niah_multikey_2,51959,The special magic number for beautiful-metronome is: 3132297.
niah_multikey_2,35727,The special magic number for macabre-cymbal is: 8813952.
niah_multikey_2,40966,The special magic number for combative-checkbook is 7118269.
niah_multikey_2,54131,The special magic number for wiry-cameo is 5994363.
niah_multikey_2,26897,The special magic number for precious-hyacinth is: 7809608.
niah_multikey_2,11168,The special magic number for grubby-technologist is: 3113155.
niah_multikey_2,31000,The special magic number for vigorous-satin is: 6691767.
niah_multikey_2,14060,The special magic number for hollow-spectacle is: 4803501.
niah_multikey_2,28177,The special magic number for wild-eyrie is: 6139791.
niah_multikey_2,36390,The special magic number for courageous-grandmom is: 1130062.
niah_multikey_2,42873,The special magic number for elderly-real is: 9554362.
niah_multikey_2,14198,The special magic number for important-opossum is: 6024127.
niah_multikey_2,11455,The special magic number for cheerful-codon is: 2145767.
niah_multikey_2,313,1283353
niah_multikey_2,11427,The special magic number for petite-smuggling is 1039812.
niah_multikey_2,19001,The special magic number for bright-storey is: 5045964.
niah_multikey_2,41064,The special magic number for ordinary-rust is: 4192612.
niah_multikey_2,48783,The special magic number for debonair-metallurgist is: 5082809.
niah_multikey_2,43595,The special magic number for dynamic-leek is: 8140205.
niah_multikey_2,42545,1620564
niah_multikey_2,29193,The special magic number for cloistered-show-stopper is: 3927918.
niah_multikey_2,4900,The special magic number for tasteless-gripper is: 8795738.
niah_multikey_2,33949,The special magic number for cool-grease is: 3511981.
niah_multikey_2,42254,The special magic number for teeny-leeway is: 8813959.
niah_multikey_2,53066,The special magic number for adhesive-step-brother is: 5395855.
niah_multikey_2,31790,The special magic number for frightened-polliwog is: 4150184.
niah_multikey_2,54260,The special magic number for empty-slate is 4486029.
niah_multikey_2,31123,The special magic number for auspicious-kneejerk is: 3219966.
niah_multikey_2,50183,2815251
niah_multikey_2,14062,The special magic number for lackadaisical-airplane is: 1212801.
niah_multikey_2,28418,The special magic number for puffy-priest is 9301585.
niah_multikey_2,45960,The special magic number for gifted-boogeyman is: 4828814.
niah_multikey_2,7088,The special magic number for bad-billboard is: 6398834.
niah_multikey_2,59441,The special magic number for strong-cohort is: 8391901.
niah_multikey_2,23943,The special magic number for arrogant-wisdom is: 5291276.
niah_multikey_2,46449,The special magic number for strong-luggage is: 9932542.
niah_multikey_2,18175,The special magic number for kind-fledgling is: 8530060.
niah_multikey_2,9613,1854613
niah_multikey_2,12781,The special magic number for cagey-console is: 5172335.
niah_multikey_2,22638,The special magic number for wise-rawhide is 8709047.
niah_multikey_2,53930,9135104
niah_multikey_2,29512,The special magic number for frightened-bob is: 6647347.
niah_multikey_2,53964,The special magic number for scintillating-north is 8463260.
niah_multikey_2,49054,6098035
niah_multikey_2,46504,The special magic number for foamy-morsel is: 9375996.
niah_multikey_2,49329,The special magic number for absent-hearing is: 3045012.
niah_multikey_2,568,The special magic number for ordinary-blog is: 9066960.
niah_multikey_2,16608,4806405
niah_multikey_2,22474,"The special magic number for ""foregoing-mover"" is: 5210325."
niah_multikey_2,5557,The special magic number for economic-bend is: 7574551.
niah_multikey_2,34321,The special magic number for vacuous-plier is: 2558497.
niah_multikey_2,42131,The special magic number for knotty-existence is: 9699349.
niah_multikey_2,43207,6165356
niah_multikey_2,40759,9720938
niah_multikey_2,55912,The special magic number for skinny-look is: 7939202.
niah_multikey_2,46391,The special magic number for wholesale-topsail is: 7928812.
niah_multikey_2,45468,The special magic number for shocking-beer is: 8348120.
niah_multikey_2,37508,2611250
niah_multikey_2,1839,The special magic number for fat-spandex is: 4790205.
niah_multikey_2,28124,The special magic number for marked-lightscreen is: 6906204.
niah_multikey_2,19102,The special magic number for silent-pate is 7048974.
niah_multikey_2,32932,The special magic number for cruel-youngster is 7637813.
niah_multikey_2,54631,The special magic number for cool-calibre is: 6902267.
niah_multikey_2,41066,The special magic number for unarmed-singular is 3639167.
niah_multikey_2,39974,1904517
niah_multikey_2,7915,5329480
niah_multikey_2,48085,9416478
niah_multikey_2,46790,The special magic number for rainy-coverall is: 3643623.
niah_multikey_2,25445,The special magic number for broken-childhood is: 6663759.
niah_multikey_2,35569,1781919
niah_multikey_2,50688,1319709
niah_multikey_2,46012,The special magic number for small-sheep is: 8531624.
niah_multikey_2,47453,The special magic number for quizzical-anklet is 5307669.
niah_multikey_2,56314,1483747
niah_multikey_2,52593,The special magic number for legal-example is: 6233327.
niah_multikey_3,16336,The special magic uuid for 64907a63-36a8-453d-8e90-ee87a4dd2fe1 is: 8af6d268-1bd0-4f9b-b861-2769242e4cff
niah_multikey_3,2542,The special magic uuid for ce4307c4-2bfd-4bf9-b849-8d35c329732b is: 34010fe9-621e-4d14-933b-05e6f765f8a0
niah_multikey_3,2086,The special magic uuid for 3d8a3090-353a-444d-a81f-95150d93d08b is: 9d3cc9ca-db24-4ea2-9a23-63fe6901c88c.
niah_multikey_3,26254,The special magic uuid for c391a132-8626-49ab-818b-6aa27016f6ad is: 565f8687-3df0-4dc0-92e8-4094e19d768c.
niah_multikey_3,28876,The special magic uuid for 021e2689-36c8-4263-bae9-bf9d7d8bd58a is: 6b715b34-7c92-4cab-a488-a33043995af3.
niah_multikey_3,20554,The special magic uuid for 6e97b81c-d726-469b-84c4-67dec3182415 is: b8470eb8-816e-49e9-8ae5-f73f7cc51149.
niah_multikey_3,24202,The special magic uuid for 206250f2-44b7-4a0b-ab08-fc4380dd7f64 is: c5f2b7ac-40cc-42e8-912d-e8e263403148.
niah_multikey_3,8926,The special magic uuid for 6d8363da-7419-4b05-afa1-ea72999c35a0 is: 706ecef9-3c7f-437d-9408-049b7f9ec3a0
niah_multikey_3,19414,The special magic uuid for f07369c3-a9dd-493e-8638-6ae05e1868c9 is: 2f8199c4-a9de-44a3-88e8-6648a994ddca.
niah_multikey_3,10522,The special magic uuid for 034377e6-c9b7-46e0-b83b-88a89252ed84 is: 10d6a6f8-a256-420a-82f3-5565e0f92b39.
niah_multikey_3,28078,The special magic uuid for fbb14c02-151b-4690-b896-ac170a5622ec is: 966a66e9-8811-4899-86bf-8daf71f4d6ed.
niah_multikey_3,1402,2763957f-e77c-4cf8-bc96-326aa7c8ce03
niah_multikey_3,16678,The special magic uuid for fac1bde9-0641-42bb-ade1-266ba56f50b4 is 5f2ea5ee-5e59-4b43-888d-af3d1686d8c8.
niah_multikey_3,25000,The special magic uuid for 6487af4d-91cb-4dae-a74a-72255b00ae93 is: 46c7669f-1327-42c6-97f6-5a8c1ab627e3.
niah_multikey_3,25114,The special magic uuid for 61774e24-c34a-49c4-a520-a7449e5485b4 is: a2fb82ac-d07d-4f25-9ac1-39819e2dcf10
niah_multikey_3,7444,The special magic uuid for 31d7ca7c-17a6-4e51-a3a7-f781a77c909c is: cb339b05-bd38-4791-878a-bc0f25d38ae0.
niah_multikey_3,14740,The special magic uuid for be0af8f5-18f0-46ac-87b8-73eec9fb8785 is: d126bb21-812e-4a89-ad8b-3b534169ed13.
niah_multikey_3,25798,The special magic uuid for 6289487a-4cc6-4094-803b-931f87a79a41 is 7ab615b5-b831-4f6c-b95a-ff913e09c3b1.
niah_multikey_3,3568,The special magic uuid for e5e650c7-db55-4b32-bf43-08894b80dcb6 is: 2125845f-7454-4b79-b16e-748378f25874.
niah_multikey_3,28306,The special magic uuid for e4eb577a-cb0b-4bba-a67f-e40f4088858a is: e2fcbbdb-0c07-4bef-a945-1a5d95de198c.
niah_multikey_3,17818,The special magic uuid for 045a64ea-9ce0-477a-b9c6-9927fe504856 is: a7f1223a-5d96-4de8-842e-fdbb0117b3b9.
niah_multikey_3,2998,The special magic uuid for 42914a52-53e6-41ac-9211-6260dfc0bf10 is: 6aa57f33-d2bf-4099-bfad-d0bc2865c565
niah_multikey_3,262,The special magic uuid for 14dfa6cc-4686-43f6-aa9a-cf173c316398 is: 03300eaf-7132-417a-a7bd-b9d2a126d75d.
niah_multikey_3,26368,The special magic uuid for e84ca0af-5c3d-422b-b72c-ef880cb3f031 is: 598435ea-a858-4351-9365-89448e60d31f.
niah_multikey_3,1630,The special magic uuid for 545a4758-44c1-407f-bc3d-65c2b87e5b4a is: 46a434cc-57a1-4f27-9d98-5d4a0b5e044f.
niah_multikey_3,12346,The special magic uuid for ca1d429d-9ad7-4207-b110-255242ab0124 is: 904ba171-8212-420f-8a49-fe499b0198ce.
niah_multikey_3,28534,The special magic uuid for 36992fc4-5565-4f0e-8f31-9c37f0670e4c is: ee67971e-42c1-4b47-ad33-974e4d180e38.
niah_multikey_3,28078,The special magic uuid for 8274891c-f421-436d-8f92-477a0ec54772 is: 66d0238e-cd8c-4ba9-9afd-f252ff5065a5.
niah_multikey_3,22720,The special magic uuid for c37b9fc1-1357-4b70-9da0-17d36c26e41d is: 0eac0df1-94cd-46a9-a67b-8d514af6bd7f.
niah_multikey_3,946,The special magic uuid for 14618901-b1b3-403b-8c85-5cfe959b5536 is: f0db4987-3c94-42b2-badc-5f0a317dcfa8.
niah_multikey_3,25456,The special magic uuid for 19b0fc99-12b4-47e4-8d79-39f08188d883 is: 7340ba2b-59a8-43fe-9f00-cbc78b9b6c7a
niah_multikey_3,16336,The special magic uuid for 587630c7-8f33-4233-be2c-88bc4abe1238 is: 1a4ca283-a067-47d0-a13b-7a721c66c329.
niah_multikey_3,31384,The special magic uuid for 320f5e32-c42f-47eb-885d-eadcdb895525 is: be91d140-4a74-45e1-9da7-f4f0668b1d14.
niah_multikey_3,25000,The special magic uuid for ba77f532-98b8-4842-b02b-963d771486a9 is: 620d74ea-5ccb-4317-9cef-0290d6437d2a.
niah_multikey_3,7558,The special magic uuid for 345b3e3e-d9b8-4ab4-9a81-b2f3169b97c2 is eacc7c05-f6cc-4177-9a69-237011f33e26.
niah_multikey_3,6076,The special magic uuid for e86177b8-6b8d-49b6-ba02-00f170143c6d is: 19ec771b-0b86-40e2-a855-b49197d2185f.
niah_multikey_3,6988,The special magic uuid for 2b3ab935-e674-4dde-8c64-7d9ccc22ed0d is: a5b7cd61-0873-49ec-9818-a8f8000a4571
niah_multikey_3,262,The special magic uuid for 71e11de0-7df3-4140-88d3-8df4efbb71df is: 58ca40c7-1adb-430c-81eb-16b277bce7d9.
niah_multikey_3,26254,The special magic uuid for 8e3b5cf6-6ab4-42a6-90e9-404d7116bda3 is: 3a5aa913-6ec4-40d1-9e04-37c1298f31df.
niah_multikey_3,24772,The special magic uuid for ca027b10-1ab9-4307-8511-49653e220af5 is: accf09c0-fcb4-4e26-9448-dce630e07eb0.
niah_multikey_3,25912,The special magic uuid for 99465a8f-f86e-4cda-a7f5-8d4ef1c73839 is: d6cc988c-d2c2-4380-80b0-c257271051d8.
niah_multikey_3,22948,The special magic uuid for a529498e-0361-43b7-9995-9bdc4263e5b0 is: dad0ebde-e73d-4e42-87f8-0b39e4a43e31.
niah_multikey_3,28534,The special magic uuid for 56c34183-80c4-4331-be4e-8a4246969ce7 is: 1a7b66dc-30c0-40eb-99d5-fbcb5eba2d32.
niah_multikey_3,4822,The special magic uuid for 1872b00f-4c14-4dc0-8bde-a3b53d863c11 is: 2d313098-d32e-404f-87a6-5cb10ab1063f
niah_multikey_3,24886,The special magic uuid for 91745b7a-0cd6-4d01-bce2-eebe3fdd537e is: eceffaf8-7745-42d6-84a3-2bc5a2c9e188.
niah_multikey_3,6304,The special magic uuid for 88e09562-9acd-4e65-9dff-d351813ae030 is: b188694a-46f8-4d04-a357-f3a5f7087a95
niah_multikey_3,28762,The special magic uuid for 3ed4d43b-0c9c-4c96-924f-3a61d5ef565d is: b03d5e6d-c54f-48d4-bf30-ede05763c3c0
niah_multikey_3,12118,The special magic uuid for acfd8a0c-59c6-4768-b8cf-67d122e79ca1 is: 33289dc1-0188-4ca3-ab25-49eea1f33fbb
niah_multikey_3,15994,The special magic uuid for f93ed368-4681-4559-b3d7-53124209cb98 is: 3cc5b7b4-b250-4129-89be-e57fb0b3954d.
niah_multikey_3,3454,The special magic uuid for d9e4c5b2-6f59-4b94-8dfc-6a33abbcd50f is: 58ed02a8-8682-49c4-acec-2a159c3aca12.
niah_multikey_3,2656,The special magic uuid for c17a9bfe-99f2-471a-904a-95ba0b59d8ce is: dfbb5d6b-00c7-4a79-859a-188202674bd5.
niah_multikey_3,12232,The special magic uuid for eee02a5c-7baa-447f-80d6-672475b28ace is: 6ee1e666-2410-462c-9667-6a0067d9ce2a.
niah_multikey_3,6076,The special magic uuid for 3b482467-4812-4b09-ac59-ef077b15219d is: b90518f5-0c3d-4d51-8a73-9cbdf5e5efe4.
niah_multikey_3,3796,The special magic uuid for da161100-83be-4d95-9ec3-d6ef582ca64c is: ee43f7cc-6127-403f-8d93-541a46063bb4.
niah_multikey_3,1516,The special magic uuid for 30914cc3-0403-46dd-a40b-70f73c43dfa0 is: 2068596c-8632-4c40-86dd-b2d60ca1bb89.
niah_multikey_3,10294,The special magic uuid for 12b414ea-c2df-4df2-b1c4-e99ddf52f707 is: 7af36cdd-502a-4be9-86b8-296da9a9c95d.
niah_multikey_3,6190,The special magic uuid for 6cee33c1-658b-4ba4-8fcb-b63c855fb5c1 is: 4e22d4c2-8a50-4b40-8587-3af0311f3299.
niah_multikey_3,2770,The special magic uuid for 07f6650b-1863-4aa8-b62a-d63b1c2b42f5 is: c077aa28-1746-4a68-bec8-11b8f6d75418.
niah_multikey_3,6076,The special magic uuid for aaa7f074-5e9c-4b3d-951a-de571b603f6f is: 16201209-a2c9-4f61-97c6-972c50296b31.
niah_multikey_3,11776,The special magic uuid for e49b1794-2e96-461d-b3d1-df1587078007 is: f93f55a3-e7b8-4de2-9f21-c672046273e5.
niah_multikey_3,21010,The special magic uuid for 8851929e-33c6-49ae-b652-46863f596dea is: 9ba79367-6e93-44e9-85ac-d61e7de01a1f.
niah_multikey_3,19642,The special magic uuid for 082168ee-de26-4290-8e99-8eba2d515988 is: 8477abce-829f-4d10-bdc2-8d3b97da6fc6.
niah_multikey_3,30814,The special magic uuid for a37027f2-98dc-44ad-9dbc-6b37a4deb78e is: e6ebcdd3-13cc-4986-8f6e-768ff94980e9.
niah_multikey_3,11662,The special magic uuid for cfef3645-5930-494c-88e6-e2dc15dc4523 is: 8666599e-a456-4c28-b0a1-e1f21d288158.
niah_multikey_3,27394,The special magic uuid for 9cc24dd2-d769-4923-a439-b5936c467d69 is: 480e8139-8fd7-4783-86f5-7140a82104fc.
niah_multikey_3,25684,The special magic uuid for 9294bc65-aee7-42b0-baa2-a108e85500cc is: 0e5e98af-ba4e-411a-b507-dac5062855e0.
niah_multikey_3,18046,The special magic uuid for 34701364-1033-45a7-8fb1-cb721eb208d9 is: 6c0d430f-16cb-473c-9422-c2c6f3c025a6
niah_multikey_3,6646,The special magic uuid for 1e3cccf3-0f3b-4c15-a2d8-9140a8a46b76 is: 73331f8e-91ea-482a-b66d-022646b0fe71.
niah_multikey_3,13942,The special magic uuid for bea0ed4a-bad4-447c-988c-1f039f25c978 is: fc1cd985-9f26-433f-bd91-f42d6bd320da.
niah_multikey_3,27736,The special magic uuid for 08df2ceb-6c7a-47d0-a820-5818267c63e6 is: 6e897044-8f89-4f68-bee5-137345606a76.
niah_multikey_3,4366,The special magic uuid for 89f96848-ae65-463e-a911-d098b8edf155 is: 35ba24e1-7cdf-4daf-9e7a-7cad496f9732.
niah_multikey_3,27508,The special magic uuid for ce0c3a12-11cd-421b-84bb-979ab342d154 is: ad052810-55e4-4e8c-87ab-376e654c6d74.
niah_multikey_3,1516,The special magic uuid for 0d597d54-43dc-4888-b0fa-2948650757aa is: 124febf4-802c-444f-b307-cd6e762baf53.
niah_multikey_3,832,The special magic uuid for 474af94f-b14e-471e-84a1-07ec811b2d90 is: b8469570-bff2-4394-957a-f64b9d107d4d.
niah_multikey_3,4594,77e2689d-351d-4de8-b02e-71520ead9a51
niah_multikey_3,8470,The special magic uuid for fe9b780c-a9ed-4ac2-b3bf-9f7f9569c9cd is: 69e439b7-daa5-46b5-aabb-1df1bbdf5093.
niah_multikey_3,9952,The special magic uuid for 9e45b3e0-7ace-43ed-bf07-d0459e13c6b4 is: 3e33e0a5-34f9-4559-a404-de0ad7633806.
niah_multikey_3,23404,The special magic uuid for 9baa2cb1-d193-4a44-ab2a-91461404a5fb is: 8bb9f53f-5757-4678-8433-24e8cfa0edf6.
niah_multikey_3,13600,The special magic uuid for 14eb7ed1-154b-4dc9-a071-51d12fd998aa is: f9193577-277e-4275-bc2f-ac6f14c346d8.
niah_multikey_3,26596,The special magic uuid for c1ed59e9-3de7-4b3d-8e22-effb0f263e5f is: 62888c24-910f-4b5e-a8c1-6a2abf7ef618.
niah_multikey_3,9838,The special magic uuid for 0ba252ce-b005-4721-9491-d7dd55e4de19 is 86cc05b4-2f52-4aeb-8229-23605e41dc48.
niah_multikey_3,31042,The special magic uuid for c16c5b93-0a52-4d36-996b-4b556da20120 is: 8920c811-b8ee-4e5c-945e-a2d4d21969b4.
niah_multikey_3,31612,The special magic uuid for 6940cd6d-df04-40f8-9e56-a430c07f8fd7 is: 26faa467-e184-42ef-9691-0aee01bdcd89.
niah_multikey_3,23062,The special magic uuid for 7c2f74ec-ae8e-4598-ab50-bdfe4e009479 is: 50ec31e6-25e7-4d46-8ab9-cdf0660c7060.
niah_multikey_3,3568,The special magic uuid for 43add027-c2cf-4fb9-ba63-f326abd5e2e4 is: a347e7c2-24e8-4981-b9ac-0b9592d03e3a.
niah_multikey_3,28990,The special magic uuid for 5fead1b8-2329-477d-afdb-e7ad35e65d9b is: 486efd43-cfd8-4baf-b313-fbdb0e31cb13.
niah_multikey_3,21352,The special magic uuid for 4413fe7f-7dd9-484d-b47b-7a8aa765f82d is: 78e658b9-3071-4ce6-ab59-07ba0eedf033.
niah_multikey_3,23404,The special magic uuid for 767f3cef-d7b5-407f-83ac-47f6ede6a311 is: 21324152-3bbc-420a-9bf3-d3f3fc7a7039.
niah_multikey_3,21466,The special magic uuid for d946fe36-a30a-4f3f-a213-0709ce1bb11d is: c60764fb-6fea-40a1-93a2-4c36086c6c1f.
niah_multikey_3,14170,The special magic uuid for 772939fc-c9fd-41eb-83aa-8fe03fa2e684 is: edaea3ef-477c-48a5-b73d-891b1bea4507.
niah_multikey_3,8242,The special magic uuid for ec4ba0d5-259a-4210-8d61-79c411f6cad3 is: 4fc318be-e7b2-40f3-bcc5-5cdb2e3f0d0f
niah_multikey_3,22036,The special magic uuid for cc81b0f8-8fcc-402f-8403-8806202a5f00 is: 94d19d1d-0eb2-48cb-84e5-04b0a0cc0b9c.
niah_multikey_3,13942,The special magic uuid for 5ebd57ae-e0b6-4f53-b814-e2228be59faf is: a91c37fe-7dd6-4750-8c12-8e9afd40ae5c
niah_multikey_3,23746,The special magic uuid for f7b3d040-3d8d-403b-8769-eeb18982d5d9 is: e48d85bd-17d0-4b4d-a885-437fd5d5137e.
niah_multikey_3,3112,The special magic uuid for 9ce30e13-d621-48c9-b95e-97c84668008a is: 0b951109-2f6f-4ef1-ae62-1346f4288aea
niah_multikey_3,20098,The special magic uuid for f9799119-0fa2-4ecd-96f5-821e102989a8 is: 3f945b41-cec6-44e3-990b-36e54fb4ce04
niah_multikey_3,20896,The special magic uuid for ddd0210d-8fb7-40f1-95c8-ed129d108f5d is: ae6edc07-acf1-431f-9314-b605a6317976.
niah_multikey_3,28420,The special magic uuid for 40a9647c-2560-4f3b-9721-538a5eba360a is: b382e183-2fda-4cd6-875a-3c9ea9424a1f
niah_multikey_3,3682,The special magic uuid for 3650b2a5-7ccf-4e24-8a72-1cd2f51e07a0 is: c2f48969-9e6b-461b-80af-31d13a466f0d
niah_multikey_3,21238,The special magic uuid for e97197b5-729e-4521-8684-646df958e179 is: 67f022c8-286e-4f4d-9db6-3daaf661d712.
niah_multivalue,73121,"The special magic numbers for cultured-silly mentioned in the text are:

1. 5446912
2. 3770370
3. 9852897
4. 8973915"
niah_multivalue,63452,"The special magic numbers for wide-spume mentioned in the text are:

1. 7264956
2. 7693979
3. 8350099
4. 6229731"
niah_multivalue,25357,"The special magic numbers for beautiful-conditioner mentioned in the text are:

1. 4860684
2. 1352896
3. 4694634
4. 6672134"
niah_multivalue,48109,"Here are the special magic numbers for worried-purse mentioned in the text:

1. 2010 (July)
2. 40 (years)
3. 8935169 (hiring too fast is a killer of startups)
4. 5076817 (programmers started to feel sheepish about working at Microsoft)
5. 7829332 (the number of users Yahoo Store had at some point)
6. 8930103 (Lisp's power is multiplied by the fact that competitors don't get it)
7. 20-25% (macros in the Viaweb editor code)
8. 10"
niah_multivalue,52426,"The special magic numbers for embarrassed-discussion mentioned in the text are:

1. 3351868
2. 8526486
3. 9997381
4. 8077999"
niah_multivalue,57873,"Here are the special magic numbers for obedient-breeze mentioned in the text:

1. 1247595
2. 1848731
3. 2564689
4. 2642635"
niah_multivalue,68962,"The special magic numbers for nasty-course mentioned in the text are:

1. 4185957
2. 3597059
3. 5977931
4. 9164991"
niah_multivalue,63468,"The special magic numbers for hurried-tensor mentioned in the text are:

1. 8999183
2. 1841248
3. 9436429
4. 1959074"
niah_multivalue,71396,"The special magic numbers for efficient-stamina mentioned in the text are:

1. 40 (mentioned in the context of the world becoming more addictive in the next 40 years than it was in the last 40 years)
2. 4946066 (mentioned as a number that represents the point at which a startup is unable to raise more money and is therefore default dead)
3. 2140194 (mentioned as a number that represents the point at which a handheld device would need to have more control of a development machine than Apple will let you have over an iPhone)
4. 7774229 (mentioned as a number that"
niah_multivalue,36523,"The special magic numbers for swift-bronze mentioned in the text are:

1. 9770838
2. 8033426
3. 6307805
4. 2375453"
niah_multivalue,76408,"The special magic numbers for mammoth-marten mentioned in the text are:

1. 8670955
2. 6033115
3. 6304573
4. 3195773"
niah_multivalue,65620,"The special magic numbers for different-burn mentioned in the provided text are:

1. 9874152
2. 6075395
3. 1131249
4. 8351517"
niah_multivalue,73121,"The special magic numbers for condemned-scam mentioned in the text are:

1. 5569244
2. 3607983
3. 5727085
4. 2795765"
niah_multivalue,63067,"The special magic numbers for dirty-stress mentioned in the text are:

1. 1162230
2. 8175395
3. 8412769
4. 2876932"
niah_multivalue,42658,"The special magic numbers for soggy-laundry mentioned in the text are:

1. 3138181
2. 8210624
3. 1701771
4. 3484601"
niah_multivalue,76399,"The special magic numbers for utter-payoff mentioned in the text are:

1. 6933742
2. 2724590
3. 7817881
4. 5186414"
niah_multivalue,31319,"The special magic numbers for modern-vulture mentioned in the text are:

1. 2010
2. 40
3. 100
4. 6573147
5. 7907400
6. 1415846
7. 4009172
8. 20-25 (percentage of code in the Viaweb editor that was macros)
9. 20 (age at which Mark Zuckerberg started running Google)
10. 9 (years it was the author's job to predict whether people would have what it took to start successful startups)"
niah_multivalue,40235,"The special magic numbers for alleged-terrorist mentioned in the text are:

1. 4348276
2. 4731818
3. 8722606
4. 8896868"
niah_multivalue,65158,"Here are the special magic numbers for marked-stretch mentioned in the text:

1. 2164686
2. 5674183
3. 6507321
4. 5682940"
niah_multivalue,73125,"The special magic numbers for adhesive-catsup mentioned in the text are:

1. 3995870
2. 5453786
3. 5382463
4. 2935113"
niah_multivalue,68721,"The special magic numbers for yellow-carotene mentioned in the provided text are:

1. 9580255
2. 8321474
3. 2940214
4. 6262632"
niah_multivalue,49667,"The special magic numbers for whimsical-prince mentioned in the text are:

1. 9722815
2. 1028374
3. 4305700
4. 8315831"
niah_multivalue,48097,"Here are the special magic numbers for ugly-manor mentioned in the text:

1. 9508103
2. 6038571
3. 6188935
4. 3090865"
niah_multivalue,67436,"The special magic numbers for empty-drop mentioned in the provided text are:

1. 3919694
2. 7361002
3. 6049101
4. 8053918"
niah_multivalue,60880,"The special magic numbers for fabulous-way mentioned in the text are:

1. 8801207
2. 8411939
3. 8212326
4. 6406444"
niah_multivalue,35027,"The special magic numbers for trite-triangle mentioned in the provided text are:

1. 9647849
2. 5761145
3. 6623525
4. 2422633"
niah_multivalue,76399,"The special magic numbers for defeated-dig mentioned in the provided text are:

1. 5107776
2. 1775337
3. 8971465
4. 1409790"
niah_multivalue,61206,"The special magic numbers for dusty-melon mentioned in the text are:

1. 1842524
2. 8793853
3. 5180853
4. 9689889"
niah_multivalue,31732,"The special magic numbers for receptive-shackle mentioned in the text are:

1. 5606980
2. 5013879
3. 9130188
4. 8379837"
niah_multivalue,68990,"The special magic numbers for miniature-chit-chat mentioned in the provided text are:

1. 7975534
2. 8816912
3. 2044645
4. 6551268"
niah_multivalue,44807,"The special magic numbers for political-target mentioned in the text are:

1. 8312114
2. 5579094
3. 9147720
4. 4681284"
niah_multivalue,52394,"The special magic numbers for damaging-stamp mentioned in the provided text are:

1. 1843636
2. 4048907
3. 5364698
4. 8746014"
niah_multivalue,65182,"The special magic numbers for internal-implication mentioned in the text are:

1. 8072684
2. 5668371
3. 5232413
4. 7360682"
niah_multivalue,76423,"The special magic numbers for jumpy-subcomponent mentioned in the provided text are:

1. 1675419
2. 2151225
3. 1520596
4. 4761823"
niah_multivalue,66771,"The special magic numbers for disgusted-mile mentioned in the text are:

1. 1430812
2. 2813596
3. 6233774
4. 6218367"
niah_multivalue,68717,"The special magic numbers for spooky-forever mentioned in the text are:

1. 6059717
2. 2709620
3. 3030966
4. 5074336"
niah_multivalue,57874,"The special magic numbers for ubiquitous-cure mentioned in the text are:

1. 9488613
2. 2156902
3. 6724909
4. 7217147"
niah_multivalue,50784,"The special magic numbers for overrated-zombie mentioned in the text are:

1. 6407373
2. 5502929
3. 5118725
4. 8307727"
niah_multivalue,57865,"The special magic numbers for skillful-stab mentioned in the text are:

1. 1481506
2. 6643798
3. 9293086
4. 7358385"
niah_multivalue,63476,"The special magic numbers for gifted-menopause mentioned in the text are:

1. 5635017
2. 5691890
3. 1170307
4. 6709938"
niah_multivalue,32587,"The special magic numbers for poor-evaluator mentioned in the text are:

1. 9234615
2. 8987516
3. 8519121
4. 5031966"
niah_multivalue,67455,"The special magic numbers for vivacious-plane mentioned in the text are:

1. 7191135
2. 6137284
3. 8939993
4. 5081983"
niah_multivalue,36523,"The special magic numbers for kind-cheddar mentioned in the text are:

1. 6144280
2. 5545223
3. 5217853
4. 8612582"
niah_multivalue,73117,"The special magic numbers for romantic-sill mentioned in the provided text are:

1. 4630331
2. 4213524
3. 9123504
4. 4106298"
niah_multivalue,66764,"The special magic numbers for grouchy-ease mentioned in the text are:

1. 5901239
2. 1914794
3. 3118618
4. 1763626"
niah_multivalue,56106,"The special magic numbers for panoramic-nexus mentioned in the text are:

1. 6716097
2. 8389840
3. 4093109
4. 9031491"
niah_multivalue,68974,"The special magic numbers for cooperative-lie mentioned in the provided text are:

1. 9767312
2. 4786401
3. 7381684
4. 7982241"
niah_multivalue,28725,"The special magic numbers for sincere-familiar mentioned in the text are:

1. 2010496
2. 2664863
3. 4540415
4. 4486102"
niah_multivalue,68970,"The special magic numbers for flawless-entry mentioned in the text are:

1. 8617381
2. 5743227
3. 2194198
4. 5833597"
niah_multivalue,35027,"The special magic numbers for concerned-wake mentioned in the text are:

1. 5456573
2. 3499627
3. 3386328
4. 4771676"
niah_multivalue,65170,"Here are the special magic numbers for numberless-common mentioned in the text:

1. 6101803
2. 8863447
3. 7752972
4. 3086308"
niah_multivalue,68713,"The special magic numbers for brash-landing mentioned in the text are:

1. 6407658
2. 8248238
3. 5200476
4. 1668752"
niah_multivalue,46671,"Here are the special magic numbers for teeny-tiny-deputy mentioned in the text:

1. 8885465
2. 2530793
3. 6837817
4. 9249789"
niah_multivalue,67467,"The special magic numbers for impossible-trustee mentioned in the text are:

1. 5835492
2. 100
3. 40
4. 8 or 9
5. 5
6. 4
7. 20
8. 1995
9. 1990
10. 1980
11. 1960
12. 1970
13. 1960
14. 1980
15. 1995
16. 1990
17. 1980
18. 1970
19. 1960
20"
niah_multivalue,65167,"The special magic numbers for gamy-composition mentioned in the text are:

1. 7780932
2. 2944841
3. 9633492
4. 6423634"
niah_multivalue,67439,"The special magic numbers for elegant-ale mentioned in the text are:

1. 9363326
2. 7069650
3. 8416216
4. 9697969"
niah_multivalue,73121,"The special magic numbers for hard-digestion mentioned in the provided text are:

1. 3037191
2. 9132114
3. 1484348
4. 8350368"
niah_multivalue,65632,"The special magic numbers for quiet-health-care mentioned in the text are:

1. 9094999
2. 7970771
3. 8922533
4. 5587308"
niah_multivalue,60896,"The special magic numbers for embarrassed-sail mentioned in the text are:

1. 2171218
2. 3290229
3. 5634662
4. 9526867"
niah_multivalue,65142,"The special magic numbers for half-spume mentioned in the text are:

1. 3493017
2. 9214801
3. 8491822
4. 6008935"
niah_multivalue,48117,"The special magic numbers for open-counseling mentioned in the text are:

1. 5006492
2. 4165061
3. 6398528
4. 7425184"
niah_multivalue,71404,"The special magic numbers for wealthy-dysfunction mentioned in the text are:

1. 3551903
2. 7477326
3. 9310235
4. 7395997"
niah_multivalue,63075,"The special magic numbers for good-signature mentioned in the provided text are:

1. 2347467
2. 7668663
3. 6512415
4. 6680114"
niah_multivalue,52446,"The special magic numbers for swanky-reference mentioned in the text are:

1. 5821419
2. 4938791
3. 4816586
4. 2147909"
niah_multivalue,42674,"The special magic numbers for voracious-guilder mentioned in the text are:

1. 1771600
2. 1485654
3. 6442103
4. 6024207"
niah_multivalue,76387,"The special magic numbers for deep-auto mentioned in the provided text are:

1. 7913081
2. 9911492
3. 4020853
4. 5096953"
niah_multivalue,54106,"The special magic numbers for swift-linen mentioned in the text are:

1. 3401116
2. 9349470
3. 4895475
4. 5040453"
niah_multivalue,54113,"The special magic numbers for blue-footstep mentioned in the provided text are:

1. 6018975
2. 6797629
3. 8118722
4. 8410995"
niah_multivalue,68729,"The special magic numbers for plastic-pollution mentioned in the text are:

1. 7398231
2. 4979651
3. 7022335
4. 2789344"
niah_multivalue,73113,"The special magic numbers for abnormal-aim mentioned in the text are:

1. 5801541
2. 9333700
3. 4860745
4. 1822825"
niah_multivalue,71384,"The special magic numbers for uppity-excerpt mentioned in the provided text are:

1. 1661401
2. 2630140
3. 6183033
4. 3294774"
niah_multivalue,65142,"Here are the special magic numbers for cagey-jute mentioned in the text:

1. 7970985
2. 6481437
3. 3946751
4. 5951131"
niah_multivalue,54149,"The special magic numbers for disillusioned-longboat mentioned in the text are:

1. 5951651
2. 9084065
3. 5311242
4. 6682698"
niah_multivalue,65159,"The special magic numbers for unusual-mantle mentioned in the text are:

1. 2515030
2. 7136687
3. 7619862
4. 7667458"
niah_multivalue,76403,"The special magic numbers for level-therapy mentioned in the text are:

1. 7232293
2. 7392547
3. 2817745
4. 5398338"
niah_multivalue,48117,"The special magic numbers for stupid-occasion mentioned in the text are:

1. 8789116
2. 100
3. 40
4. 2060605
5. 4713925
6. 3
7. 4
8. 9
9. 20
10. 25
11. 5
12. 6
13. 8
14. 1995
15. 1996
16. 1997
17. 2001
18. 2003
19. 2009
20. 2010
21"
niah_multivalue,65178,"The special magic numbers for homeless-instructor mentioned in the provided text are:

1. 2630611
2. 2948178
3. 4939290
4. 9264869"
niah_multivalue,76435,"The special magic numbers for understood-everything mentioned in the provided text are:

1. 7960607
2. 3592464
3. 2661307
4. 8031780"
niah_multivalue,65182,"The special magic numbers for victorious-sideburns mentioned in the text are:

1. 8438733
2. 4645180
3. 8460758
4. 7216461"
niah_multivalue,68978,"The special magic numbers for aromatic-midwife mentioned in the provided text are:

1. 3112652
2. 5086407
3. 4442778
4. 6595355"
niah_multivalue,65190,"The special magic numbers for flipped-out-confidence mentioned in the text are:

1. 2010
2. 40
3. 100
4. 8 or 9
5. 5
6. 3475548
7. 5651899
8. 6512314
9. 1047572"
niah_multivalue,71388,"The special magic numbers for coherent-walnut mentioned in the text are:

1. 1249314
2. 3211291
3. 7010308
4. 1432519"
niah_multivalue,56090,"The special magic numbers for goofy-curio mentioned in the text are:

1. 8062546
2. 3126655
3. 9826250
4. 1879109"
niah_multivalue,76399,"The special magic numbers for ragged-snuck mentioned in the provided text are:

1. 9453010
2. 8583392
3. 4716988
4. 2829622"
niah_multivalue,57893,"The special magic numbers for therapeutic-resource mentioned in the text are:

1. 9035982
2. 2020480
3. 1522621
4. 7738019"
niah_multivalue,76391,"The special magic numbers for brash-trip mentioned in the provided text are:

1. 2101965
2. 3488628
3. 3117143
4. 6404139"
niah_multivalue,52382,"Here are the special magic numbers for new-vehicle mentioned in the text:

1. 7942639
2. 4833486
3. 6686328
4. 8575834"
niah_multivalue,56106,"The special magic numbers for needless-stucco mentioned in the text are:

1. 7279729
2. 5276341
3. 3560856
4. 6243275"
niah_multivalue,49691,"Here are the special magic numbers for little-transplantation mentioned in the text:

1. 6530541
2. 2006313
3. 3050700
4. 3182975"
niah_multivalue,73615,"The special magic numbers for juvenile-author mentioned in the provided text are:

1. 5673599
2. 2927455
3. 4794319
4. 7166651"
niah_multivalue,40236,"The special magic numbers for adjoining-skyline mentioned in the text are:

1. 6183902
2. 5584716
3. 6701311
4. 4026879"
niah_multivalue,54105,"The special magic numbers for bitter-bass mentioned in the text are:

1. 2539438
2. 1514340
3. 9900022
4. 3380261"
niah_multivalue,76415,"The special magic numbers for didactic-promise mentioned in the text are:

1. 6442241
2. 6228407
3. 2425342
4. 7208460"
niah_multivalue,73133,"The special magic numbers for uninterested-pair mentioned in the provided text are:

1. 8434202
2. 5565128
3. 8113787
4. 2368710"
niah_multivalue,71400,"The special magic numbers for fanatical-particle mentioned in the text are:

1. 6791039
2. 2909540
3. 8212753
4. 9595744"
niah_multivalue,35035,"Here are the special magic numbers for animated-codling mentioned in the text:

1. 1128967
2. 1919088
3. 4699685
4. 7631419"
niah_multivalue,65190,"The special magic numbers for important-stepdaughter mentioned in the text are:

1. 9344741
2. 1129686
3. 8225192
4. 3013003"
niah_multivalue,54121,"The special magic numbers for pumped-savannah mentioned in the text are:

1. 7661748
2. 2209226
3. 1709714
4. 6941939"
niah_multivalue,45909,"The special magic numbers for smelly-cheese mentioned in the text are:

1. 8007741
2. 7785090
3. 8202195"
niah_multivalue,71376,"Here are the special magic numbers for sweet-mentor mentioned in the text:

1. 2478574
2. 7070880
3. 8326807
4. 8719145"
niah_multiquery,58444,"The special magic numbers mentioned in the text are:

* 9910817 (available-pumpkinseed)
* 1841248 (available-pumpkinseed)
* 8999183 (somber-minister)
* 1954280 (didactic-recess)"
niah_multiquery,58436,"The special magic numbers mentioned in the text are:

* 6304573 (orange-mangle)
* 4576135 (blue-eyed-drummer)
* 1156287 (bloody-reciprocity)
* 2677407 (ordinary-stem)"
niah_multiquery,28720,"Here are the special magic numbers mentioned in the text:

* 8351517 (different-burn)
* 6022741 (ablaze-poll)
* 6075395 (ruthless-thirst)
* 9874152 (subsequent-motorcar)"
niah_multiquery,5993,"The special magic numbers mentioned in the text are:

* 5428914 (evil-soundness)
* 6752576 (witty-offset)
* 9196204 (quarrelsome-casualty)
* 4533779 (habitual-law)"
niah_multiquery,65118,"The special magic numbers mentioned in the text are:

* 5394880 (curved-skating)
* 8175395 (scintillating-frog)
* 8412769 (dirty-stress)
* 1162230 (sharp-season)"
niah_multiquery,39916,"The special magic numbers mentioned in the text are:

* 7117837 (for hot-dramaturge)
* 1701771 (for cuddly-party)
* 7003042 (for aloof-filter)
* 5186414 (for fabulous-square)"
niah_multiquery,11912,"Here are the special magic numbers mentioned in the text:

* For early-steeple: 6573147
* For modern-vulture: 1415846
* For graceful-admission: 3670896
* For modern-dedication: 5163555"
niah_multiquery,70687,"The special magic numbers mentioned in the text are:

* 5382463 (condemned-pizza)
* 2818692 (alleged-evidence)
* 5453786 (eager-summit)
* 8290770 (squealing-tenement)"
niah_multiquery,76252,"The special magic numbers mentioned in the text are:

* 8315831 (ancient-thermostat)
* 9722815 (abaft-body)
* 8235969 (lazy-lay)
* 4305700 (round-activation)"
niah_multiquery,9791,"Here are the special magic numbers mentioned in the text:

* Overt-celebration: 8411939
* Nutty-throne: 4585314
* New-rear: 6406444
* Hapless-syrup: 4526280"
niah_multiquery,56035,"The special magic numbers mentioned in the text are:

* 5107776 (annoyed-cigarette)
* 1409790 (defeated-dig)
* 6207974 (fluffy-legume)
* 4340845 (few-storage)"
niah_multiquery,63340,"The special magic numbers mentioned in the text are:

* 1093026 (tranquil-investment)
* 3475836 (fresh-secretariat)
* 8132769 (clever-spit)
* 7705062 (productive-kitsch)"
niah_multiquery,7056,"The special magic numbers mentioned in the text are:

* 5013879 (tan-creche)
* 9130188 (receptive-shackle)
* 5652512 (tender-rainmaker)
* 8379837 (grouchy-peninsula)"
niah_multiquery,53926,"The special magic numbers mentioned in the text are:

* 7960328 (beautiful-hydrocarb)
* 4879923 (delightful-military)
* 4589533 (weary-sailing)"
niah_multiquery,47951,"The special magic numbers mentioned in the text are:

* 1098919 (for permissible-waterwheel)
* 7381734 (for smelly-barrage)
* 6009888 (for kind-blind)
* 1327691 (for maddening-rescue)"
niah_multiquery,76269,"The special magic numbers mentioned in the text are:

* 9147720 (nostalgic-billing)
* 7523941 (adjoining-theology)
* 3768991 (worthless-reject)
* 7783308 (inquisitive-roller)"
niah_multiquery,38247,"Here are the special magic numbers mentioned in the text:

* For glamorous-selling: 7360307
* For damaging-stamp: 8746014
* For easy-scrip: 1843636
* For therapeutic-advocacy: 8190929"
niah_multiquery,18604,"The special magic numbers mentioned in the text for uncovered-astrologer, overt-consent, cruel-calcification, and short-mob are:

* 2919136 (uncovered-astrologer)
* 5299055 (overt-consent)
* 8945036 (cruel-calcification)
* 4656838 (short-mob)"
niah_multiquery,3618,"The special magic numbers mentioned in the text are:

* 5074336 (for boiling-zoologist)
* 4327421 (for maniacal-outfit)
* 6059717 (for chunky-arm)
* 7296605 (for humorous-strait)"
niah_multiquery,49441,"The special magic numbers mentioned in the text are:

* 2770648 (powerful-explosion)
* 9488613 (billowy-eaglet)
* 6724909 (threatening-unemployment)
* 8047416 (abrasive-perception)"
niah_multiquery,53932,"The special magic numbers mentioned in the text are:

* 5118725 (illegal-physical)
* 5679639 (broken-conclusion)
* 5502929 (youthful-contention)
* 8307727 (overrated-zombie)"
niah_multiquery,31192,"The special magic numbers mentioned in the text are:

1. 4558780 (political-asset)
2. 4050766 (imminent-activity)
3. 5691890 (itchy-volleyball)
4. 5334434 (knowing-symptom)"
niah_multiquery,25169,"The special magic numbers mentioned in the text for the following individuals are:

* vigorous-correspondent: 8987516
* obsolete-fifth: 1289293
* thoughtful-tomato: 9234615
* poor-evaluator: 5031966"
niah_multiquery,70686,"The special magic numbers mentioned in the text are:

* 9990305 (courageous-swallow)
* 5638893 (plausible-thief)
* 4106298 (victorious-pie)
* 4630331 (eminent-toque)"
niah_multiquery,6061,"Here are the special magic numbers mentioned in the text:

* Historical-supply: 1237370
* Wet-resolution: 9961299
* Cruel-mixture: 5602180
* Large-fulfillment: 4010529"
niah_multiquery,28658,"The special magic numbers mentioned in the text are:

* 1861958 (for efficacious-apricot)
* 9031491 (for panoramic-nexus)
* 5770422 (for abrasive-clogs)"
niah_multiquery,73005,"The special magic numbers mentioned in the text are:

* 7982241 (cooperative-lie)
* 6097514 (shocking-clothing)
* 5163953 (bright-forage)
* 3503120 (demonic-pleat)"
niah_multiquery,7060,"Here are the special magic numbers mentioned in the text for each of the categories:

* Healthy-device: 1547605
* Flawless-entry: 5833597
* Abandoned-enigma: 7853787
* Odd-criticism: 8883823"
niah_multiquery,50711,"The special magic numbers mentioned in the text are:

* 9284509 (for royal-textual)
* 9396529 (for grieving-reporter)
* 7752972 (for warlike-lack)
* 6101803 (for verdant-soap)"
niah_multiquery,20650,"Here are the special magic numbers mentioned in the text for each of the requested roles:

* Unequaled-manufacturer: 5521644
* Adamant-wrecker: 2532210
* Flaky-child: 1348050
* Smelly-role: 1674975"
niah_multiquery,19320,"Here are the special magic numbers mentioned in the text for each of the categories:

* Inexpensive-disco:

+ 6386463
* Uncovered-tactics:

+ 2754894
* Juicy-godparent:

+ 7850944
* Callous-story:

+ 8885465"
niah_multiquery,65123,"The special magic numbers mentioned in the text are:

* 2477398 (on-erous-mode)
* 9633492 (melted-trail)
* 2944841 (illustrious-stockings)
* 5234550 (hushed-aluminum)"
niah_multiquery,13513,"The special magic numbers mentioned in the text are:

* 3198037 (graceful-evidence)
* 4415140 (arrogant-sponge)
* 8350368 (hard-digestion)
* 8416216 (tall-mine)"
niah_multiquery,13445,"The special magic numbers mentioned in the text are:

* 4769851 (for capricious-dust)
* 7844947 (for scrawny-beet)
* 8741810 (for comfortable-feed)
* 1229419 (for scientific-eye)"
niah_multiquery,7221,"The special magic numbers mentioned in the text are:

* 4197911 (ludicrous-incentive)
* 9526867 (standing-fratricide)
* 3426689 (scientific-stool)
* 8663605 (fresh-interaction)"
niah_multiquery,65050,"Here are the special magic numbers mentioned in the text for each of the specified categories:

* Round-classroom: 9125900
* Sour-whip: 9214801
* Defective-shine: 8491822
* Half-spume: 6008935"
niah_multiquery,57845,"The special magic numbers mentioned in the text are:

* 6338112 (amused-woman)
* 5006492 (wakeful-reduction)
* 7425184 (slimy-desert)
* 7891662 (flipped-out-teen)"
niah_multiquery,38252,"The special magic numbers mentioned in the text are:

* 8665981 (for reminiscent-mask)
* 3589751 (for misty-boutique)
* 3418526 (for absorbed-windage)
* 2672884 (for numerous-opera)"
niah_multiquery,5927,"The special magic numbers mentioned in the text are:

* 6024207 (voracious-guilder)
* 3791137 (obedient-secretion)
* 1771600 (adjoining-signal)
* 2686231 (cheerful-sadness)"
niah_multiquery,57715,"The special magic numbers mentioned in the text are:

* 4020853 (shy-wrench)
* 7418028 (boundless-police)
* 3937176 (doubtful-derivation)
* 7913081 (righteous-yin)"
niah_multiquery,38554,"The special magic numbers mentioned in the text are:

* 7398231 (foolish-graph)
* 7454081 (erect-ham)
* 2789344 (plastic-pollution)
* 6068760 (orange-bachelor)"
niah_multiquery,15295,"The special magic numbers mentioned in the text are:

* 5951131 (cagey-jute)
* 7970985 (imperfect-burro)
* 3204724 (yummy-step-aunt)
* 7121355 (sneaky-sunlight)"
niah_multiquery,67363,"Here are the special magic numbers mentioned in the text:

* For giant-stair: 9084065
* For helpful-backyard: 6682698
* For boiling-catacomb: 3361510
* For condemned-impress: 8857296"
niah_multiquery,15429,"The special magic numbers mentioned in the text are:

* 7850067 (tightfisted-archer)
* 8789116 (teeny-tree)
* 2060605 (thundering-begonia)
* 6069909 (wary-chocolate)"
niah_multiquery,57781,"The special magic numbers mentioned in the text are:

* 3592464 (sparkling-jade)
* 8031780 (likeable-thesis)
* 8610879 (macho-quicksand)
* 3276065 (rotten-target)"
niah_multiquery,5994,"The special magic numbers mentioned in the text are:

* 2666893 (for laughable-oasis)
* 4961312 (for obnoxious-arm-rest)
* 7162857 (for vast-builder)
* 8438733 (for fantastic-reporter)"
niah_multiquery,20431,"The special magic numbers mentioned in the text are:

* 3475548 (for imported-gorilla)
* 1047572 (for squealing-clarinet)
* 5205279 (for curly-seminar)
* 3427461 (for grumpy-virginal)"
niah_multiquery,56106,"The special magic numbers mentioned in the text are:

* 3923366 (absorbing-lizard)
* 1879109 (goofy-curio)
* 2906718 (reminiscent-quantity)
* 8062546 (cruel-senator)"
niah_multiquery,49431,"The special magic numbers mentioned in the text are:

* 9035982 (bad-cutover)
* 9748499 (wry-locket)
* 1522621 (therapeutic-resource)
* 8684678 (historical-birdhouse)"
niah_multiquery,11663,"The special magic numbers mentioned in the text are:

* 8608449 (irate-crew)
* 7942639 (flagrant-overhead)
* 7979148 (massive-communion)
* 8575834 (new-vehicle)"
niah_multiquery,11664,"Here are the special magic numbers mentioned in the text for each of the mentioned concepts:

* Smoggy-sole: 9512969
* Happy-salt: 6242022
* Kaput-variation: 2738129
* Faithful-casement: 3595941"
niah_multiquery,20710,"The special magic numbers mentioned in the text are:

* 4026879 (adjoining-skyline)
* 5487028 (strong-digger)
* 6183902 (grotesque-acorn)
* 1440466 (nervous-salesman)"
niah_multiquery,19319,"Here are the special magic numbers mentioned in the text for each of the mentioned entities:

* Fanatical-bootie: 7311494
* Mysterious-dugout: 8610913
* Deadpan-jump: 1514340
* Calm-lab: 9900022"
niah_multiquery,70692,"The special magic numbers mentioned in the text are:

* 9164342 (uppity-tachometer)
* 5752087 (colorful-chopsticks)
* 6174418 (repulsive-ruler)
* 8212753 (jobless-unibody)"
niah_multiquery,20712,"The special magic numbers mentioned in the text are:

* 5856117 (gentle-atom)
* 3013003 (important-stepdaughter)
* 9344741 (ablaze-milepost)
* 3302417 (faint-dock)"
niah_multiquery,68970,"The special magic numbers mentioned in the text are:

* 8719145 (draconian-nectar)
* 7070880 (versed-wealth)
* 8326807 (burly-action)
* 5082173 (clear-underwire)"
niah_multiquery,66715,"The special magic numbers mentioned in the text are:

* 8531380 (overjoyed-strip)
* 3564729 (drunk-notice)
* 2264218 (towering-shear)
* 9289908 (dysfunctional-brushing)"
niah_multiquery,3612,"Here are the special magic numbers mentioned in the text:

* For kind-eraser: 9511700
* For grouchy-reserve: 1942411
* For tasteless-vibration: 6080483
* For blue-sale: 6207779"
niah_multiquery,18537,"Here are the special magic numbers mentioned in the text for each of the given categories:

* Alluring-hare: 5156449
* Quaint-beancurd: 3895058
* Wet-description: 8344365
* Jealous-shelter: 2414808"
niah_multiquery,11845,"Here are the special magic numbers mentioned in the text for each of the given terms:

* Tasteless-feed: 6614484
* Berserk-lout: 6531293
* Minor-oat: 6676858
* Upset-razor: 1878547"
niah_multiquery,38191,"The special magic numbers mentioned in the text for jumpy-priest, tranquil-interconnection, brave-site, and curious-laptop are:

* 6204824 (jumpy-priest)
* 7575963 (tranquil-interconnection)
* 3372774 (brave-site)
* 2421349 (curious-laptop)"
niah_multiquery,22028,"The special magic numbers mentioned in the text are:

* 7083379 (abundant-meal)
* 6733317 (fallacious-tulip)
* 4024309 (huge-anywhere)
* 7070468 (quickest-vacation)"
niah_multiquery,33917,"The special magic numbers mentioned in the text are:

* 5780297 (obesiant-herring)
* 4985095 (unusual-necktie)
* 4925917 (obtainable-doll)
* 7111929 (moaning-competence)"
niah_multiquery,56100,"The special magic numbers mentioned in the text are:

* 7406756 (habitual-lock)
* 3718884 (mushy-spool)
* 9849306 (puzzled-armoire)
* 3321942 (erratic-account)"
niah_multiquery,3523,"The special magic numbers mentioned in the text are:

* 1472908 (few-redhead)
* 7289990 (brave-twilight)
* 2662338 (icy-collagen)
* 7478792 (fluttering-parallelogram)"
niah_multiquery,13441,"The special magic numbers mentioned in the text are:

* 4618086 (gentle-meat)
* 1088100 (obsolete-supervision)
* 9854536 (defiant-underestimate)
* 1318832 (boundless-yacht)"
niah_multiquery,63017,"The special magic numbers mentioned in the text are:

* 9825812 (bewildered-quartz)
* 7988844 (skinny-steeple)
* 7049927 (redundant-kumquat)
* 2436363 (elderly-premium)"
niah_multiquery,3621,"The special magic numbers mentioned in the text are:

* 6784825 (for bewildered-mineshaft)
* 2739191 (for frail-definition)
* 6991041 (for abstracted-blouse)
* 5255545 (for lively-relationship)"
niah_multiquery,5926,"The special magic numbers mentioned in the text are:

* 1614394 (gaping-exception)
* 8942330 (marked-migrant)
* 4206183 (threatening-champion)
* 9646701 (hulking-macrame)"
niah_multiquery,42565,"The special magic numbers mentioned in the text are:

* 9347057 (voiceless-agency)
* 6688090 (lyrical-dance)
* 8377556 (materialistic-seeker)"
niah_multiquery,41309,"The special magic numbers mentioned in the text are:

* 6914963 (wrong-wrapper)
* 8297090 (sulky-leek)
* 1962308 (grouchy-nightlight)
* 1710601 (observant-attention)"
niah_multiquery,68543,"The special magic numbers mentioned in the text are:

* 7145971 (for thirsty-yurt)
* 7423230 (for late-underwriting)
* 3117788 (for alcoholic-army)"
niah_multiquery,20780,"The special magic numbers mentioned in the text are:

* 5675638 (tightfisted-hostel)
* 3310140 (bored-boundary)
* 7156398 (rhetorical-talk)"
niah_multiquery,20309,"The special magic numbers mentioned in the text are:

* 6828829 (unbecoming-assassination)
* 6361793 (utter-investment)
* 2089496 (whispering-paddock)
* 5871470 (scattered-dueling)"
niah_multiquery,34843,"The special magic numbers mentioned in the text are:

* 3177199 (painstaking-care)
* 7189302 (secretive-dirt)
* 7054838 (adaptable-liar)
* 9288312 (foamy-smuggling)"
niah_multiquery,9792,"Here are the special magic numbers mentioned in the text for each of the given names:

* disillusioned-pint: 3717354
* creepy-monk: 9692311
* deranged-dioxide: 6102363
* illustrious-bore: 4782763"
niah_multiquery,2224,"The special magic numbers mentioned in the text for the following are:

- tired-gastropod: 4536777
- slimy-plunger: 7989166
- testy-hall: 5440189
- brave-insect: 1762722"
niah_multiquery,23233,"The special magic numbers mentioned in the text are:

* 2005173 (blue-dictionary)
* 8609207 (hesitant-temporary)
* 7813102 (fretful-taro)
* 8375356 (different-lycra)"
niah_multiquery,18537,"Here are the special magic numbers mentioned in the text:

* Harsh-vitamin: 7444964
* Funny-percentage: 3363534
* Super-chin: 8015136
* Changeable-rethinking: 1849015"
niah_multiquery,5992,"The special magic numbers mentioned in the text are:

* 1137194 (handsomely-hugger)
* 5437118 (daily-pint)
* 8229768 (cloistered-vol)
* 8895137 (profuse-career)"
niah_multiquery,38116,"Here are the special magic numbers mentioned in the text for each of the categories:

* Tacit-tackle: 2993318
* Lying-supervisor: 9460003
* Curious-centre: 2622046
* Odd-archives: 5692934"
niah_multiquery,53860,"The special magic numbers mentioned in the text are:

* 6587495 (dangerous-laptop)
* 1652868 (animated-appeal)
* 9712957 (peaceful-wasp)
* 1675365 (pumped-mark)"
niah_multiquery,2310,"The special magic numbers mentioned in the text are:

* 9551583 (for quick-kumquat)
* 6643410 (for spurious-gaffer)
* 9218263 (for ripe-icon)
* 6020319 (for majestic-arrangement)"
niah_multiquery,58379,"The special magic numbers mentioned in the text are:

* 3540594 (mushy-witch-hunt)
* 6262886 (nutritious-liquidity)
* 1317716 (embarrassed-whiskey)
* 2843740 (slippery-corn)"
niah_multiquery,35445,"The special magic numbers mentioned in the text are:

* 5993143 (for fierce-cast)
* 5135904 (for empty-skeleton)
* 6007984 (for gullible-boy)
* 9123194 (for stupid-notepad)"
niah_multiquery,24836,"The special magic numbers mentioned in the text are:

* 1851702 (frantic-tender)
* 2832517 (dangerous-shackle)
* 5014486 (super-luck)
* 5557052 (shivering-chin)"
niah_multiquery,70690,"The special magic numbers mentioned in the text are:

* 3949245 (murky-switchboard)
* 1628578 (harsh-archeology)
* 7660463 (alert-variable)
* 4125790 (profuse-reminder)"
niah_multiquery,11732,"Here are the special magic numbers mentioned in the text:

* For silly-drinking: 4240708
* For instinctive-watchmaker: 5949685
* For neighborly-alphabet: 9644974
* For dusty-baseline: 7802999"
niah_multiquery,260,"The special magic numbers mentioned in the text are:

* 8494978 (fluttering-equivalent)
* 40 (years, mentioned in the context of the world becoming more addictive)
* 100 (years, mentioned as the time it took for society to develop antibodies to addictive new things)
* 8 or 9 (months, mentioned as the time when founders should start asking themselves if they're default alive or default dead)
* 5 (x% revenue growth, mentioned as a threshold for investors to be interested in a startup)
* 4 (months, mentioned as the time Airbnb waited before hiring their first employee)"
niah_multiquery,32336,"Here are the special magic numbers mentioned in the text for each of the given categories:

* Overt-peace: 6147356
* Barbarous-sprout: 2983483
* Diligent-meeting: 7801762
* Vast-nothing: 9430894"
niah_multiquery,63265,"The special magic numbers mentioned in the text are:

* 4664338 (rotten-step-son)
* 8899184 (muddy-focus)
* 7268384 (stingy-cuticle)
* 8633275 (deranged-invoice)"
niah_multiquery,52334,"The special magic numbers mentioned in the text are:

* 6504900 (disillusioned-limit)
* 2882551 (short-smile)
* 3514105 (evasive-aspic)
* 9480665 (barbarous-glove)"
niah_multiquery,45907,"The special magic numbers mentioned in the text are:

* 3213658 (old-starboard)
* 8757420 (shaky-clothing)
* 7969667 (ragged-spec)
* 1968662 (orange-adult)"
niah_multiquery,20707,"The special magic numbers mentioned in the text are:

* 2069713 (jobless-chairman)
* 2010921 (rural-forest)
* 8920040 (billowy-fritter)
* 8108462 (animated-alb)"
niah_multiquery,30476,"The special magic numbers mentioned in the text are:

* 8115687 (overconfident-pregnancy)
* 7363203 (rightful-usher)
* 6005700 (acoustic-cafe)
* 5152562 (flashy-bassinet)"
niah_multiquery,24711,"The special magic numbers mentioned in the text are:

* 3351084 (auspicious-slipper)
* 4645172 (royal-packaging)
* 5853035 (quack-dirt)
* 4931560 (null-vegetable)"
niah_multiquery,6000,"The special magic numbers mentioned in the text are:

* 5616316 (hilarious-preparation)
* 7938388 (bad-graph)
* 9745141 (truculent-operator)"
niah_multiquery,41312,"Here are the special magic numbers mentioned in the text:

* 7516590 (daily-strategy)
* 6540893 (evil-left)
* 5278117 (freezing-god)
* 9891787 (selfish-embryo)"
niah_multiquery,33854,"The special magic numbers mentioned in the text are:

* 6395804 (for scintillating-style)
* 5015307 (for maniacal-nestmate)
* 7386444 (for hallowed-bulldozer)
* 4431161 (for freezing-balloon)"
niah_multiquery,18537,"The special magic numbers mentioned in the text are:

* 5122665 (for lovely-soccer)
* 6663388 (for puffy-mukluk)
* 4859072 (for incandescent-actress)
* 4291551 (for depressed-lion)"
vt,0,"To find the variables that are assigned the value 77221, we need to track the chain of variable assignments.

VAR AJTWY = 772"
vt,1,"To find the variables that are assigned the value 10769, we need to track the chain of variable assignments.

VAR QTYFA = 107"
vt,2,"To find the variables that are assigned the value 72955, we need to track the chain of variable assignments.

VAR JXLDE = 729"
vt,3,"To find the variables that are assigned the value 77969, we need to track the chain of variable assignments.

VAR HPMNL = 779"
vt,4,"To find the variables that are assigned the value 93104, we need to track the chain of variable assignments.

VAR VKBQB = 931"
vt,5,"To find the variables that are assigned the value 95305, we need to track the chain of variable assignments.

VAR YLOQX ="
vt,6,"To find the variables that are assigned the value 81932, we need to track the chain of variable assignments.

VAR SHYVO = 819"
vt,7,"To find the variables that are assigned the value 94478, we need to track the chain of variable assignments.

VAR MLDEP = 944"
vt,8,"To find the variables that are assigned the value 12747, we need to track the chain of variable assignments.

VAR VCXAD = 127"
vt,9,"To find the variables that are assigned the value 75725, we need to track the chain of variable assignments.

The value 75725 is assigned"
vt,10,"To find the variables that are assigned the value 45773, we need to track the chain of variable assignments.

The value 45773 is assigned"
vt,11,"To find the variables that are assigned the value 66886, we need to track the chain of variable assignments.

VAR CGAWO = 668"
vt,12,"To find the variables that are assigned the value 41551, we need to track the chain of variable assignments.

VAR WLRQP = 415"
vt,13,"To find the variables that are assigned the value 79092, we need to track the chain of variable assignments.

The value 79092 is assigned"
vt,14,"To find the variables that are assigned the value 51606, we need to track the chain of variable assignments.

The value 51606 is assigned"
vt,15,"To find the variables that are assigned the value 97313, we need to track the chain of variable assignments.

VAR FKIJS = 973"
vt,16,"To find the variables that are assigned the value 18792, we need to track the chain of variable assignments.

The value 18792 is assigned"
vt,17,"To find the variables that are assigned the value 53001, we need to track the chain of variable assignments.

VAR TLYOQ ="
vt,18,"To find the variables that are assigned the value 33483, we need to track the chain of variable assignments.

The value 33483 is assigned"
vt,19,"To find the variables that are assigned the value 27159, we need to track the chain of variable assignments.

The value 27159 is assigned"
vt,20,"To find the variables that are assigned the value 45920, we need to track the chain of variable assignments.

VAR QOSHA = 459"
vt,21,"To find the variables that are assigned the value 79479, we need to track the chain of variable assignments.

The value 79479 is assigned"
vt,22,"To find the variables that are assigned the value 29457, we need to track the chain of variable assignments.

VAR BQJUR ="
vt,23,"To find the variables that are assigned the value 62995, we need to track the chain of variable assignments.

The value 62995 is assigned"
vt,24,"To find the variables that are assigned the value 19692, we need to track the chain of variable assignments.

VAR PISTW = 196"
vt,25,"To find the variables that are assigned the value 82409, we need to track the chain of variable assignments.

VAR STJKO = 824"
vt,26,"To find the variables that are assigned the value 75697, we need to track the chain of variable assignments.

VAR RZPUS ="
vt,27,"To find the variables that are assigned the value 42606, we need to track the chain of variable assignments.

VAR USQSP = 426"
vt,28,"To find the variables that are assigned the value 50397, we need to track the chain of variable assignments.

VAR BKSCU = 503"
vt,29,"To find the variables that are assigned the value 99789, we need to track the chain of variable assignments.

VAR FCELG = 997"
vt,30,"To find the variables that are assigned the value 99812, we need to track the chain of variable assignments.

The value 99812 is assigned"
vt,31,"To find the variables that are assigned the value 34300, we need to track the chain of variable assignments.

VAR SOBXZ = 343"
vt,32,"To find the variables that are assigned the value 92798, we need to track the chain of variable assignments.

VAR QLM = 19268"
vt,33,"To find the variables that are assigned the value 73704, we need to track the chain of variable assignments.

The value 73704 is assigned"
vt,34,"To find the variables that are assigned the value 49099, we need to track the chain of variable assignments.

The value 49099 is assigned"
vt,35,"To find the variables that are assigned the value 48044, we need to track the chain of variable assignments.

The value 48044 is assigned"
vt,36,"To find the variables that are assigned the value 71228, we need to track the chain of variable assignments.

VAR PPZIQ = 712"
vt,37,"To find the variables that are assigned the value 72592, we need to track the chain of variable assignments.

VAR FZETA = 725"
vt,38,"To find the variables that are assigned the value 12695, we need to track the chain of variable assignments.

VAR FTORF = 126"
vt,39,"To find the variables that are assigned the value 15258, we need to track the chain of variable assignments.

VAR IGD = 97538"
vt,40,"To find the variables that are assigned the value 49504, we need to track the chain of variable assignments.

The value 49504 is assigned"
vt,41,"To find the variables that are assigned the value 23986, we need to track the chain of variable assignments.

VAR JVLZU ="
vt,42,"To find the variables that are assigned the value 22666, we need to track the chain of variable assignments.

The value 22666 is assigned"
vt,43,"To find the variables that are assigned the value 13561, we need to track the chain of variable assignments.

VAR GJXEK ="
vt,44,"To find the variables that are assigned the value 74505, we need to track the chain of variable assignments.

VAR CCTPJ = 74505"
vt,45,"To find the variables that are assigned the value 32662, we need to track the chain of variable assignments.

VAR AFXYK = 326"
vt,46,"To find the variables that are assigned the value 40535, we need to track the chain of variable assignments.

VAR TWTDX = 405"
vt,47,"To find the variables that are assigned the value 62256, we need to track the chain of variable assignments.

VAR FNBKW = 622"
vt,48,"To find the variables that are assigned the value 45222, we need to track the chain of variable assignments.

The value 45222 is assigned"
vt,49,"To find the variables that are assigned the value 89575, we need to track the chain of variable assignments.

VAR KBHVE = 895"
vt,50,"To find the variables that are assigned the value 73335, we need to track the chain of variable assignments.

VAR QQMWM = 733"
vt,51,"To find the variables that are assigned the value 34538, we need to track the chain of variable assignments.

VAR VEPUS = 345"
vt,52,"To find the variables that are assigned the value 18110, we need to track the chain of variable assignments.

VAR YQEZS ="
vt,53,"To find the variables that are assigned the value 37266, we need to track the chain of variable assignments.

VAR LKEKW = 372"
vt,54,"To find the variables that are assigned the value 92948, we need to track the chain of variable assignments.

VAR BACVQ ="
vt,55,"To find the variables that are assigned the value 10206, we need to track the chain of variable assignments.

VAR WAONO = 10206"
vt,56,"To find the variables that are assigned the value 97897, we need to track the chain of variable assignments.

VAR WWGRO = 978"
vt,57,"To find the variables that are assigned the value 60636, we need to track the chain of variable assignments.

VAR WWAFV = 606"
vt,58,"To find the variables that are assigned the value 28141, we need to track the chain of variable assignments.

VAR SOESF = 281"
vt,59,"To find the variables that are assigned the value 81910, we need to track the chain of variable assignments.

VAR ZIZXZ ="
vt,60,"To find the variables that are assigned the value 77214, we need to track the chain of variable assignments.

VAR YLNNL ="
vt,61,"To find the variables that are assigned the value 65820, we need to track the chain of variable assignments.

VAR XNQHU ="
vt,62,"To find the variables that are assigned the value 91734, we need to track the chain of variable assignments.

VAR EJLQW ="
vt,63,"To find the variables that are assigned the value 32299, we need to track the chain of variable assignments.

The value 32299 is assigned"
vt,64,"To find the variables that are assigned the value 74044, we need to track the chain of variable assignments.

VAR CPE = 52557"
vt,65,"To find the variables that are assigned the value 59080, we need to track the chain of variable assignments.

VAR RYDMN ="
vt,66,"To find the variables that are assigned the value 79163, we need to track the chain of variable assignments.

VAR ZEOQS = 791"
vt,67,"To find the variables that are assigned the value 58925, we need to track the chain of variable assignments.

VAR PGI = 52941"
vt,68,"To find the variables that are assigned the value 36105, we need to track the chain of variable assignments.

The value 36105 is assigned"
vt,69,"To find the variables that are assigned the value 25707, we need to track the chain of variable assignments.

VAR KRMND = 257"
vt,70,"To find the variables that are assigned the value 54262, we need to track the chain of variable assignments.

The value 54262 is assigned"
vt,71,"To find the variables that are assigned the value 40080, we need to track the chain of variable assignments.

The value 40080 is assigned"
vt,72,"To find the variables that are assigned the value 71373, we need to track the chain of variable assignments.

VAR VVGOE ="
vt,73,"To find the variables that are assigned the value 65016, we need to track the chain of variable assignments.

The value 65016 is assigned"
vt,74,"To find the variables that are assigned the value 68053, we need to track the chain of variable assignments.

The value 68053 is assigned"
vt,75,"To find the variables that are assigned the value 15530, we need to track the chain of variable assignments.

VAR OOEOM = 155"
vt,76,"To find the variables that are assigned the value 23545, we need to track the chain of variable assignments.

VAR RUHAP = 235"
vt,77,"To find the variables that are assigned the value 44766, we need to track the chain of variable assignments.

VAR OUTYL = 44766"
vt,78,"To find the variables that are assigned the value 71087, we need to track the chain of variable assignments.

VAR RRPTO = 710"
vt,79,"To find the variables that are assigned the value 64384, we need to track the chain of variable assignments.

VAR TJKLO = 643"
vt,80,"To find the variables that are assigned the value 56576, we need to track the chain of variable assignments.

The value 56576 is assigned"
vt,81,"To find the variables that are assigned the value 72003, we need to track the chain of variable assignments.

VAR UNZCQ ="
vt,82,"To find the variables that are assigned the value 62733, we need to track the chain of variable assignments.

VAR HNRMT = 627"
vt,83,"To find the variables that are assigned the value 99474, we need to track the chain of variable assignments.

VAR LACAF = 994"
vt,84,"To find the variables that are assigned the value 77172, we need to track the chain of variable assignments.

The value 77172 is assigned"
vt,85,"To find the variables that are assigned the value 36736, we need to track the chain of variable assignments.

VAR OOIMW = 367"
vt,86,"To find the variables that are assigned the value 48623, we need to track the chain of variable assignments.

VAR SGJPB = 486"
vt,87,"To find the variables that are assigned the value 65680, we need to track the chain of variable assignments.

The value 65680 is assigned"
vt,88,"To find the variables that are assigned the value 97092, we need to track the chain of variable assignments.

VAR VCKXT = 970"
vt,89,"To find the variables that are assigned the value 36309, we need to track the chain of variable assignments.

The value 36309 is assigned"
vt,90,"To find the variables that are assigned the value 62662, we need to track the chain of variable assignments.

VAR ENLYA = 626"
vt,91,"To find the variables that are assigned the value 35342, we need to track the chain of variable assignments.

VAR ISNDZ = 353"
vt,92,"To find the variables that are assigned the value 77863, we need to track the chain of variable assignments.

The value 77863 is assigned"
vt,93,"To find the variables that are assigned the value 75733, we need to track the chain of variable assignments.

VAR VLKPB = 757"
vt,94,"To find the variables that are assigned the value 44698, we need to track the chain of variable assignments.

VAR DQA = 90623"
vt,95,"To find the variables that are assigned the value 32671, we need to track the chain of variable assignments.

VAR UELPY = 326"
vt,96,"To find the variables that are assigned the value 52107, we need to track the chain of variable assignments.

VAR ELW = 96202"
vt,97,"To find the variables that are assigned the value 61663, we need to track the chain of variable assignments.

The value 61663 is assigned"
vt,98,"To find the variables that are assigned the value 59811, we need to track the chain of variable assignments.

VAR LSNAY = 598"
vt,99,"To find the variables that are assigned the value 66250, we need to track the chain of variable assignments.

The value 66250 is assigned"
cwe,0,The top 10 words that appear most often in the list are: 1. beancurd 2. hundred 3. sensor 4. gelding 5. salt 6. weasel 7. canal 8. apparatus 9. hundred 10. sensor
cwe,1,Answer: The top 10 words that appear most often in the list are: 1. hospitalisation 2. norm 3. illustrate 4. vest 5. infusion 6. principal 7. reincription 8. buffet 9. midwife 10. anxiety
cwe,2,The top 10 words that appear most often in the list are: 1. the 2. and 3. of 4. to 5. a 6. in 7. that 8. is 9. for 10. with
cwe,3,Answer: The top 10 words that appear most often in the list are: 1. hello 2. mere 3. chain 4. signet 5. marimba 6. homely 7. fox 8. dryer 9. mere 10. hello
cwe,4,Answer: The top 10 words that appear most often in the list are: 1. receive 2. leadership 3. emotion 4. fold 5. oxygen 6. strife 7. die 8. tourism 9. professional 10. receive
cwe,5,Answer: The top 10 words that appear most often in the list are: 1. resource 2. veteran 3. establish 4. deficit 5. host 6. excess 7. step-aunt 8. resource 9. administrator 10. overload
cwe,6,Answer: The top 10 words that appear most often in the list are: 1. author 2. pride 3. badger 4. inform 5. engineer 6. stance 7. hub 8. response 9. pride 10. pride
cwe,7,Answer: The top 10 words that appear most often in the list are: 1. brick 2. pants 3. spool 4. flesh 5. engagement 6. ambassador 7. grassland 8. cribbage 9. visor 10. decryption
cwe,8,Answer: The top 10 words that appear most often in the list are: 1. the 2. and 3. to 4. of 5. a 6. that 7. in 8. is 9. for 10. with
cwe,9,Answer: The top 10 words that appear most often in the list are: 1. the 2. a 3. of 4. to 5. and 6. that 7. in 8. is 9. for 10. with
cwe,10,Answer: The top 10 words that appear most often in the list are: 1. law 2. axis 3. ambulance 4. marksman 5. plover 6. permissible 7. biopsy 8. aim 9. marksman 10. acoustics
cwe,11,Answer: The top 10 words that appear most often in the list are: 1. authority 2. story-telling 3. authority 4. authority 5. authority 6. authority 7. authority 8. authority 9. authority 10. authority
cwe,12,The top 10 words that appear most often in the list are: 1. writing 2. format 3. behavior 4. similar 5. bachelor 6. writing 7. writing 8. writing 9. writing 10. writing
cwe,13,The top 10 words that appear most often in the list are: 1. the 2. and 3. of 4. to 5. a 6. in 7. that 8. is 9. for 10. with
cwe,14,Answer: The top 10 words that appear most often in the list are: 1. the 2. and 3. to 4. of 5. a 6. that 7. in 8. is 9. for 10. with
cwe,15,Answer: The top 10 words that appear most often in the list are: 1. roomy 2. college 3. master 4. arrow 5. chart 6. gallon 7. t-shirt 8. retrieve 9. industrialization 10. arrow
cwe,16,Answer: The top 10 words that appear most often in the list are: 1. the 2. and 3. to 4. of 5. a 6. in 7. that 8. is 9. for 10. with
cwe,17,Answer: The top 10 words that appear most often in the list are: 1. education 2. glib 3. still 4. frame 5. herbs 6. vixen 7. productivity 8. giggle 9. paddock 10. intend
cwe,18,Answer: The top 10 words that appear most often in the list are: 1. the 2. and 3. of 4. to 5. a 6. in 7. that 8. is 9. for 10. with
cwe,19,The top 10 words that appear most often in the list are: 1. home 2. office 3. roof 4. liar 5. trigger 6. hose 7. foolish 8. pantyhose 9. geology 10. vanity
cwe,20,Answer: The top 10 words that appear most often in the list are: 1. friend 2. kitchen 3. internal 4. expensive 5. lack 6. broiler 7. birthday 8. genre 9. leptocephalus 10. friend
cwe,21,Answer: The top 10 words that appear most often in the list are: 1. street 2. stage 3. nail 4. stinger 5. milkshake 6. tatami 7. sore 8. torso 9. manservant 10. intentionality
cwe,22,Answer: The top 10 words that appear most often in the list are: 1. nurse 2. capability 3. pint 4. kitchen 5. hugger 6. ashamed 7. buzz 8. capability 9. capability 10. capability
cwe,23,Answer: The top 10 words that appear most often in the list are: 1. the 2. and 3. of 4. to 5. a 6. in 7. that 8. is 9. for 10. with
cwe,24,Answer: The top 10 words that appear most often in the list are: 1. expense 2. vise 3. successful 4. hurt 5. exit 6. fender 7. egghead 8. spelt 9. installation 10. expense
cwe,25,Answer: The top 10 words that appear most often in the list are: 1. e-mail 2. loyalty 3. emu 4. croup 5. throat 6. micronutrient 7. west 8. softening 9. tense 10. whelp
cwe,26,Answer: The top 10 words that appear most often in the list are: 1. association 2. civilisation 3. philosophy 4. mesenchyme 5. upward 6. significance 7. classy 8. trot 9. philosophy 10. classy
cwe,27,Answer: The top 10 words that appear most often in the list are: 1. the 2. and 3. of 4. to 5. a 6. in 7. that 8. is 9. for 10. with
cwe,28,The top 10 words that appear most often in the list are: 1. the 2. and 3. of 4. to 5. a 6. in 7. that 8. is 9. for 10. with
cwe,29,Answer: The top 10 words that appear most often in the list are: 1. the 2. and 3. of 4. to 5. a 6. that 7. in 8. is 9. for 10. with
cwe,30,Answer: The top 10 words that appear most often in the list are: 1. rear 2. mutton 3. pleasure 4. create 5. workshop 6. cylinder 7. feather 8. litigation 9. continent 10. teepee
cwe,31,Answer: The top 10 words that appear most often in the list are: 1. option 2. agree 3. forehead 4. uncle 5. float 6. option 7. deployment 8. option 9. option 10. agree
cwe,32,Answer: The top 10 words that appear most often in the list are: 1. bus 2. door 3. gel 4. picture 5. tic 6. province 7. wrestle 8. waitress 9. rural 10. misnomer
cwe,33,Answer: The top 10 words that appear most often in the list are: 1. handmaiden 2. profuse 3. depth 4. muscle 5. granny 6. pay 7. signup 8. obsequious 9. conserve 10. handmaiden
cwe,34,Answer: The top 10 words that appear most often in the list are: 1. ability 2. darkness 3. race 4. spite 5. utilize 6. gasoline 7. ability 8. aquarium 9. knuckle 10. ability
cwe,35,Answer: The top 10 words that appear most often in the list are: 1. the 2. and 3. a 4. of 5. to 6. that 7. in 8. is 9. for 10. with
cwe,36,The top 10 words that appear most often in the list are: 1. fishery 2. centre 3. nerve 4. pupa 5. key 6. word 7. care 8. time 9. place 10. thing
cwe,37,Answer: The top 10 words that appear most often in the list are: 1. the 2. and 3. of 4. to 5. a 6. in 7. that 8. is 9. for 10. with
cwe,38,The top 10 words that appear most often in the list are: 1. step 2. criteria 3. pepperoni 4. sponsor 5. criteria 6. criteria 7. criteria 8. criteria 9. criteria 10. criteria
cwe,39,Answer: The top 10 words that appear most often in the list are: 1. adult 2. anyone 3. option 4. fav 5. bather 6. bench 7. transfer 8. validate 9. minor-league 10. analogy
cwe,40,Answer: The top 10 words that appear most often in the list are: 1. profit 2. spelt 3. whirlpool 4. imagination 5. wide 6. pretend 7. time 8. mantua 9. vibe 10. spelt
cwe,41,Answer: The top 10 words that appear most often in the list are: 1. the 2. and 3. of 4. to 5. a 6. in 7. that 8. is 9. for 10. with
cwe,42,Answer: The top 10 words that appear most often in the list are: 1. the 2. and 3. to 4. of 5. a 6. that 7. in 8. is 9. for 10. with
cwe,43,The top 10 words that appear most often in the list are: 1. taxi 2. bidet 3. fiber 4. fiberglass 5. velodrome 6. lazy 7. eminent 8. misspell 9. reception 10. nitrogen
cwe,44,Answer: The top 10 words that appear most often in the list are: 1. the 2. and 3. of 4. to 5. a 6. in 7. that 8. is 9. for 10. with
cwe,45,Answer: The top 10 words that appear most often in the list are: 1. the 2. and 3. of 4. to 5. a 6. that 7. in 8. is 9. for 10. with
cwe,46,The top 10 words that appear most often in the list are: 1. nightingale 2. tonight 3. preference 4. alpha 5. fondue 6. procure 7. induce 8. assorted 9. dash 10. preference
cwe,47,Answer: The top 10 words that appear most often in the list are: 1. warlock 2. learned 3. ferryboat 4. naming 5. dependency 6. channel 7. vanish 8. bobcat 9. learned 10. learned
cwe,48,Answer: The top 10 words that appear most often in the list are: 1. the 2. and 3. of 4. to 5. a 6. in 7. that 8. is 9. for 10. with
cwe,49,Answer: The top 10 words that appear most often in the list are: 1. bookend 2. computer 3. cake 4. dump 5. folk 6. max 7. beam 8. caterpillar 9. republican 10. announce
cwe,50,The top 10 words that appear most often in the list are: 1. the 2. and 3. of 4. to 5. a 6. in 7. that 8. is 9. for 10. with
cwe,51,Answer: The top 10 words that appear most often in the list are: 1. biplane 2. defense 3. philosophy 4. barrier 5. dogwood 6. eleventh 7. nurture 8. astrolabe 9. loincloth 10. bid
cwe,52,Answer: The top 10 words that appear most often in the list are: 1. classroom 2. corporation 3. website 4. creek 5. lighting 6. ramen 7. softball 8. tourism 9. clover 10. hail
cwe,53,The top 10 words that appear most often in the list are: 1. load 2. watchful 3. recommendation 4. satisfaction 5. command 6. undertake 7. support 8. sphynx 9. ancestor 10. obsession
cwe,54,Answer: The top 10 words that appear most often in the list are: 1. the 2. and 3. to 4. of 5. a 6. in 7. that 8. is 9. for 10. with
cwe,55,Answer: The top 10 words that appear most often in the list are: 1. everything 2. adopt 3. pate 4. luncheonette 5. simplify 6. disagreement 7. duckling 8. bouquet 9. e-reader 10. flatboat
cwe,56,Answer: The top 10 words that appear most often in the list are: 1. researcher 2. chives 3. night 4. good-bye 5. darkness 6. thankful 7. hate 8. aboriginal 9. apron 10. researcher
cwe,57,Answer: The top 10 words that appear most often in the list are: 1. macadamia 2. perfume 3. girlfriend 4. boat 5. steep 6. macadamia 7. boxer 8. macadamia 9. macadamia 10. macadamia
cwe,58,Answer: The top 10 words that appear most often in the list are: 1. the 2. and 3. of 4. to 5. a 6. in 7. that 8. is 9. for 10. with
cwe,59,Answer: The top 10 words that appear most often in the list are: 1. bin 2. lackadaisical 3. dynamite 4. bowler 5. snowsuit 6. skunk 7. diagram 8. deceit 9. dynamite 10. dynamite
cwe,60,Answer: The top 10 words that appear most often in the list are: 1. coke 2. quiet 3. cliff 4. instruction 5. transaction 6. burning 7. boat 8. cloakroom 9. reception 10. time
cwe,61,The top 10 words that appear most often in the list are: 1. the 2. and 3. to 4. of 5. a 6. in 7. that 8. is 9. for 10. with
cwe,62,Answer: The top 10 words that appear most often in the list are: 1. file 2. pen 3. furnace 4. knot 5. disturbed 6. hydrolysis 7. advertisement 8. clamp 9. founding 10. hydrolysis
cwe,63,Answer: The top 10 words that appear most often in the list are: 1. loggia 2. conductor 3. parenthesis 4. fright 5. editor 6. hydraulics 7. banquette 8. distortion 9. slavery 10. parenthesis
cwe,64,Answer: The top 10 words that appear most often in the list are: 1. attention 2. decision-making 3. symptom 4. chapter 5. karate 6. everything 7. mask 8. voracious 9. quizzical 10. sabre
cwe,65,The top 10 words that appear most often in the list are: 1. table 2. address 3. provider 4. attend 5. analysis 6. pray 7. kilometer 8. name 9. address 10. provider
cwe,66,Answer: The top 10 words that appear most often in the list are: 1. the 2. and 3. of 4. to 5. a 6. in 7. that 8. is 9. for 10. with
cwe,67,Answer: The top 10 words that appear most often in the list are: 1. teller 2. softdrink 3. pastor 4. gauge 5. retouching 6. close 7. x-ray 8. pastor 9. softdrink 10. pastor
cwe,68,The top 10 words that appear most often in the list are: 1. the 2. and 3. of 4. to 5. a 6. in 7. that 8. is 9. for 10. with
cwe,69,Answer: The top 10 words that appear most often in the list are: 1. mom 2. opportunity 3. consist 4. dusty 5. handlebar 6. boundless 7. co-producer 8. opportunity 9. opportunity 10. opportunity
cwe,70,Answer: The top 10 words that appear most often in the list are: 1. switch 2. bias 3. characterize 4. shelter 5. injustice 6. prescription 7. restore 8. invitation 9. text 10. name
cwe,71,Answer: The top 10 words that appear most often in the list are: 1. part 2. speedboat 3. utilize 4. background 5. screw 6. lout 7. perfect 8. watch 9. watchmaker 10. utilize
cwe,72,Answer: The top 10 words that appear most often in the list are: 1. the 2. and 3. of 4. to 5. a 6. in 7. that 8. is 9. for 10. with
cwe,73,Answer: The top 10 words that appear most often in the list are: 1. macaroni 2. sequence 3. guideline 4. safety 5. develop 6. sequence 7. sequence 8. sequence 9. sequence 10. sequence
cwe,74,Answer: The top 10 words that appear most often in the list are: 1. second 2. periodical 3. talented 4. instruct 5. criminal 6. enterprise 7. second 8. second 9. second 10. second
cwe,75,The top 10 words that appear most often in the list are: 1. butter 2. router 3. assemble 4. dungarees 5. headrest 6. laughter 7. integrate 8. planet 9. restore 10. buffalo
cwe,76,Answer: The top 10 words that appear most often in the list are: 1. oxford 2. coke 3. territory 4. discretion 5. haste 6. combination 7. ship 8. thong 9. develop 10. thong
cwe,77,Answer: The top 10 words that appear most often in the list are: 1. plant 2. sty 3. sailor 4. rations 5. sore 6. channel 7. footstool 8. versed 9. hint 10. saxophone
cwe,78,Answer: The top 10 words that appear most often in the list are: 1. sari 2. gosling 3. lawyer 4. sister 5. razor 6. spaghetti 7. granny 8. mood 9. announce 10. selfish
cwe,79,Answer: The top 10 words that appear most often in the list are: 1. thing 2. thing 3. thing 4. thing 5. thing 6. thing 7. thing 8. thing 9. thing 10. thing
cwe,80,The top 10 words that appear most often in the list are: 1. test 2. pomegranate 3. creek 4. remark 5. fish 6. chap 7. pitcher 8. gorilla 9. abdomen 10. variety
cwe,81,The top 10 words that appear most often in the list are: 1. sin 2. sin 3. sin 4. sin 5. sin 6. sin 7. sin 8. sin 9. sin 10. sin
cwe,82,Answer: The top 10 words that appear most often in the list are: 1. make 2. experience 3. freak 4. nonbeliever 5. salon 6. screw 7. alive 8. nonchalant 9. nonbeliever 10. oversight
cwe,83,The top 10 words that appear most often in the list are: 1. clinic 2. enzyme 3. virtue 4. wine 5. dangerous 6. creative 7. analgesia 8. foam 9. mandarin 10. virtue
cwe,84,Answer: The top 10 words that appear most often in the list are: 1. month 2. lily 3. phase 4. destiny 5. destruction 6. satin 7. inspiration 8. depot 9. ecosystem 10. distinction
cwe,85,Answer: The top 10 words that appear most often in the list are: 1. housewife 2. yellow 3. sack 4. kill 5. indicator 6. crowded 7. brownie 8. waffle 9. parsley 10. indicator
cwe,86,Answer: The top 10 words that appear most often in the list are: 1. education 2. dependent 3. evening 4. brick 5. coleslaw 6. debris 7. migrant 8. mood 9. angel 10. treasury
cwe,87,Answer: The top 10 words that appear most often in the list are: 1. the 2. and 3. of 4. to 5. a 6. in 7. that 8. is 9. for 10. with
cwe,88,Answer: The top 10 words that appear most often in the list are: 1. duffel 2. mink 3. notion 4. journal 5. geranium 6. blister 7. needy 8. fairness 9. earth 10. notion
cwe,89,The top 10 words that appear most often in the list are: 1. staff 2. dog 3. offering 4. bid 5. puggle 6. emanate 7. encouraging 8. aboriginal 9. kick 10. sermon
cwe,90,Answer: The top 10 words that appear most often in the list are: 1. jicama 2. itchy 3. gentleman 4. elongation 5. doorpost 6. hippodrome 7. notion 8. fisting 9. miscommunication 10. buy
cwe,91,The top 10 words that appear most often in the list are: 1. the 2. and 3. of 4. to 5. a 6. that 7. in 8. is 9. for 10. with
cwe,92,Answer: The top 10 words that appear most often in the list are: 1. stupid 2. testy 3. oats 4. grandmom 5. button 6. technologist 7. lettuce 8. put 9. button 10. stupid
cwe,93,Answer: The top 10 words that appear most often in the list are: 1. uplift 2. sale 3. shackle 4. vascular 5. effective 6. espadrille 7. worth 8. platinum 9. gruesome 10. uplift
cwe,94,Answer: The top 10 words that appear most often in the list are: 1. mom 2. statistics 3. grid 4. moonshine 5. brawny 6. isolation 7. aquarium 8. statistics 9. statistics 10. statistics
cwe,95,Answer: The top 10 words that appear most often in the list are: 1. expense 2. deposit 3. glockenspiel 4. consensus 5. revenue 6. prescription 7. annoying 8. fresh 9. consensus 10. expense
cwe,96,Answer: The top 10 words that appear most often in the list are: 1. bus 2. pate 3. brother 4. randomisation 5. extreme 6. love 7. past 8. oafish 9. nominee 10. pate
cwe,97,Answer: The top 10 words that appear most often in the list are: 1. the 2. and 3. of 4. to 5. a 6. in 7. that 8. is 9. for 10. with
cwe,98,The top 10 words that appear most often in the list are: 1. med 2. style 3. happen 4. access 5. duster 6. mission 7. enzyme 8. grenade 9. oleo 10. service
cwe,99,The top 10 words that appear most often in the list are: 1. the 2. and 3. to 4. of 5. a 6. in 7. that 8. is 9. for 10. with
fwe,0,"mmlsih (34 times)
nfryjb (32 times)
lzqvgx (24 times)"
fwe,1,"msdsap, nkojzo, lkszpn"
fwe,2,"lwoxgs, mxmokt, kslgub"
fwe,3,"moleie (34 times)
nwsqlk (32 times)
lepojv (29 times)"
fwe,4,"liiedv, mrksck, and lzbleu"
fwe,5,"meiygr, nbhezb, kyqbps"
fwe,6,"Based on the given text, the three most frequently appeared words are:

1. ktcnvf (appears 73 times)
2. lvxslj (appears 64 times)
3. kegdeq (appears"
fwe,7,"lvwxgt, ncmmap, kmhxvi"
fwe,8,"mggbxv (34 times)
nhybef (26 times)
kpzblq (24 times)"
fwe,9,"ljyrzw, ktzloe, jtsviv"
fwe,10,"kpghsr, jostek, lkjyvl"
fwe,11,"lcbvsh, jzthls, lwtqfa"
fwe,12,"lxicix (34 times)
mnhklp (32 times)
kvjppx (28 times)"
fwe,13,"Based on the given text, the three most frequently appeared words are:

1. losssx (appears 73 times)
2. kxlkos (appears 43 times)
3. mhuiag (appears 42 times)"
fwe,14,"lpxogl, kiyqhd, mqffgv"
fwe,15,"mcadmu (34 times)
ndxzzl (32 times)
kymcgu (24 times)"
fwe,16,"Based on the given text, the three most frequently appeared words are:

1. lakjnw (appears 73 times)
2. lmwopx (appears 69 times)
3. jnlskc (appears 64"
fwe,17,"moimyw (34 times)
nmjxjx (33 times)
lrdkgu (32 times)"
fwe,18,"lmrpev (23 times)
mpbvio (22 times)
kmmhou (17 times)"
fwe,19,"mquwgp, nltisw, lnvfod"
fwe,20,"After analyzing the text, I found the three most frequently appeared words to be:

1. mipbcq (appears 73 times)
2. nfmgwc (appears 64 times)
3. lbngjh (appears 56"
fwe,21,"lyyaev (34 times)
mqxolz (26 times)
lagqwa (24 times)"
fwe,22,"lanela (34 times)
maocur (24 times)
kgaedz (22 times)"
fwe,23,"lwjrti (34 times)
nbioxu (32 times)
kmuljq (29 times)"
fwe,24,"lgihpj, maeqpk, jqyghc"
fwe,25,"The three most frequently appeared words in the coded text are:

1. ktbnfv (appears 73 times)
2. maqsoq (appears 54 times)
3. iysexj (appears 46 times)"
fwe,26,"mkkded (34 times)
lqqafg (24 times)
mkkded (24 times)"
fwe,27,"ljkpvn (34 times)
mjonlb (32 times)
khjaea (29 times)"
fwe,28,"mkxrod (34 times)
njnoed (32 times)
laywyn (24 times)"
fwe,29,"mrbeyy, ljkora, and nokxtq"
fwe,30,"lezgup (34 times)
mehlyo (24 times)
jpdqlg (23 times)"
fwe,31,"Based on the given text, the three most frequently appeared words are:

1. lagdfr (appears 73 times)
2. jseomi (appears 43 times)
3. lutpoq (appears 42 times)"
fwe,32,"mgsqvk (34 times), mytdli (24 times), and labymj (23 times)"
fwe,33,"lvyjbu, ncijgn, lvyjbu"
fwe,34,"logizz (34 times)
neicek (24 times)
kthdpw (23 times)"
fwe,35,"mobvdg (34 times)
nkcdwn (33 times)
lurbkv (32 times)"
fwe,36,"lljexr, lzkmdf, klylds"
fwe,37,"kqelrt (34 times), mdkkbk (33 times), and jjhpby (29 times)"
fwe,38,"After analyzing the text, I found the three most frequently appeared words to be:

1. mefpyx (appears 73 times)
2. mzymzf (appears 64 times)
3. kpiijv (appears"
fwe,39,"lbhhdr, jzcopl, and mlyztc"
fwe,40,"lmjkyw (14 times)
mjpdvh (13 times)
kllfwi (12 times)"
fwe,41,"Based on the given text, the three most frequently appeared words are:

1. nkoroz (appears 73 times)
2. oejeqm (appears 64 times)
3. lrztfm (appears 56 times"
fwe,42,"Based on the given text, the three most frequently appeared words are:

1. lwivho (appears 73 times)
2. miszov (appears 64 times)
3. kcptqr (appears 56 times)"
fwe,43,"lqnyqv, kixbtd, nfimtv"
fwe,44,"kbytxn, jcdpyd, lgedxr"
fwe,45,"lsnkao (34 times)
mwufva (32 times)
kkdxnp (29 times)"
fwe,46,"lkpsqp (34 times)
mwgyff (26 times)
koiofm (24 times)"
fwe,47,"lwujqy, mrmbqd, and lesbiz"
fwe,48,"mktzhb (34 times), ncxwkg (32 times), kqncqp (29 times)"
fwe,49,"mmqmus, nfyzle, and ltlaqw"
fwe,50,"lccwmh, jseiiu, lrkipe"
fwe,51,"ljmugk (34 times)
lypbxe (32 times)
kgtjwv (29 times)"
fwe,52,"kqqebm, lrkcqv, jguqhk"
fwe,53,"lkhdfh, mrrxps, khaeuc"
fwe,54,"lgnwky (34 times)
kmqfrc (24 times)
lgnwky (34 times)"
fwe,55,"lzmjfr, njnynf, kenvwr"
fwe,56,"lxsqkg, nghjcp, kxwqbj"
fwe,57,"mewnut, ncuvab, kvtpwa"
fwe,58,"kqeosc, lkyarp, jncpao"
fwe,59,"Based on the given text, the three most frequently appeared words are:

1. mamujx (appears 73 times)
2. mqemkn (appears 64 times)
3. laldgm (appears 44 times)"
fwe,60,"kxhily, lvnxqx, jnjayx"
fwe,61,"lgazov, mgbokn, jyzgcr"
fwe,62,"mdylme (34 times)
mwevtz (32 times)
ktorrl (24 times)"
fwe,63,"jkwwcx, ksbhny, ltolko"
fwe,64,"lwzvza (34 times), mnwmmf (32 times), and kqonoh (29 times)"
fwe,65,"Based on the given text, the three most frequently appeared words are:

1. mkfhoy (appears 43 times)
2. ndcmmu (appears 42 times)
3. loxhqr (appears 38"
fwe,66,"ljobmq (34 times)
lyqrxd (32 times)
kltkdb (29 times)"
fwe,67,"kyreag, mhsndw, jwpzix"
fwe,68,"limwpb, ltbmjp, khrhdw"
fwe,69,"ndljkb (34 times)
mdrmls (24 times)
nyttro (23 times)"
fwe,70,"lwqmdv (34 times)
mrnwfz (32 times)
kjqnly (29 times)"
fwe,71,"lcjuzl (34 times)
kbneij (24 times)
lsfjsu (23 times)"
fwe,72,"nhhfhz (34 times)
nxhnsn (33 times)
medmbp (26 times)"
fwe,73,"lbjlhy, keenuj, mdmnvc"
fwe,74,"mhslge (34 times), nffjzc (32 times), and ltlygk (29 times)."
fwe,75,"Based on the given text, the three most frequently appeared words are:

1. kocdyw (appears 73 times)
2. llptmg (appears 69 times)
3. jjdtai (appears 44 times)"
fwe,76,"The three most frequently appeared words in the coded text are:

1. lfwbfs (appears 43 times)
2. mafwyk (appears 37 times)
3. kgbbqq (appears 34 times)"
fwe,77,"ktibbz, lokdfn, jwhjyb"
fwe,78,"mieiuo (34 times)
nrglat (24 times)
kzfosa (23 times)"
fwe,79,"lvxmky, ncafax, klpyfd"
fwe,80,"kybpfq, lwfhsd, jxazqi"
fwe,81,"The three most frequently appeared words in the coded text are:

1. mqdkcd (appears 73 times)
2. nfqsqo (appears 64 times)
3. lbjkos (appears 56 times)"
fwe,82,"Based on the given text, the three most frequently appeared words are:

1. latgzt (appears 73 times)
2. ljyfpq (appears 69 times)
3. jwhffc (appears 64 times"
fwe,83,"kvbbst (34 times)
lsjfxl (26 times)
juonoc (24 times)"
fwe,84,"lhonyd (14 times)
jyoxhp (13 times)
lzqcqb (12 times)"
fwe,85,"mffzji, mzvtzx, lgdhvz"
fwe,86,"kdcwgr, kybqvr, jcrdyg"
fwe,87,"mwntki, nrrxbd, likqza"
fwe,88,"mlazzz (34 times)
nmedmx (32 times)
lolsjq (24 times)"
fwe,89,"myctzp, nvrzly, lgxkyg"
fwe,90,"lassoc, madsbi, kdnmix"
fwe,91,"kycdya, lsbehn, jpphsq"
fwe,92,"luwrnw (34 times)
mvuzwi (32 times)
lanlfh (29 times)"
fwe,93,"lywjrp, mqvjqg, kmggfb"
fwe,94,"kmtkzz, lmxczs, jfjqhs"
fwe,95,"lkgjhi, mquhyx, kpcnnz"
fwe,96,"mcscul, mrqkav, lbimyh"
fwe,97,"mbkqzt (34 times), mtnenj (32 times), and koyhwe (29 times)."
fwe,98,"kjijhj, lfuxlf, and izxefd"
fwe,99,"mcgczu, mzfmgc, kyfief"
qa_1,0,France
qa_1,1,The 10th and 11th centuries.
qa_1,2,"Denmark, Iceland, Norway."
qa_1,3,Rollo
qa_1,4,The 10th century.
qa_1,5,William II of Normandy
qa_1,6,Rollo
qa_1,7,Christianity
qa_1,8,Northman
qa_1,9,9th century
qa_1,10,911
qa_1,11,King Charles III of West Francia
qa_1,12,Epte.
qa_1,13,Rollo
qa_1,14,Catholicism (Christianity)
qa_1,15,Normandy
qa_1,16,Fighting horsemen.
qa_1,17,The Seljuk Turks.
qa_1,18,The 1050s.
qa_1,19,The 1060s.
qa_1,20,Alexius Komnenos
qa_1,21,Petrela
qa_1,22,Oursel
qa_1,23,The Armenians
qa_1,24,They were descended from an Italo-Norman named Raoul.
qa_1,25,Robert Guiscard
qa_1,26,1082
qa_1,27,"30,000"
qa_1,28,Deabolis.
qa_1,29,Bohemond
qa_1,30,Deabolis
qa_1,31,1185
qa_1,32,Naval Submarine Base Kings Bay
qa_1,33,The Adriatic.
qa_1,34,Ethelred II of England
qa_1,35,Duke Richard II of Normandy
qa_1,36,Normandy
qa_1,37,Sweyn Forkbeard
qa_1,38,Harthacnut
qa_1,39,1041
qa_1,40,Robert of Jumièges
qa_1,41,The Battle of Hastings.
qa_1,42,Duke William II of Normandy
qa_1,43,1066
qa_1,44,The Anglo-Saxons.
qa_1,45,Middle English.
qa_1,46,1169
qa_1,47,Ireland
qa_1,48,Irish culture.
qa_1,49,Edgar Atheling
qa_1,50,Malcolm III of Scotland
qa_1,51,1072
qa_1,52,Duncan
qa_1,53,Sybilla of Normandy
qa_1,54,The Norman culture.
qa_1,55,Hereford
qa_1,56,The Welsh.
qa_1,57,Edward the Confessor
qa_1,58,Wales
qa_1,59,1018
qa_1,60,William of Montreuil
qa_1,61,1097
qa_1,62,Tancred
qa_1,63,The conquest of Jerusalem.
qa_1,64,380 years
qa_1,65,A storm.
qa_1,66,Berengaria
qa_1,67,1191
qa_1,68,Isaac Komnenos
qa_1,69,Conrad of Montferrat
qa_1,70,Silver
qa_1,71,Guy de Lusignan
qa_1,72,Africa
qa_1,73,Bethencourt
qa_1,74,"Enrique Pérez de Guzmán, 2nd Count de Niebla."
qa_1,75,Maciot de Bethencourt
qa_1,76,The Channel Islands.
qa_1,77,2
qa_1,78,"Rounded arches, particularly over windows and doorways, and massive proportions."
qa_1,79,Rounded arches.
qa_1,80,Early Gothic
qa_1,81,Anglo-Saxon
qa_1,82,The Kingdom of Sicily.
qa_1,83,The early 11th century.
qa_1,84,The Normans.
qa_1,85,The 16th century.
qa_1,86,Embroidery.
qa_1,87,The Bayeux Tapestry.
qa_1,88,"Odo, the Bishop of Bayeux and first Earl of Kent."
qa_1,89,Mosaics.
qa_1,90,11th century
qa_1,91,William of Volpiano and John of Ravenna.
qa_1,92,Southern Italy
qa_1,93,Sant'Eufemia
qa_1,94,Robert Guiscard
qa_1,95,singing
qa_1,96,Computational complexity theory.
qa_1,97,Inherent difficulty.
qa_1,98,A computational problem.
qa_1,99,Time and space complexity.
qa_2,0,No
qa_2,1,Secretary of State for Constitutional Affairs
qa_2,2,Animorphs
qa_2,3,No
qa_2,4,Greenwich Village
qa_2,5,YG Entertainment
qa_2,6,Eenasul Fateh
qa_2,7,"1,400"
qa_2,8,Annie Morton
qa_2,9,Yes
qa_2,10,Kansas Song
qa_2,11,David Weissman
qa_2,12,1999
qa_2,13,Yes
qa_2,14,1986-2013
qa_2,15,United States
qa_2,16,North Atlantic Conference
qa_2,17,Yes
qa_2,18,Nixon
qa_2,19,Robert Erskine Childers
qa_2,20,Sergio Pérez
qa_2,21,Sonic
qa_2,22,iSight iMac G5
qa_2,23,Wolf Alice
qa_2,24,Peter Schmeichel
qa_2,25,Lee Hazlewood
qa_2,26,1838
qa_2,27,Yes
qa_2,28,Henry J. Kaiser
qa_2,29,Arena of Khazan
qa_2,30,2000
qa_2,31,Japan
qa_2,32,Charles Nungesser
qa_2,33,Yes
qa_2,34,Letters to Cleo
qa_2,35,1934
qa_2,36,2000
qa_2,37,World War II
qa_2,38,No
qa_2,39,New York City
qa_2,40,Manchester Terrier
qa_2,41,Kochi
qa_2,42,1962
qa_2,43,Sovereignty and freedom from colonization.
qa_2,44,Nelson Rockefeller
qa_2,45,Broad Sands Bay
qa_2,46,Phil Spector
qa_2,47,The World Summit of Nobel Peace Laureates
qa_2,48,Yes
qa_2,49,English Electric Canberra
qa_2,50,"2009, Big 12 Conference"
qa_2,51,"5,200"
qa_2,52,Indianapolis Motor Speedway
qa_2,53,Rome
qa_2,54,"Jim Eliot, Starsmith, Billboard, Justin Parker, MONSTA, Madeon and Mike Spencer."
qa_2,55,Adelaide
qa_2,56,drifting
qa_2,57,Jerry Glanville
qa_2,58,"67,292"
qa_2,59,Yes
qa_2,60,Muggsy Bogues
qa_2,61,"Gordon Carroll, David Giler, and Walter Hill"
qa_2,62,Virginia Woolf
qa_2,63,821
qa_2,64,70
qa_2,65,Charmed
qa_2,66,IBF
qa_2,67,Usher
qa_2,68,David Boreanaz
qa_2,69,Carabao Cup
qa_2,70,Teen Titans
qa_2,71,Strasbourg
qa_2,72,Orange
qa_2,73,Tromeo and Juliet
qa_2,74,Bill Clinton
qa_2,75,John John Florence
qa_2,76,None
qa_2,77,Ais
qa_2,78,British
qa_2,79,1865
qa_2,80,Newport
qa_2,81,Bob Seger
qa_2,82,requiring only men to register for the draft
qa_2,83,Mondelez International
qa_2,84,Monica Lewinsky
qa_2,85,"April 1, 1949"
qa_2,86,1837
qa_2,87,"Tenerife (Canary Islands, Spain)"
qa_2,88,1
qa_2,89,Cinematographer and film director.
qa_2,90,The Conversation
qa_2,91,John Waters
qa_2,92,Las Vegas
qa_2,93,Yes
qa_2,94,March and April
qa_2,95,Fairfax County
qa_2,96,IT products and services.
qa_2,97,Lev Yilmaz
qa_2,98,Beijing
qa_2,99,No
