Task,ID,Prediction
niah_single_1,17075,"There is no special magic number mentioned in the provided text. The text appears to be a repetition of the same phrase ""The grass is green. The sky is blue. The sun is yellow. Here we go. There and back again."" many times, but it does not mention a specific number."
niah_single_1,86020,The special magic number for harmonious-uniform is: 2338687.
niah_single_1,167378,The special magic number for loving-cockroach is: 5663623.
niah_single_1,131200,The special magic number for discreet-commodity is: 7210606.
niah_single_1,239108,5479144
niah_single_1,197073,The special magic number for strong-hive is: 3871230.
niah_single_1,140108,8755439.
niah_single_1,119767,The special magic number for terrible-online is: 4684531.
niah_single_1,116526,1538552
niah_single_1,78007,2110460
niah_single_1,146043,The special magic number for fair-yogurt is: 9375710.
niah_single_1,51638,The special magic number for deafening-radish is: 5443951.
niah_single_1,215704,The special magic number for shiny-fleece is: 5408072.
niah_single_1,133626,The special magic number for solid-sanction is: 7700828.
niah_single_1,182134,The special magic number for dark-boyhood is: 9548432.
niah_single_1,56589,The special magic number for annoying-doorbell is: 2839607.
niah_single_1,220024,The special magic number for used-postfix is: 8082668.
niah_single_1,219844,The special magic number for lush-tornado is: 7402509.
niah_single_1,204191,The special magic number for rhetorical-industry is: 5218028.
niah_single_1,198152,The special magic number for used-hound is: 2921859.
niah_single_1,41284,One of the special magic numbers for tested-shout is: 6707197.
niah_single_1,167472,The special magic number for nondescript-rotation is: 3653446.
niah_single_1,184748,The special magic number for workable-chateau is: 5418934.
niah_single_1,230732,The special magic number for quick-vane is: 2785277.
niah_single_1,224709,The special magic number for tenuous-epauliere is: 9517169.
niah_single_1,59740,The special magic number for deranged-asparagus is: 7273233.
niah_single_1,180337,The special magic number for stale-spaghetti is: 6438436.
niah_single_1,113557,7089806
niah_single_1,209318,5041154
niah_single_1,25716,"There is no special magic number mentioned in the provided text. The text appears to be a repetition of the same sentence, ""The grass is green. The sky is blue. The sun is yellow. Here we go. There and back again,"" repeated many times."
niah_single_1,202836,8973915
niah_single_1,223805,The special magic number for good-standoff is: 9852897.
niah_single_1,115083,The special magic number for faint-water is: 4374754.
niah_single_1,161713,The special magic number for undesirable-signature is: 7264956.
niah_single_1,83045,The special magic number for crabby-player is: 5159166.
niah_single_1,217058,The special magic number for invincible-cocoa is: 1352896.
niah_single_1,2860,The special magic number for spectacular-spleen is 4694634.
niah_single_1,84574,1987737
niah_single_1,26347,"There is no special magic number mentioned in the provided text. The text appears to be a repetition of the same sentence, ""The grass is green. The sky is blue. The sun is yellow. Here we go. There and back again,"" repeated many times."
niah_single_1,79181,9143903
niah_single_1,89795,The special magic number for worried-purse is: 8930103.
niah_single_1,34990,"There is no special magic number mentioned in the provided text. The text appears to be a repetition of the same sentence, ""The grass is green. The sky is blue. The sun is yellow. Here we go. There and back again,"" repeated many times."
niah_single_1,130836,8231838
niah_single_1,20138,"There is no special magic number mentioned in the provided text. The text appears to be a repetition of the same sentence, ""The grass is green. The sky is blue. The sun is yellow. Here we go. There and back again,"" repeated many times, with no mention of a magic number."
niah_single_1,125257,The special magic number for axiomatic-watch is: 7754864.
niah_single_1,70359,The special magic number for furtive-milestone is: 4214348.
niah_single_1,67840,The special magic number for dazzling-godparent is: 8077999.
niah_single_1,27974,"There is no special magic number mentioned in the provided text. The text appears to be a repetition of the same sentence, ""The grass is green. The sky is blue. The sun is yellow. Here we go. There and back again,"" repeated many times."
niah_single_1,18877,"There is no special magic number mentioned in the provided text. The text appears to be a repetition of the same phrase ""The grass is green. The sky is blue. The sun is yellow. Here we go. There and back again."" numerous times, but it does not mention a specific number."
niah_single_1,61537,"There is no special magic number mentioned in the provided text. The text appears to be a repetition of the same sentence, ""The grass is green. The sky is blue. The sun is yellow. Here we go. There and back again,"" repeated many times."
niah_single_1,78995,The special magic number for plucky-prefix is: 9075854.
niah_single_1,139923,3762152
niah_single_1,167916,The special magic number for madly-titanium is: 5449368.
niah_single_1,57304,9164991
niah_single_1,21754,"There is no special magic number mentioned in the provided text. The text appears to be a repetition of the same phrase ""The grass is green. The sky is blue. The sun is yellow. Here we go. There and back again."" many times, but it does not mention a specific number."
niah_single_1,18696,"There is no special magic number mentioned in the provided text. The text appears to be a repetition of the same sentence, ""The grass is green. The sky is blue. The sun is yellow. Here we go. There and back again,"" repeated many times, with no mention of a specific number."
niah_single_1,58210,The special magic number for purring-watercress is: 9910817.
niah_single_1,68734,The special magic number for quickest-car is: 2344047.
niah_single_1,86914,The special magic number for squalid-yarn is: 2140194.
niah_single_1,213639,The special magic number for cowardly-duckling is: 5130808.
niah_single_1,154774,The special magic number for swift-bronze is: 2375453.
niah_single_1,115986,The special magic number for gleaming-manor is: 4426900.
niah_single_1,48485,The special magic number for goofy-manacle is: 7640184.
niah_single_1,26975,The special magic number for orange-mangle is: 6304573.
niah_single_1,27245,The special magic number for ordinary-stem is: 2677407.
niah_single_1,49035,"There is no special magic number mentioned in the provided text. The text appears to be a repetition of the same phrase ""The grass is green. The sky is blue. The sun is yellow. Here we go. There and back again."" repeated many times, with no mention of a specific number."
niah_single_1,136415,The special magic number for billowy-blend is: 5098412.
niah_single_1,200496,The special magic number for different-burn is: 8351517.
niah_single_1,3131,"There is no special magic number mentioned in the provided text. The text appears to be a repetition of the same sentence, ""The grass is green. The sky is blue. The sun is yellow. Here we go. There and back again,"" repeated many times."
niah_single_1,49740,"There is no special magic number mentioned in the provided text. The text appears to be a repetition of the same sentence, ""The grass is green. The sky is blue. The sun is yellow. Here we go. There and back again,"" repeated many times."
niah_single_1,204186,The special magic number for condemned-scam is: 2795765.
niah_single_1,223181,5727085
niah_single_1,75214,The special magic number for witty-offset is: 6752576.
niah_single_1,92772,One of the special magic numbers for quarrelsome-casualty is: 9196204.
niah_single_1,102217,The special magic number for capable-citizen is: 8106422.
niah_single_1,48400,"There is no special magic number mentioned in the provided text. The text appears to be a repetition of the same sentence, ""The grass is green. The sky is blue. The sun is yellow. Here we go. There and back again,"" repeated many times."
niah_single_1,203554,The special magic number for dirty-stress is: 8412769.
niah_single_1,41464,1162230
niah_single_1,201304,The special magic number for vigorous-rag is: 3500715.
niah_single_1,158645,The special magic number for lewd-porthole is: 3484601.
niah_single_1,134626,The special magic number for ambitious-reorganisation is: 6171716.
niah_single_1,92235,The special magic number for lackadaisical-modernity is: 4524499.
niah_single_1,229024,The special magic number for knotty-inlay is: 7817881.
niah_single_1,65494,The special magic number for foamy-sneeze is: 3726327.
niah_single_1,122646,The special magic number for ad hoc-picture is: 4009172.
niah_single_1,98527,The special magic number for uncovered-nymph is: 5163555.
niah_single_1,141180,The special magic number for wary-gum is: 2813543.
niah_single_1,73786,4731818
niah_single_1,84124,One of the special magic numbers for jumpy-kinase is: 6120253.
niah_single_1,147129,The special magic number for acrid-disposition is: 4240180.
niah_single_1,103117,The special magic number for guiltless-nurse is: 2164686.
niah_single_1,147577,9546409
niah_single_1,96457,2935113
niah_single_1,14285,"There is no special magic number mentioned in the provided text. The text appears to be a repetition of the same sentence, ""The grass is green. The sky is blue. The sun is yellow. Here we go. There and back again,"" repeated many times."
niah_single_1,127600,8290770
niah_single_1,42820,9580255
niah_single_1,94114,4188992
niah_single_1,788,The special magic number for whimsical-prince is 8315831.
niah_single_1,25980,"There is no special magic number mentioned in the provided text. The text appears to be a repetition of the same phrase ""The grass is green. The sky is blue. The sun is yellow. Here we go. There and back again."" many times, but it does not mention a specific number."
niah_single_1,244773,The special magic number for tacit-scope mentioned in the provided text is: 6266630.
niah_single_2,78282,5107245
niah_single_2,276972,5528972
niah_single_2,22452,6440561
niah_single_2,280009,4539704
niah_single_2,61325,5443951
niah_single_2,181443,7700828
niah_single_2,243964,9548432
niah_single_2,68269,2839607
niah_single_2,298241,8082668
niah_single_2,298241,7402509
niah_single_2,276978,5218028
niah_single_2,270260,2921859
niah_single_2,51828,6707197
niah_single_2,252023,5418934
niah_single_2,153115,2785277
niah_single_2,241661,The special magic number for stale-spaghetti is: 6438436.
niah_single_2,153120,7089806
niah_single_2,27659,The special magic number for bright-urgency mentioned in the provided text is 9153566.
niah_single_2,276973,8973915
niah_single_2,152176,4374754
niah_single_2,220424,7264956
niah_single_2,111258,5159166
niah_single_2,251,The special magic number for spectacular-spleen is 4694634.
niah_single_2,111257,1987737
niah_single_2,101429,9143903
niah_single_2,118836,8930103
niah_single_2,173396,8231838
niah_single_2,166881,7754864
niah_single_2,85276,8077999
niah_single_2,22261,2642635
niah_single_2,101423,9075854
niah_single_2,191360,3762152
niah_single_2,67689,9164991
niah_single_2,22453,4652414
niah_single_2,22455,1959074
niah_single_2,85270,2344047
niah_single_2,289196,5130808.
niah_single_2,157376,4426900
niah_single_2,61617,The special magic number for goofy-manacle is 7640184.
niah_single_2,27804,The special magic number for orange-mangle is 6304573.
niah_single_2,27804,2677407
niah_single_2,181442,5098412
niah_single_2,270264,8351517
niah_single_2,61317,2737893
niah_single_2,276973,2795765
niah_single_2,101422,6752576
niah_single_2,135987,8106422
niah_single_2,275555,8412769
niah_single_2,51828,1162230
niah_single_2,270262,3500715
niah_single_2,181453,6171716
niah_single_2,305758,There is no special magic number mentioned in the provided text for knotty-inlay.
niah_single_2,166880,4009172
niah_single_2,136504,5163555
niah_single_2,191357,2813543
niah_single_2,109975,6120253
niah_single_2,135987,2164686
niah_single_2,126291,There is no special magic number mentioned in the provided text for adhesive-catsup.
niah_single_2,173400,8290770
niah_single_2,51834,9580255
niah_single_2,127731,4188992
niah_single_2,27653,The special magic number for lazy-lay is 8235969.
niah_single_2,204689,6188935
niah_single_2,190109,8053918
niah_single_2,101423,5813613
niah_single_2,252019,The special magic number for nutty-throne is: 4585314.
niah_single_2,152181,4940441
niah_single_2,305758,"There is no special magic number mentioned in the provided text for ""fretful-stag""."
niah_single_2,241667,7442089
niah_single_2,250,The special magic number for fresh-secretariat is 3475836.
niah_single_2,86069,There is no special magic number mentioned in the provided text for nauseating-strip.
niah_single_2,51833,5180853
niah_single_2,210210,47 degrees of vertical peripheral vision.
niah_single_2,261395,5652512
niah_single_2,117883,5793722
niah_single_2,109973,The special magic number for dark-chess is: 3530518.
niah_single_2,166880,7838382
niah_single_2,102191,2044645
niah_single_2,173404,1098919
niah_single_2,135988,4681284
niah_single_2,78289,7783308
niah_single_2,36556,1454696
niah_single_2,86067,8746014
niah_single_2,158450,7360307
niah_single_2,126292,The special magic number for guiltless-clutch is 8072684.
niah_single_2,27663,The special magic number for jumpy-subcomponent is 4761823.
niah_single_2,117888,3556551
niah_single_2,281598,2919136
niah_single_2,182496,5299055
niah_single_2,78773,2921542
niah_single_2,153117,1430812
niah_single_2,296179,6059717
niah_single_2,174685,1689025
niah_single_2,27806,The special magic number for ubiquitous-cure is 7217147.
niah_single_2,243971,8047416
niah_single_2,261393,3955087
niah_single_2,228604,9111742
niah_single_2,158452,5502929
niah_single_2,220420,5679639
niah_single_2,85274,6452832
niah_single_3,22252,c17af08a-1745-46d8-be57-0ddf827050a8
niah_single_3,211423,ae340454-cac5-468c-a8f4-9481a0a04dc4
niah_single_3,263609,The special magic uuid for lush-tornado is: 77d21e02-ff01-4f99-988c-24c961b1cd22.
niah_single_3,78274,6f4cc69a-4b22-4308-9c8e-aee95715bd6f
niah_single_3,152059,a013ac6e-deda-4e16-9b3d-bd5ce9a1fa6f
niah_single_3,263615,"There is no special magic uuid for deranged-asparagus mentioned in the provided text. The text mentions a uuid ""8a14be62-295b-4715-8333-e8615fb8d16c"" but it is not related to deranged-asparagus."
niah_single_3,36557,The special magic uuid for fortunate-coevolution mentioned in the text is: 913e4de2-e0c5-4cb8-bda9-c2a90ed42f1a.
niah_single_3,270257,fa5d3100-11b7-4948-90e6-e6607c69dee1
niah_single_3,78770,8cbfedb0-f264-4ccc-b9ac-1b1ea8e56e0c
niah_single_3,181433,abf3ad39-fec2-4bbe-a624-5bfa4fcca39a
niah_single_3,27797,The special magic uuid for raspy-common is: 3985c3cf-3f76-4e1d-9efa-21977394988f.
niah_single_3,111258,96a402f2-3ae8-4c93-8dcd-cd03969b6662
niah_single_3,27798,3a9bedd4-0f12-49e0-a18f-f6b6b535106e
niah_single_3,279903,e1e3db63-ef7d-4c76-b92d-a22b21df306f
niah_single_3,96164,The special magic uuid for freezing-milk is: 683514f2-ceb8-4f9d-b914-c120c8dcd19f.
niah_single_3,206043,6c6fa611-5ab3-4edf-ae59-5ed3a8b317fa
niah_single_3,42938,fbf24050-a748-4bcf-ac61-9e630dde29a6
niah_single_3,210080,23e2fcb4-72d8-467d-894a-05e430b187ef
niah_single_3,27804,ec5b227c-dfde-4fbf-bff3-50bf766ecb15
niah_single_3,78277,3c835dc0-d944-4fa5-80e9-ab30ed2662e9
niah_single_3,22448,66aa9385-dd59-4a71-b6b8-24817b3a4e3e
niah_single_3,275511,The special magic uuid for nasty-course is: fed4057d-bb02-4576-b512-c4c3b253d218.
niah_single_3,22454,f7fd5646-37bb-4eec-8bf5-0b52309d258c
niah_single_3,253768,7a0ecfea-958c-49ba-8cd6-20c20ea2622b
niah_single_3,196471,3c365296-dca0-4eec-acda-bacc1165e210
niah_single_3,157366,The special magic uuid for mute-mambo is: 85d51695-90b2-4633-956b-8c0ca8499b92.
niah_single_3,127728,3d1a85dd-506e-4a9a-b758-588dab73295b
niah_single_3,158439,The special magic uuid for curved-table is: 750cab75-4ccc-4bc2-a53f-8a28abf3e3fc.
niah_single_3,42936,The special magic uuid for aboard-lode is: 902059e4-ff9a-45c2-9f04-4aed75523327.
niah_single_3,174685,21e8ac68-43e4-4caf-8181-a8cc369147eb
niah_single_3,261318,a76afde6-ce9e-4a11-bcbb-4e59fbddcf7c
niah_single_3,275508,be0f051b-1b66-45a9-a3c4-36571d8cbbac
niah_single_3,241547,81627cf1-4394-42e6-9a58-7e8aa25d6b29
niah_single_3,136502,d450281c-6c6f-4633-a260-772317a0df49
niah_single_3,127731,a319dcb4-217d-45a0-8568-11cd5563f616
niah_single_3,67687,e767dcea-b0e6-4969-a213-42b0f1eedba3
niah_single_3,14654,cbceabde-eede-4b07-a623-a6895d59cd2a
niah_single_3,174687,1a50aec3-aabc-45fa-bfe1-2e47ae9bec36
niah_single_3,118838,ee0caeb5-ecfe-4b99-a790-cebdbfddc3d9
niah_single_3,167775,2dea9493-0658-463a-a98c-206fe1a47e10
niah_single_3,136498,3f87e362-cf8d-446a-bc2c-bb0ddd334cc7
niah_single_3,236530,The special magic uuid for wary-gum is: 09e9db0a-df46-4290-a1ee-411a1bac27a7.
niah_single_3,153111,598336e3-75d6-4ed4-ab1f-a9f2d10bd1d0
niah_single_3,167777,6601ddd0-3170-4437-a8f7-ef5a060edf5b
niah_single_3,8914,The special magic uuid for uptight-kit is: 54c63cd8-8945-4f27-97fa-2d8dfb2ca025.
niah_single_3,127726,fbc9f87a-f668-4617-94a1-875d2db69edb
niah_single_3,158443,ba81edd9-587e-4344-af3f-920c98b8e4cc
niah_single_3,261315,006ed6e3-6fa1-4735-b572-f3d00b5cea6a
niah_single_3,167771,aa0b7b14-f2e9-402d-91e9-cdaa6e6981a3
niah_single_3,153109,e6697833-b841-40a0-9fe7-71d6d9178793
niah_single_3,85262,610faa3f-f0bb-4c67-aa38-d0a16ba25efe
niah_single_3,143049,4dcabfb7-001a-4a8b-956f-03508c459ce2
niah_single_3,234801,The special magic uuid for nutty-hunter is: 82dc4c8e-36b5-429a-acf5-e81e71316269.
niah_single_3,152065,3c20592f-c04a-46c4-b3b6-3fe1d1843324
niah_single_3,95760,935f2b0a-a138-4ddc-a2d9-de5d6a18ce4c
niah_single_3,244,There is no special magic uuid mentioned in the provided text.
niah_single_3,263613,f53d4330-cdda-44ba-ad06-e8cf3805f907
niah_single_3,51827,d92c9227-eadf-4085-bfcb-75468eb22579
niah_single_3,251800,The special magic uuid for oafish-harvest mentioned in the provided text is: e45b712e-b822-4688-90a4-44329cd6c852.
niah_single_3,236536,be6033f7-28be-4288-a5af-6e39722764e6
niah_single_3,136502,a33dc7af-d701-410d-bf4b-1a70c074718e
niah_single_3,36552,8a476a87-e49d-481d-91d8-7c6455fa1ab8
niah_single_3,204527,7746d0ba-8ae8-405b-94b4-a48268586eba
niah_single_3,291149,e7a37e81-63b4-408b-ab8e-869fd5385b0e
niah_single_3,204532,d5f25073-f414-42b1-a442-9ebbda7b9095
niah_single_3,9003,7c5308bf-6f92-425e-85df-16b6382c043f
niah_single_3,196471,06e745f9-88bc-439c-9f4c-3b79fb10987f
niah_single_3,228605,dde9f863-22bd-4388-adb9-9102a48b3dbe
niah_single_3,228606,362f5e5c-53cd-4268-a10c-f37342999aa4
niah_single_3,206048,473bd358-610e-4a64-a130-1617c2dff335
niah_single_3,14654,f510ab53-c7fe-439f-9190-f938a66fd7f7
niah_single_3,68262,9f0fda8d-0537-4ff6-96d7-b3b833094d35
niah_single_3,102191,90604f62-1d48-4071-ab61-a7b1793b4c32
niah_single_3,8917,9424aed5-1bac-4c15-8fa0-3f26f6f7f0cc
niah_single_3,197595,60141de9-f54a-40a2-a874-66d7ad66a1bd
niah_single_3,295996,The special magic uuid for wakeful-flight is: af2b99b4-d9ac-4158-8d34-85c5c5c14eb4.
niah_single_3,211412,8861fe18-58e2-4888-8a83-81bec85aca46
niah_single_3,226344,a2b5b498-5cb8-4aed-b5f6-2c976efb63b1
niah_single_3,136497,f7294951-8591-41d2-bbda-02422d174fc9
niah_single_3,218748,4767d76c-162f-4a24-af43-613cd4aac9a3
niah_single_3,101420,7cd0129d-2e8d-4e87-9334-20e6d9d80b8d
niah_single_3,136499,The special magic uuid for gifted-menopause is: 989d9d4a-e15c-4666-8797-b2c957207246.
niah_single_3,241546,79e13cea-b0cb-461f-bd85-de89c2171429
niah_single_3,118830,6786d506-38ba-4abc-8b53-05e517d2582e
niah_single_3,263608,8db06746-7927-4973-9e78-1fd794e0d3ba
niah_single_3,95761,The special magic uuid for green-bookcase is: 1ee34dc4-3b04-4a8b-805b-fdc94e7ed827.
niah_single_3,86065,c31edbbc-f36c-462b-892e-6161be2d740a
niah_single_3,291147,b97e6703-46c8-4dfe-bbf4-7042bd1531c8
niah_single_3,135919,The special magic uuid for historical-supply is: 2067bdac-88bd-43d1-b540-b30e039f3a25.
niah_single_3,61614,f1afdb65-b289-4224-8ac9-778d8da8eee4
niah_single_3,126238,0d270659-f72a-4a9b-af32-751e5738811d
niah_single_3,27799,7de31a51-6694-4343-90ba-58e3d2762bdc
niah_single_3,295995,6a8a616f-c3b2-40d0-8edd-dfcd1e52d770
niah_single_3,153108,715629ee-e893-4e3d-b354-ea6f61607459
niah_single_3,78274,14c8b3b4-a911-4192-83bf-d9313605bf54
niah_single_3,206038,00af5b3a-2812-459a-9337-739e8d4f5d27
niah_single_3,27646,743b65a2-dc0f-4fcf-b3f6-fe0d48603b32
niah_single_3,135916,The special magic uuid for concerned-wake is: 26242b40-a5cb-43a2-b98d-1ca68b6870b5.
niah_single_3,196476,4dd8eb85-b04d-4376-b7fc-97031fd5a423
niah_single_3,8918,The special magic uuid for noiseless-futon is: 40181c6e-9a8c-4a3c-9283-aac7bc0a6a5d.
niah_multikey_1,241628,2642635
niah_multikey_1,261366,1981186
niah_multikey_1,298440,2149597
niah_multikey_1,251835,The special magic number for orange-mangle is: 6304573.
niah_multikey_1,166905,4533779
niah_multikey_1,275502,1604451
niah_multikey_1,117850,7907400
niah_multikey_1,51335,6891254
niah_multikey_1,268145,4188992
niah_multikey_1,206172,6038571
niah_multikey_1,226347,6406444
niah_multikey_1,189981,2221854
niah_multikey_1,218848,9468772
niah_multikey_1,136573,5652512
niah_multikey_1,247,The special magic number for exotic-speaker is 8048838.
niah_multikey_1,279985,7610562
niah_multikey_1,158450,7360307
niah_multikey_1,226421,The special magic number for accessible-cork is: 3556551.
niah_multikey_1,27806,The special magic number for humorous-strait is: 7296605.
niah_multikey_1,210044,3566765
niah_multikey_1,228747,5679639
niah_multikey_1,241565,7818732
niah_multikey_1,95789,8612582
niah_multikey_1,42943,The special magic number for wrathful-cut is: 9801946.
niah_multikey_1,126296,1861958
niah_multikey_1,305754,4786401
niah_multikey_1,206173,The special magic number for drunk-word is: 2259379.
niah_multikey_1,111317,5833597
niah_multikey_1,268153,3086308
niah_multikey_1,36558,The special magic number for sordid-workplace is 8312936.
niah_multikey_1,14800,9312590
niah_multikey_1,241620,9363326
niah_multikey_1,226290,5896624
niah_multikey_1,246,2171218
niah_multikey_1,270391,9125900
niah_multikey_1,261364,3551903
niah_multikey_1,210119,9186400
niah_multikey_1,241498,4020853
niah_multikey_1,190049,5195951
niah_multikey_1,197787,4979651
niah_multikey_1,95795,7121355
niah_multikey_1,126290,7619862
niah_multikey_1,204671,The special magic number for stupid-occasion is: 4713925.
niah_multikey_1,206111,The special magic number for confused-panel is: 2630611.
niah_multikey_1,226420,The special magic number for vast-builder is: 7162857.
niah_multikey_1,8989,3427461
niah_multikey_1,261363,9610704
niah_multikey_1,101486,8217547
niah_multikey_1,22265,The special magic number for bright-nanoparticle is 2564141.
niah_multikey_1,51269,The special magic number for trashy-ephemeris is: 9089795.
niah_multikey_1,174888,4794319
niah_multikey_1,191490,1514340
niah_multikey_1,251849,2368710
niah_multikey_1,51346,4543918
niah_multikey_1,228811,The special magic number for curious-sequence is: 7378822.
niah_multikey_1,36557,The special magic number for clear-underwire is 5082173.
niah_multikey_1,241562,2264218
niah_multikey_1,141810,1954456
niah_multikey_1,78137,8344365
niah_multikey_1,167905,6614484
niah_multikey_1,151849,6510922
niah_multikey_1,305763,6649968
niah_multikey_1,61169,The special magic number for lowly-farmland is: 9437374.
niah_multikey_1,196368,1893502
niah_multikey_1,126300,1318832
niah_multikey_1,228743,8043503
niah_multikey_1,268089,9825812
niah_multikey_1,27810,The special magic number for lively-relationship is: 5255545.
niah_multikey_1,86201,8795078
niah_multikey_1,210054,3088344
niah_multikey_1,36860,9712003
niah_multikey_1,181469,6914963
niah_multikey_1,182561,8351320
niah_multikey_1,101345,9686324
niah_multikey_1,61243,3642499
niah_multikey_1,197735,2446455
niah_multikey_1,78133,9692311
niah_multikey_1,305757,6664316
niah_multikey_1,61171,6707484
niah_multikey_1,241560,3673322
niah_multikey_1,22321,8229768
niah_multikey_1,14660,4339637
niah_multikey_1,234945,6643410
niah_multikey_1,204622,6262886
niah_multikey_1,95727,5435261
niah_multikey_1,277181,5993143
niah_multikey_1,117781,5548852
niah_multikey_1,280063,8980915
niah_multikey_1,95795,9796605
niah_multikey_1,143188,6655803
niah_multikey_1,181615,4951390
niah_multikey_1,143117,7801762
niah_multikey_1,95791,7069742
niah_multikey_1,196429,9610869
niah_multikey_1,143180,2010921
niah_multikey_1,151910,4736121
niah_multikey_1,117785,2692765
niah_multikey_1,22267,The special magic number for hilarious-preparation is 5616316.
niah_multikey_1,261303,7923579
niah_multikey_1,101416,4156856
niah_multikey_2,140534,4831689
niah_multikey_2,63970,2697814
niah_multikey_2,21293,2969867
niah_multikey_2,26820,"There is no special magic number mentioned in the provided text for ""nonchalant-rose""."
niah_multikey_2,10188,8345798
niah_multikey_2,16361,9265904
niah_multikey_2,208291,6714573
niah_multikey_2,82602,3780908
niah_multikey_2,13387,"There is no specific special magic number mentioned in the provided text for ""kindhearted-science"". The text appears to be a list of numerous special magic numbers for various phrases, but ""kindhearted-science"" is not among them."
niah_multikey_2,100433,The special magic number for frantic-listening is 3788143.
niah_multikey_2,130307,The special magic number for shy-wetsuit is 7787568.
niah_multikey_2,233120,The special magic number for apathetic-appetiser is: 6182546.
niah_multikey_2,167164,9886319
niah_multikey_2,225779,8377956
niah_multikey_2,159711,5030598
niah_multikey_2,42214,2153891
niah_multikey_2,31106,The special magic number for fearless-chipmunk is: 3893451.
niah_multikey_2,29694,The special magic number for juvenile-omnivore is 9851420.
niah_multikey_2,199441,4822799
niah_multikey_2,229752,The special magic number for scientific-redirect is: 7237968.
niah_multikey_2,224033,8862718
niah_multikey_2,216693,The special magic number for boorish-wing is 8205618.
niah_multikey_2,111005,8489045
niah_multikey_2,208614,1593893
niah_multikey_2,139166,7730546
niah_multikey_2,225322,1429773
niah_multikey_2,72767,4020860
niah_multikey_2,191339,The special magic number for quaint-decency is: 4770816.
niah_multikey_2,171902,3742336
niah_multikey_2,210636,2806979
niah_multikey_2,121325,2434788
niah_multikey_2,64884,9971598
niah_multikey_2,205401,5900855
niah_multikey_2,187136,3415817
niah_multikey_2,26014,8750421
niah_multikey_2,87920,5710459
niah_multikey_2,29842,The special magic number for tiny-hamburger is: 9537477.
niah_multikey_2,46804,The special magic number for wakeful-elf is: 3136767.
niah_multikey_2,136244,9965070
niah_multikey_2,226904,The special magic number for cruel-substitution is: 5746542.
niah_multikey_2,37292,5957847
niah_multikey_2,226360,6193224
niah_multikey_2,31094,4275237
niah_multikey_2,56232,3432947
niah_multikey_2,68913,3727383
niah_multikey_2,3354,The special magic number for cowardly-cultivar is 8126970.
niah_multikey_2,162740,1958140
niah_multikey_2,1587,The special magic number for hilarious-modernist is: 2127953.
niah_multikey_2,60217,The special magic number for scrawny-primary is: 9093951.
niah_multikey_2,32695,8729623
niah_multikey_2,135741,3423173
niah_multikey_2,36862,6066541
niah_multikey_2,176919,The special magic number for kindhearted-camel is 5185745.
niah_multikey_2,117954,5116524
niah_multikey_2,76864,The special magic number for aquatic-almanac is 1191410.
niah_multikey_2,231711,4562896
niah_multikey_2,31502,7064788
niah_multikey_2,41541,The special magic number for royal-accord is: 9205961.
niah_multikey_2,229191,The special magic number for lyrical-subgroup is 1423422.
niah_multikey_2,235382,7584280
niah_multikey_2,199996,The special magic number for alleged-surrounds is: 1034018.
niah_multikey_2,160793,The special magic number for drunk-representative is 9086449.
niah_multikey_2,230787,1473721
niah_multikey_2,187993,2586407
niah_multikey_2,85757,7130085
niah_multikey_2,115372,5444715
niah_multikey_2,184799,The special magic number for changeable-wiretap is 4768074.
niah_multikey_2,102412,2470746
niah_multikey_2,22737,7049081.
niah_multikey_2,18736,1371164.
niah_multikey_2,12033,2583234
niah_multikey_2,27236,8419763
niah_multikey_2,78626,4464969
niah_multikey_2,175911,1106156
niah_multikey_2,198627,The special magic number for bitter-taste is 1858251.
niah_multikey_2,196069,2837743
niah_multikey_2,94856,7417673
niah_multikey_2,112256,7931168
niah_multikey_2,233496,The special magic number for tricky-seal is: 6111994.
niah_multikey_2,33203,4326240
niah_multikey_2,173349,5904899
niah_multikey_2,178159,The special magic number for satisfying-machine is 4394030.
niah_multikey_2,75732,The special magic number for petite-bill is: 1184654.
niah_multikey_2,180034,8551703
niah_multikey_2,53037,The special magic number for learned-hare is: 3185234.
niah_multikey_2,186264,3648364
niah_multikey_2,8061,5989915
niah_multikey_2,232890,6362473
niah_multikey_2,23632,9359878.
niah_multikey_2,23416,2098446
niah_multikey_2,1875,9715755
niah_multikey_2,221647,"There is no special magic number mentioned in the provided text for ""cute-actor"". The text appears to be a large list of special magic numbers for various phrases, but ""cute-actor"" is not one of them."
niah_multikey_2,38449,8688742
niah_multikey_2,201815,2456272
niah_multikey_2,41098,5585741
niah_multikey_2,104835,6346753
niah_multikey_2,163455,9981888
niah_multikey_2,129496,5136184
niah_multikey_2,233844,2309493
niah_multikey_2,28777,The special magic number for hurried-hosiery is 8152215.
niah_multikey_3,3226,The special magic uuid for 00d52f8c-bc35-45d9-948d-83ea35ce13ad is a09dcdfa-20ab-4894-aaeb-3d801409f586.
niah_multikey_3,65242,The special magic uuid for 606c186c-17a4-406e-ae5f-cb10bbdaba66 is 2e3c1199-780e-451c-8570-66858f9df875.
niah_multikey_3,74134,The special magic uuid for 6237402d-36f7-4e30-aa30-bbf5226c304c is 3d06ee50-cef3-4f3d-be57-2f5d53b84cc2.
niah_multikey_3,8014,The special magic uuid for 56c2a9f5-d277-4234-a839-9fc323003c5f is: e92d60b4-8ab1-4896-bfed-587b1d0be901.
niah_multikey_3,62620,The special magic uuid for 6a7cdb3d-4136-4dc1-9ae5-69a68765d1b9 is 7d14ea23-c61e-42bb-a340-1d7098d9354a.
niah_multikey_3,93628,15a974c5-d867-41f3-8dad-e497953a2959
niah_multikey_3,37996,The special magic uuid for 086b9a3f-3b3f-4721-b0bb-4e36adfcc17d is fd45babb-17a9-428d-bad1-1ac1e0e10d86.
niah_multikey_3,51106,The special magic uuid for e9d07012-e61f-4a84-a217-7aaff0a80fdc is e2e6bf53-92b7-432b-a5b3-eea74806b252.
niah_multikey_3,106510,The special magic uuid for 754b3ec0-a99a-4e60-910c-8075c0c2fd1f is 10aa2d7a-4764-4a01-9fd9-8c469ebe191c.
niah_multikey_3,19528,The special magic uuid for 23286849-9adc-4385-9166-cf325cc1ccb6 is 7956b1ff-cd4b-4740-87e0-a22a33d1df7a.
niah_multikey_3,75388,The special magic uuid for b92d780c-e994-46ce-bd7a-56bc4b9f5527 is: edb1496e-4b63-4766-99b1-482ae7cd3246.
niah_multikey_3,4708,The special magic uuid for 751e07ea-ea88-4d1f-9ea8-9fac1f9a33b3 is: f1772f44-1b23-4562-8b9e-8de125afb555.
niah_multikey_3,55324,The special magic uuid for b0c342d4-931c-42e2-bca7-b3b0f4121b65 is 4f93ea38-b92f-4932-a1a1-f35485ea8a4d.
niah_multikey_3,118252,The special magic uuid for 4008c602-b8f2-4968-b2e8-998bbc240b36 is 0e2c4752-29f3-44a4-8570-a4c8c4e10146.
niah_multikey_3,64444,The special magic uuid for f112b536-fcfd-491e-a8d9-2547dab8160c is 35c68665-4f10-4ec2-b378-32633f34315e.
niah_multikey_3,114148,The special magic uuid for 57b72035-c520-4aec-a1fd-c12990d1eb9b is 1e82aaa3-f72b-421c-86e4-4ad3d03bad62.
niah_multikey_3,119506,The special magic uuid for 8d4d1aba-60e0-4738-a8ba-0f0193998d20 is: 089994ae-c1ac-448d-83fd-78695f6aae6b.
niah_multikey_3,91576,The special magic uuid for 6667d553-4499-4cce-ab53-b8e7464c4422 is 521e863c-3d91-4c2f-9933-a9819f61b02b.
niah_multikey_3,59086,3566dcd6-e1a3-43af-a9c9-d5dfdacf8e4e
niah_multikey_3,74818,The special magic uuid for 0895b8d0-0cef-4327-b363-be3106b73f50 is fd472228-ca44-49e1-bab1-c8eb00d60bd6.
niah_multikey_3,92716,The special magic uuid for 1365c146-fbbd-4cd7-bcd7-c6b72fda8881 is e30fa25d-b15c-4904-bb13-ecc43bbaf2f4.
niah_multikey_3,7900,The special magic uuid for 0f89ad9b-5bab-4428-ae75-b6861f498601 is b226cba5-1012-4608-abb4-8138cbf415c9.
niah_multikey_3,40846,The special magic uuid for 108741ea-8493-4604-8e6f-147178ec6f49 is 58c75df0-5323-4c03-bdba-7cd98fa79b35.
niah_multikey_3,50308,The special magic uuid for 406bfc83-db7d-4adf-aeec-45af7e799696 is 9a472ad7-c072-4ba3-bdd6-98139224ad70.
niah_multikey_3,29104,The special magic uuid for 93504d91-459c-4007-ab58-342269223a97 is c862028c-d6bc-4029-a910-97fe00cfe093.
niah_multikey_3,32410,bf3daa27-7a17-4832-bbd0-b4c506a7e269
niah_multikey_3,83026,6f85b326-05ce-40ad-9873-65951e274cd3
niah_multikey_3,66154,The special magic uuid for 6f9019e0-2442-46d8-bd33-7705c51404ea is 526a24ea-cc03-44f2-9609-49a17d0c5a14.
niah_multikey_3,56806,The special magic uuid for 3e23e6f4-10fc-4c02-bcc6-62d36e249214 is 985a52e0-f4b0-4dbb-8b5b-0141e062082e.
niah_multikey_3,52246,The special magic uuid for ec043849-ed61-4c12-b68e-efe79682d8f7 is: d1a2a237-c184-4f71-9f57-a2bb0f525ce1.
niah_multikey_3,101608,The special magic uuid for da875dac-18f5-4daf-a27d-a6d4a477bd05 is: 8995dce4-4031-4881-8562-e750e0e40520.
niah_multikey_3,107650,The special magic uuid for b1209a45-7f9e-4952-b6f8-2e0792d416d0 is bd3ab66f-7d7c-482b-9e3b-21081193b4e5.
niah_multikey_3,112210,The special magic uuid for 34343702-208b-45a9-81b6-1b4c99af9c83 is 96667e7c-9bae-4f6c-a40c-d6cd52d0a5fe.
niah_multikey_3,101266,The special magic uuid for 5a08a769-3b5a-4130-b932-aacf9d25abc6 is b89b7a44-2865-4fd6-a941-8463c3a16fed.
niah_multikey_3,70372,The special magic uuid for 50ebfdcd-4d34-4bd0-98f2-9b1f85db33ab is 32059a17-f02e-4476-b892-ed450e0bb367.
niah_multikey_3,59314,The special magic uuid for d58235a1-a51e-49be-9b33-58a428599ba7 is cf57b600-0d37-4568-9f00-fabe02afd3b1.
niah_multikey_3,15196,The special magic uuid for d96c7cd9-006a-468f-aa3a-a4123788777d is d5c884d4-5fc2-40cc-8f76-177159c6b710.
niah_multikey_3,83140,The special magic uuid for 049d1f5f-590b-42d7-8dde-8ac4e4a301e6 is 3b6e57c9-b388-43a7-a37c-62e3bcefe5bc.
niah_multikey_3,54754,The special magic uuid for 541e94e7-7fb4-4191-a1b2-471e2b5a17c7 is ff94c149-4e07-48b5-8732-3b40fd46496e.
niah_multikey_3,91918,The special magic uuid for 7c58f99e-5f26-4907-9445-43724e5745a5 is 2c6eb423-4b21-416b-8684-67830c6e4431.
niah_multikey_3,5734,The special magic uuid for 45e8924d-d7bd-4f9d-99a1-7648c25f68ed is: e701a606-16a0-4cd9-b0d3-570ac5fd274f.
niah_multikey_3,21808,The special magic uuid for 44e862e9-28be-48d3-9971-5c3a9ce84053 is 6d98f755-8af8-4273-bfe7-e64c24db524a.
niah_multikey_3,69460,19bb8ed1-6b03-4858-bccd-4534e6c7d887
niah_multikey_3,70486,The special magic uuid for 498d10b0-3cff-4226-8c29-89b214779e55 is 67fa8e7c-62de-47a0-aa18-f774aaab9bb7.
niah_multikey_3,72424,The special magic uuid for b97814e2-ccdb-4d0e-a1ce-047c3589db10 is 732d4552-159b-4e47-b578-228f80b68747.
niah_multikey_3,29902,The special magic uuid for 01833f45-9ea5-49dd-998b-3576813acd5f is: 706ca1c2-e3c1-44bc-a4b2-63740a7d638c.
niah_multikey_3,69916,6ebd6785-1a63-4964-9524-e85abe838eda
niah_multikey_3,9382,The special magic uuid for 7f205184-3540-4c1b-8a67-046b41776b80 is 66eb2d99-4bac-422c-b261-e4d96f283f89.
niah_multikey_3,7558,37625900-18d2-40e0-b662-07db7bb060ed
niah_multikey_3,119164,The special magic uuid for cb4af62c-3993-413b-829b-2b19e3b28b01 is 58743d18-e0a3-4829-9df0-9b910f44ed81.
niah_multikey_3,84850,The special magic uuid for 32d59595-6356-480f-a4a1-779b3fb0188d is 73c9b4bb-5192-4582-8fd1-a8d68d4706b0.
niah_multikey_3,79606,The special magic uuid for 2f71c0ef-f5c1-42ba-9bbc-ae164e60d0cf is 3deccbc4-9ef8-4759-8791-23c92fb3190c.
niah_multikey_3,45862,The special magic uuid for b223f6ae-46bd-4908-83e9-4b9a3d8a4d4a is b091e731-5271-4072-8273-cd0441af92a3.
niah_multikey_3,27166,960ef91b-c744-4d6b-8746-110f5d77bf2b
niah_multikey_3,53614,The special magic uuid for 52a8584f-4ed0-4e5d-b886-2671e68f3905 is 9c8adb0b-1d54-4e0c-9426-55d158df72c9.
niah_multikey_3,70942,The special magic uuid for b9d74e05-639f-41c0-ac56-647509080866 is 87e64762-0052-4d4d-815c-33182f465ee3.
niah_multikey_3,62392,The special magic uuid for 0a1403fc-2376-46a6-94ab-1235b1e9af67 is 712277bd-9c98-4b42-b697-7d8bc1649883.
niah_multikey_3,5734,The special magic uuid for cbb6d4ae-a9ef-417b-ae13-781dfdb02c61 is 0ae35315-3525-465d-aa67-1762acc19256.
niah_multikey_3,110842,The special magic uuid for a4a4850f-bb02-40ab-9075-de8c1af4cc54 is a79a47ef-eeb5-4e63-b65e-31e1faf56484.
niah_multikey_3,84736,The special magic uuid for 8ad6e6f1-1ea7-4cdb-9355-8e080c63c9a8 is 0b3fc171-8569-42be-883d-333eac1c1313.
niah_multikey_3,21124,The special magic uuid for bfcdc3cf-bb25-4f45-b220-03ec7cf26db7 is 6d0aeade-92a5-410b-a427-f6a2bf3d60bd.
niah_multikey_3,25798,The special magic uuid for 0c424625-d972-43b8-8869-af40763cc081 is 0bb14024-7906-447c-bc65-defae8ec232e.
niah_multikey_3,98188,The special magic uuid for 106d6f86-7d34-4163-89d9-4cb3ca78cf2e is 37f0d7ec-bca7-444a-9c18-823571b57faa.
niah_multikey_3,118822,The special magic uuid for aa732e9a-86c8-4310-b7c9-459345793d26 is 96b67807-ee12-43ee-b40c-52e8001e1bbd.
niah_multikey_3,59200,1ed649b4-683c-4e92-8d59-fa44ff8a0e21
niah_multikey_3,54526,The special magic uuid for 88e99a8a-83f0-4ca0-ab40-ef63daf38525 is ec9db4db-ae24-4343-9d02-ad69a6e854e7.
niah_multikey_3,9382,The special magic uuid for c68f827f-00c8-4003-ac55-52b61e36c079 is f5c56661-477d-4c9a-914d-4901e8e2500d.
niah_multikey_3,57604,The special magic uuid for 9f128cb1-ece8-4513-a544-99cce03f8d81 is a2f890df-b8a2-4ea7-a574-c801540946a9.
niah_multikey_3,19642,The special magic uuid for 5c9f3a88-8995-4a97-8725-4894e1395d20 is 4a5c5023-f963-4b1e-b42d-54aba3eff6f6.
niah_multikey_3,12802,79f9101d-4c3a-4e26-8ccb-346d118de3b5
niah_multikey_3,101608,The special magic uuid for 05ef568f-7546-490c-ae60-b98af0530032 is cd8bfdae-bf75-49bc-890b-bc698ed7a41e.
niah_multikey_3,33778,The special magic uuid for 7c68f400-adca-4bd0-87e5-5d437690a741 is 5e6a243d-aeb9-4e1e-b7a3-7fb15e123876.
niah_multikey_3,6076,The special magic uuid for bb660e85-ca69-46dd-b2dc-123c35ca8950 is e4a99051-333a-4d9e-913e-aca927cdd452.
niah_multikey_3,77440,221a85d8-f97a-4dc7-8a00-bac19c965f42
niah_multikey_3,125548,The special magic uuid for 0a60adba-f38d-404f-922b-16e7fc9c00c5 is 5f24670d-117d-46a2-898d-5892e5dcd449.
niah_multikey_3,107536,The special magic uuid for b77227d9-8b41-4325-8ba3-b36a91b06da0 is 62ceffbc-ac47-4923-9644-2529f2d8a834.
niah_multikey_3,40048,The special magic uuid for d5bc9cde-454d-4948-a1ce-ea85f3902526 is cdc8d581-cda4-4cc4-a8b9-273b765a2c3c.
niah_multikey_3,38338,The special magic uuid for 32e9f1e5-8ef8-4b9b-b346-b15ed050fd6e is 99a1ab68-46e8-47c1-9677-ff66333c02e5.
niah_multikey_3,84394,5529c00e-ef0b-4009-9a82-017cdf3f2424
niah_multikey_3,31498,The special magic uuid for 98b9105e-b6c7-4fd3-9e72-91c3a76e50a5 is 53b29675-5a4e-411a-8d57-1a1236b60a52.
niah_multikey_3,41872,The special magic uuid for 8874761e-33f2-42fb-b4ad-84e25612238c is 17540bbd-f146-4347-bba0-1cabf01a4531.
niah_multikey_3,32296,The special magic uuid for 98c52a14-91ef-4794-8b32-068fad7f912a is d7919669-bc56-4620-98ef-a7fd00085e18.
niah_multikey_3,48598,The special magic uuid for bf831bbc-82fc-4447-b5ef-394c0c55043c is 8f5031b9-cc3c-43d3-9a4f-e5ca6555402c.
niah_multikey_3,90550,The special magic uuid for 75143cf2-6609-4a89-aaaf-6b3689c986ac is 1b6a69c6-fb46-4dbc-a38d-e657ecce0cf9.
niah_multikey_3,106624,The special magic uuid for 89df287c-f38c-44c8-b516-11cc3df426e1 is 01a45bbb-8b93-4ee7-8a69-f62735b69718.
niah_multikey_3,71512,The special magic uuid for 0849c456-f0cf-4a9e-9165-fee380dd103b is 63ec4f10-3ee5-49bd-8637-65005b551804.
niah_multikey_3,88270,The special magic uuid for 0f454aaf-f3fd-4a06-82c8-7e67dc220108 is 9b1891f6-f978-40ad-8d02-4b50b5d09f7d.
niah_multikey_3,53272,The special magic uuid for 77695bd1-256e-4722-b7a3-f98472f21e3d is 003ea641-f3cf-43c0-95d4-5004cacd3423.
niah_multikey_3,83368,The special magic uuid for 64ccc482-2bf5-49d5-8c76-48b281a77e4b is b7fc99fe-eca7-43c6-babb-7b2b838fc81f.
niah_multikey_3,74020,The special magic uuid for 9120642c-b9d1-4548-a5a4-3ac61dcabb5d is cc72f1cd-28d0-402b-af53-19a3de22c663.
niah_multikey_3,111526,The special magic uuid for 663e8b42-f2b8-46b5-a109-1f4aa8c1078b is 4422799b-62a3-49e0-90e4-39d45369f848.
niah_multikey_3,100582,The special magic uuid for fe864e0f-339d-42e9-bf26-eba18cbe15a3 is 464789fa-8920-45d6-999d-367f29cd1554.
niah_multikey_3,54412,The special magic uuid for e505bbea-1801-45a1-8e06-d09318d32eb4 is 17b82f8e-9e19-4b9e-aa8d-79c0e67b1f3c.
niah_multikey_3,22378,9905ec0f-6639-479a-93e2-5b9631c537b0
niah_multikey_3,101950,The special magic uuid for 728a9c05-8fe4-47f0-a35b-091daeffcd41 is 2147851b-4743-48e9-8c6b-f0939009068e.
niah_multikey_3,105712,The special magic uuid for d1183234-2519-40af-86e4-594ff01fb64d is 27129d96-765e-4d19-827b-32dd3848bd5c.
niah_multikey_3,84622,The special magic uuid for 34785e49-3357-403d-be28-f1a4ce873360 is 91d9c1ad-7c98-4d25-b0eb-87d391be5316.
niah_multikey_3,89752,The special magic uuid for bf90bb74-e59a-464d-8e28-34022ce0451f is 23ee57ec-f22d-4d1d-9695-cf70044fbb60.
niah_multikey_3,66040,The special magic uuid for af0aeda3-d542-4e08-9570-b876d6016380 is eb922c4e-e531-476e-b150-99f335d3f1c5.
niah_multikey_3,125434,The special magic uuid for a04b7472-a969-41db-bf82-80a3bb7c64f9 is 2eb34212-104e-404c-bf97-ee7e9259f39e.
niah_multivalue,111489,"The special magic numbers for beautiful-conditioner mentioned in the provided text are:

1. 4860684
2. 1352896
3. 4694634
4. 6672134"
niah_multivalue,210045,"The special magic numbers for worried-purse mentioned in the provided text are:

1. 8935169
2. 5076817
3. 7829332
4. 8930103"
niah_multivalue,226424,"The special magic numbers for embarrassed-discussion mentioned in the provided text are:

1. 3351868
2. 8526486
3. 8077999
4. 9997381"
niah_multivalue,244171,"The special magic numbers for obedient-breeze mentioned in the provided text are:

1. 1247595
2. 1848731
3. 2564689
4. 2642635"
niah_multivalue,288990,"The special magic numbers for nasty-course mentioned in the text are:

1. 4185957
2. 3597059
3. 5977931
4. 9164991"
niah_multivalue,263818,"The special magic numbers for hurried-tensor mentioned in the provided text are:

1. 8999183
2. 1841248
3. 9436429
4. 1959074"
niah_multivalue,291368,"The special magic numbers for efficient-stamina mentioned in the text are:

1. 4946066
2. 2140194
3. 2149597
4. 7774229"
niah_multivalue,158640,"The special magic numbers for swift-bronze mentioned in the provided text are:

1. 9770838
2. 8033426
3. 6307805
4. 2375453"
niah_multivalue,308674,"The special magic numbers for mammoth-marten mentioned in the provided text are:

1. 8670955
2. 6033115
3. 6304573
4. 3195773"
niah_multivalue,275528,"The special magic numbers for different-burn mentioned in the provided text are:

1. 9874152
2. 6075395
3. 1131249
4. 8351517"
niah_multivalue,298444,"The special magic numbers for condemned-scam mentioned in the text are:

1. 5569244
2. 3607983
3. 5727085
4. 2795765"
niah_multivalue,268120,"The special magic numbers for dirty-stress mentioned in the provided text are:

1. 1162230
2. 8175395
3. 2876932
4. 8412769"
niah_multivalue,182694,"The special magic numbers for soggy-laundry mentioned in the provided text are:

1. 3138181
2. 8210624
3. 1701771
4. 3484601"
niah_multivalue,308665,"The special magic numbers for utter-payoff mentioned in the provided text are:

1. 6933742
2. 2724590
3. 7817881
4. 5186414"
niah_multivalue,136704,"The special magic numbers for modern-vulture mentioned in the provided text are:

1. 6573147
2. 4009172
3. 1415846
4. 7907400"
niah_multivalue,174905,"The special magic numbers for alleged-terrorist mentioned in the provided text are:

1. 4348276
2. 4731818
3. 8722606
4. 8896868"
niah_multivalue,270465,"The special magic numbers for marked-stretch mentioned in the provided text are:

1. 2164686
2. 5674183
3. 5682940
4. 6507321"
niah_multivalue,298448,"The special magic numbers for adhesive-catsup mentioned in the provided text are:

1. 3995870
2. 5382463
3. 5453786
4. 2935113"
niah_multivalue,281798,"The special magic numbers for yellow-carotene mentioned in the provided text are:

1. 9580255
2. 8321474
3. 2940214"
niah_multivalue,211634,"The special magic numbers for whimsical-prince mentioned in the provided text are:

1. 9722815
2. 1028374
3. 4305700
4. 8315831"
niah_multivalue,206233,"The special magic numbers for ugly-manor mentioned in the provided text are:

1. 9508103
2. 6038571
3. 6188935
4. 3090865"
niah_multivalue,277159,"The special magic numbers for empty-drop mentioned in the provided text are:

1. 3919694
2. 7361002
3. 6049101
4. 8053918"
niah_multivalue,253967,"The special magic numbers for fabulous-way mentioned in the text are:

1. 8801207
2. 6406444
3. 8411939
4. 8212326"
niah_multivalue,153320,"The special magic numbers for trite-triangle mentioned in the provided text are:

1. 9647849
2. 5761145
3. 6623525
4. 2422633"
niah_multivalue,308665,"The special magic numbers for defeated-dig mentioned in the provided text are:

1. 5107776
2. 1775337
3. 8971465
4. 1409790"
niah_multivalue,261168,"The special magic numbers for dusty-melon mentioned in the provided text are:

1. 1842524
2. 8793853
3. 5180853
4. 9689889"
niah_multivalue,141906,"The special magic numbers for receptive-shackle mentioned in the provided text are:

1. 5606980
2. 5013879
3. 8379837
4. 9130188"
niah_multivalue,289018,"The special magic numbers for miniature-chit-chat mentioned in the provided text are:

1. 7975534
2. 8816912
3. 2044645
4. 6551268"
niah_multivalue,196446,"The special magic numbers for political-target mentioned in the provided text are:

1. 8312114
2. 5579094
3. 9147720
4. 4681284"
niah_multivalue,226392,"The special magic numbers for damaging-stamp mentioned in the provided text are:

1. 1843636
2. 4048907
3. 5364698
4. 8746014"
niah_multivalue,270489,"The special magic numbers for internal-implication mentioned in the provided text are:

1. 5668371
2. 5232413
3. 7360682
4. 8072684"
niah_multivalue,308689,"The special magic numbers for jumpy-subcomponent mentioned in the provided text are:

1. 1675419
2. 2151225
3. 1520596
4. 4761823"
niah_multivalue,280015,"The special magic numbers for disgusted-mile mentioned in the text are:

1. 1430812
2. 2813596
3. 6233774"
niah_multivalue,281794,"The special magic numbers for spooky-forever mentioned in the text are:

1. 6059717
2. 2709620
3. 3030966
4. 5074336"
niah_multivalue,244172,"The special magic numbers for ubiquitous-cure mentioned in the provided text are:

1. 9488613
2. 2156902
3. 6724909
4. 7217147"
niah_multivalue,218626,"The special magic numbers for overrated-zombie mentioned in the provided text are:

1. 6407373
2. 5502929
3. 8307727
4. 5118725"
niah_multivalue,244163,"The special magic numbers for skillful-stab mentioned in the provided text are:

1. 1481506
2. 6643798
3. 9293086
4. 7358385"
niah_multivalue,263826,"The special magic numbers for gifted-menopause mentioned in the provided text are:

1. 5635017
2. 5691890
3. 1170307"
niah_multivalue,143253,"The special magic numbers for poor-evaluator mentioned in the provided text are:

1. 8987516
2. 8519121
3. 5031966
4. 9234615"
niah_multivalue,277178,"The special magic numbers for vivacious-plane mentioned in the provided text are:

1. 7191135
2. 6137284
3. 8939993
4. 5081983"
niah_multivalue,158640,"The special magic numbers for kind-cheddar mentioned in the provided text are:

1. 6144280
2. 5217853
3. 5545223
4. 8612582"
niah_multivalue,298440,"The special magic numbers for romantic-sill mentioned in the text are:

1. 4630331
2. 4213524
3. 4106298
4. 9123504"
niah_multivalue,280008,"The special magic numbers for grouchy-ease mentioned in the provided text are:

1. 5901239
2. 1914794
3. 3118618
4. 1763626"
niah_multivalue,236747,"The special magic numbers for panoramic-nexus mentioned in the provided text are:

1. 6716097
2. 8389840
3. 4093109
4. 9031491"
niah_multivalue,289002,"The special magic numbers for cooperative-lie mentioned in the provided text are:

1. 9767312
2. 4786401
3. 7381684
4. 7982241"
niah_multivalue,127942,"The special magic numbers for sincere-familiar mentioned in the provided text are:

1. 4486102
2. 2664863
3. 2010496
4. 4540415"
niah_multivalue,288998,"The special magic numbers for flawless-entry mentioned in the text are:

1. 8617381
2. 5743227
3. 2194198
4. 5833597"
niah_multivalue,153320,"The special magic numbers for concerned-wake mentioned in the provided text are:

1. 5456573
2. 3499627
3. 3386328
4. 4771676
5. 3386328"
niah_multivalue,270477,"The special magic numbers for numberless-common mentioned in the text are:

1. 6101803
2. 8863447
3. 3086308
4. 7752972"
niah_multivalue,281790,"The special magic numbers for brash-landing mentioned in the provided text are:

1. 6407658
2. 8248238
3. 5200476
4. 1668752"
niah_multivalue,204617,"The special magic numbers for teeny-tiny-deputy mentioned in the provided text are:

1. 8885465
2. 6837817
3. 2530793
4. 9249789"
niah_multivalue,277190,"The special magic numbers for impossible-trustee mentioned in the provided text are:

1. 5835492
2. 9312590
3. 7906258
4. 7718473"
niah_multivalue,270474,"The special magic numbers for gamy-composition mentioned in the provided text are:

1. 7780932
2. 2944841
3. 9633492
4. 6423634"
niah_multivalue,277162,"The special magic numbers for elegant-ale mentioned in the provided text are:

1. 9363326
2. 7069650
3. 8416216
4. 9697969"
niah_multivalue,298444,"The special magic numbers for hard-digestion mentioned in the provided text are:

1. 3037191
2. 1484348
3. 9132114
4. 8350368"
niah_multivalue,275540,"The special magic numbers for quiet-health-care mentioned in the provided text are:

1. 7970771
2. 8922533"
niah_multivalue,253983,"The special magic numbers for embarrassed-sail mentioned in the text are:

1. 2171218
2. 3290229
3. 5634662
4. 9526867"
niah_multivalue,270449,"The special magic numbers for half-spume mentioned in the provided text are:

1. 3493017
2. 9214801
3. 8491822
4. 6008935"
niah_multivalue,206253,"The special magic numbers for open-counseling mentioned in the provided text are:

1. 4165061
2. 6398528
3. 7425184
4. 5006492"
niah_multivalue,291376,"The special magic numbers for wealthy-dysfunction mentioned in the provided text are:

1. 3551903
2. 7477326
3. 9310235
4. 7395997"
niah_multivalue,268128,"The special magic numbers for good-signature mentioned in the provided text are:

1. 2347467
2. 6512415
3. 6680114
4. 7668663"
niah_multivalue,220626,"The special magic numbers for swanky-reference mentioned in the provided text are:

1. 5821419
2. 4938791
3. 2147909
4. 4816586"
niah_multivalue,182710,"The special magic numbers for voracious-guilder mentioned in the provided text are:

1. 1771600
2. 1485654
3. 6442103
4. 6024207"
niah_multivalue,308653,"The special magic numbers for deep-auto mentioned in the provided text are:

1. 7913081
2. 4020853
3. 9911492
4. 5096953"
niah_multivalue,228797,"The special magic numbers for swift-linen mentioned in the provided text are:

1. 3401116
2. 9349470
3. 4895475
4. 5040453"
niah_multivalue,228804,"The special magic numbers for blue-footstep mentioned in the provided text are:

1. 6018975
2. 6797629
3. 8410995
4. 8118722"
niah_multivalue,281806,"The special magic numbers for plastic-pollution mentioned in the text are:

1. 7398231
2. 4979651
3. 7022335
4. 2789344"
niah_multivalue,298436,"The special magic numbers for abnormal-aim mentioned in the provided text are:

1. 5801541
2. 4860745
3. 9333700
4. 1822825"
niah_multivalue,291356,"The special magic numbers for uppity-excerpt mentioned in the provided text are:

1. 1661401
2. 2630140
3. 6183033
4. 3294774"
niah_multivalue,270449,"The special magic numbers for cagey-jute mentioned in the provided text are:

1. 7970985
2. 6481437
3. 3946751"
niah_multivalue,228840,"The special magic numbers for disillusioned-longboat mentioned in the provided text are:

1. 5951651
2. 9084065
3. 6682698
4. 5311242"
niah_multivalue,270466,"The special magic numbers for unusual-mantle mentioned in the provided text are:

1. 2515030
2. 7136687
3. 7619862
4. 7667458"
niah_multivalue,308669,"The special magic numbers for level-therapy mentioned in the provided text are:

1. 7232293
2. 7392547
3. 2817745
4. 5398338"
niah_multivalue,206253,"The special magic numbers for stupid-occasion mentioned in the provided text are:

1. 8789116
2. 2060605
3. 4713925
4. 6069909"
niah_multivalue,270485,"The special magic numbers for homeless-instructor mentioned in the provided text are:

1. 2630611
2. 2948178
3. 4939290
4. 9264869"
niah_multivalue,308701,"The special magic numbers for understood-everything mentioned in the provided text are:

1. 7960607
2. 3592464
3. 2661307
4. 8031780"
niah_multivalue,270489,"The special magic numbers for victorious-sideburns mentioned in the provided text are:

1. 8438733
2. 4645180
3. 8460758"
niah_multivalue,289006,"The special magic numbers for aromatic-midwife mentioned in the provided text are:

1. 3112652
2. 5086407
3. 4442778
4. 6595355"
niah_multivalue,270497,"The special magic numbers for flipped-out-confidence mentioned in the text are:

1. 1047572
2. 3475548
3. 5651899"
niah_multivalue,291360,"The special magic numbers for coherent-walnut mentioned in the provided text are:

1. 1249314
2. 3211291
3. 7010308"
niah_multivalue,236731,"The special magic numbers for goofy-curio mentioned in the provided text are:

1. 8062546
2. 3126655
3. 9826250
4. 1879109"
niah_multivalue,308665,"The special magic numbers for ragged-snuck mentioned in the provided text are:

1. 9453010
2. 8583392
3. 4716988
4. 2829622"
niah_multivalue,244191,"The special magic numbers for therapeutic-resource mentioned in the provided text are:

1. 9035982
2. 2020480
3. 1522621
4. 7738019"
niah_multivalue,308657,"The special magic numbers for brash-trip mentioned in the provided text are:

1. 2101965
2. 3488628
3. 3117143
4. 6404139"
niah_multivalue,226380,"The special magic numbers for new-vehicle mentioned in the provided text are:

1. 7942639
2. 4833486
3. 6686328
4. 8575834"
niah_multivalue,236747,"The special magic numbers for needless-stucco mentioned in the provided text are:

1. 7279729
2. 5276341
3. 3560856
4. 6243275"
niah_multivalue,211658,"The special magic numbers for little-transplantation mentioned in the provided text are:

1. 6530541
2. 2006313
3. 3050700
4. 3182975"
niah_multivalue,305712,"The special magic numbers for juvenile-author mentioned in the provided text are:

1. 5673599
2. 2927455
3. 4794319
4. 7166651"
niah_multivalue,174906,"The special magic numbers for adjoining-skyline mentioned in the provided text are:

1. 6183902
2. 5584716
3. 6701311
4. 4026879"
niah_multivalue,228796,"The special magic numbers for bitter-bass mentioned in the text are:

1. 2539438
2. 1514340
3. 9900022
4. 3380261"
niah_multivalue,308681,"The special magic numbers for didactic-promise mentioned in the provided text are:

1. 6442241
2. 6228407
3. 2425342
4. 7208460"
niah_multivalue,298456,"The special magic numbers for uninterested-pair mentioned in the text are:

1. 8434202
2. 5565128
3. 8113787
4. 2368710"
niah_multivalue,291372,"The special magic numbers for fanatical-particle mentioned in the provided text are:

1. 6791039
2. 2909540
3. 8212753
4. 9595744"
niah_multivalue,153328,"The special magic numbers for animated-codling mentioned in the provided text are:

1. 1919088
2. 7631419
3. 1128967
4. 4699685"
niah_multivalue,270497,"The special magic numbers for important-stepdaughter mentioned in the provided text are:

1. 9344741
2. 8225192
3. 1129686
4. 3013003"
niah_multivalue,228812,"The special magic numbers for pumped-savannah mentioned in the provided text are:

1. 7661748
2. 2209226
3. 1709714
4. 6941939"
niah_multivalue,197797,"The special magic numbers for smelly-cheese mentioned in the provided text are:

1. 7785090
2. 8007741
3. 5857259
4. 8202195"
niah_multivalue,291348,"The special magic numbers for sweet-mentor mentioned in the provided text are:

1. 2478574
2. 7070880
3. 8326807"
niah_multivalue,167992,"The special magic numbers for reflective-black mentioned in the provided text are:

1. 6205543
2. 7639863
3. 2319479"
niah_multivalue,127950,"The special magic numbers for righteous-elevator mentioned in the provided text are:

1. 6861544
2. 6890476
3. 9555575
4. 4253164"
niah_multiquery,251655,"The special magic numbers mentioned in the text are:

* 6304573 (orange-mangle)
* 4576135 (blue-eyed-drummer)
* 1156287 (bloody-reciprocity)
* 2677407 (ordinary-stem)"
niah_multiquery,127470,"The special magic numbers mentioned in the text are:

* 8351517 (different-burn)
* 9874152 (subsequent-motorcar)
* 6022741 (ablaze-poll)
* 6075395 (ruthless-thirst)"
niah_multiquery,22461,"The special magic numbers mentioned in the text are:

* 5428914 (evil-soundness)
* 6752576 (witty-offset)
* 9196204 (quarrelsome-casualty)
* 4533779 (habitual-law)"
niah_multiquery,270391,"The special magic numbers mentioned in the text are:

* 5394880 (curved-skating)
* 8412769 (dirty-stress)
* 1162230 (sharp-season)
* 8175395 (scintillating-frog)"
niah_multiquery,174643,"The special magic numbers mentioned in the text are:

* 7117837 (hot-dramaturge)
* 1701771 (cuddly-party)
* 7003042 (aloof-filter)
* 5186414 (fabulous-square)"
niah_multiquery,43018,"The special magic numbers mentioned in the text are:

* 6573147 (early-steeple)
* 5163555 (modern-dedication)
* 3670896 (graceful-admission)
* 1415846 (modern-vulture)"
niah_multiquery,295800,"The special magic numbers mentioned in the text are:

* 5382463 (condemned-pizza)
* 5453786 (eager-summit)
* 8290770 (squealing-tenement)
* 2818692 (alleged-evidence)"
niah_multiquery,308513,"The special magic numbers mentioned in the text are:

* 4305700 (Apple I used a TV as a monitor)
* 9722815 (Bertie Wooster seems long gone)
* 8235969 (lazy-lay)
* 8315831 (ancient-thermostat)
* 8315831 is also mentioned as a special magic number for ancient-thermostat, but it's likely a duplicate mention and not a different number."
niah_multiquery,36565,"The special magic numbers mentioned in the text are:

* 8411939
* 6406444
* 4585314
* 4526280"
niah_multiquery,236676,"The special magic numbers mentioned in the text are:

* 5107776 (annoyed-cigarette)
* 4340845 (few-storage)"
niah_multiquery,263647,"The special magic numbers mentioned in the text are:

* 1093026 (mentioned in the context of the tree structure of large organizations)
* 3475836 (mentioned in the context of good design)
* 8132769 (mentioned in the context of startup hubs)
* 7705062 (mentioned in the context of the study of modern literature)"
niah_multiquery,220551,"The special magic numbers mentioned in the text are:

* 9468772 (oafish-harvest)
* 9910914 (overrated-quince)
* 6323376 (shaky-face)
* 3237058 (optimal-nickel)"
niah_multiquery,27807,"The special magic numbers mentioned in the text are:

* 5013879 (tan-creche)
* 9130188 (receptive-shackle)
* 8379837 (grouchy-peninsula)
* 5652512 (tender-rainmaker)"
niah_multiquery,228640,"The special magic numbers mentioned in the text are:

* 7960328 (beautiful-hydrocarb)
* 4879923 (delightful-military)
* 4589533 (weary-sailing)
* 3563646 (lucky-scenario)"
niah_multiquery,205972,"The special magic numbers mentioned in the text are:

* 7381734 (smelly-barrage)
* 6009888 (kind-blind)
* 1327691 (maddening-rescue)
* 1098919 (permissible-waterwheel)"
niah_multiquery,308530,"The special magic numbers mentioned in the text are:

* 9147720 (nostalgic-billing)
* 7783308 (inquisitive-roller)
* 7523941 (adjoining-theology)
* 3768991 (worthless-reject)"
niah_multiquery,167918,"The special magic numbers mentioned in the text are:

* 7360307 (glamorous-selling)
* 8746014 (damaging-stamp)
* 1843636 (easy-scrip)
* 8190929 (therapeutic-advocacy)"
niah_multiquery,119044,"The special magic numbers mentioned in the text are:

* 8890439 (brawny-engineer)
* 4761823 (jumpy-subcomponent)
* 2151225 (tiny-chopstick)
* 1873851 (abusive-webpage)"
niah_multiquery,78848,"The special magic numbers mentioned in the text are:

* 2919136 (uncovered-astrologer)
* 5299055 (overt-consent)
* 8945036 (cruel-calcification)
* 4656838 (short-mob)"
niah_multiquery,14811,"The special magic numbers mentioned in the text are:

* 5074336 (boiling-zoologist)
* 4327421 (maniacal-outfit)
* 6059717 (chunky-arm)
* 7296605 (humorous-strait)"
niah_multiquery,211541,"The special magic numbers mentioned in the text are:

* 2770648 (powerful-explosion)
* 9488613 (billowy-eaglet)
* 6724909 (threatening-unemployment)
* 8047416 (abrasive-perception)"
niah_multiquery,228646,"The special magic numbers mentioned in the text are:

* 5502929 (youthful-contention)
* 5679639 (broken-conclusion)
* 8307727 (overrated-zombie)
* 5118725 (illegal-physical)"
niah_multiquery,136577,"The special magic numbers mentioned in the text are:

* 5334434 (knowing-symptom)
* 4558780 (political-asset)
* 5691890 (itchy-volleyball)
* 4050766 (imminent-activity)"
niah_multiquery,111341,"The special magic numbers mentioned in the text are:

* 8987516 (vigorous-correspondent)
* 1289293 (obsolete-fifth)
* 9234615 (thoughtful-tomato)
* 5031966 (poor-evaluator)"
niah_multiquery,295799,"The special magic numbers mentioned in the text are:

* 4106298 (victorious-pie)
* 5638893 (plausible-thief)
* 9990305 (courageous-swallow)
* 4630331 (eminent-toque)"
niah_multiquery,22529,"The special magic numbers mentioned in the text are:

* 1237370 (historical-supply)
* 9961299 (wet-resolution)
* 5602180 (cruel-mixture)
* 4010529 (large-fulfillment)"
niah_multiquery,127408,"The special magic numbers mentioned in the text are:

* 1861958 (for efficacious-apricot)
* 9031491 (for panoramic-nexus)
* 5770422 (for abrasive-clogs)
* 6716097 (for numerous-slate)"
niah_multiquery,298332,"The special magic numbers mentioned in the text are:

* 5163953 (for bright-forage)
* 6097514 (for shocking-clothing)
* 7982241 (for cooperative-lie)
* 3503120 (for demonic-pleat)"
niah_multiquery,78852,"The special magic numbers mentioned in the text are:

* 2664863 (stupid-assumption)
* 4540415 (exuberant-advantage)
* 8194570 (spectacular-unit)
* 2010496 (homely-rationale)"
niah_multiquery,27811,"The special magic numbers mentioned in the text are:

* 1547605 (the Apple I used a TV as a monitor)
* 8883823 (a number that is not explicitly explained in the text)
* 5833597 (wealth is not money, and wealth is the underlying stuff)
* 7853787 (a number that is not explicitly explained in the text)
* 2,000 sestertii (the price of an ordinary adult slave in ancient Rome)
* 600 (the price of a servant girl in ancient Rome)
* 8,000 (the price of a skilled vine-dresser"
niah_multiquery,218298,"The special magic numbers mentioned in the text are:

* 9284509 (for royal-textual)
* 9396529 (for grieving-reporter)
* 7752972 (for warlike-lack)
* 6101803 (for verdant-soap)"
niah_multiquery,85933,"The special magic numbers mentioned in the text are:

* 5521644 (unequaled-manufacturer)
* 1348050 (flaky-child)
* 1674975 (smelly-role)
* 2532210 (adamant-wrecker)"
niah_multiquery,78785,"The special magic numbers mentioned in the text are:

* 6386463 (inexpensive-disco)
* 2754894 (uncovered-tactics)
* 7850944 (juicy-godparent)
* 8885465 (callous-story)"
niah_multiquery,270396,"The special magic numbers mentioned in the text are:

* 2477398 (for onerous-mode)
* 9633492 (for melted-trail)
* 5234550 (for hushed-aluminum)
* 2944841 (for illustrious-stockings)"
niah_multiquery,51905,"Here are the special magic numbers mentioned in the text for each of the categories:

* Arrogant-sponge:

+ 4415140
* Graceful-evidence:

+ 3198037
* Tall-mine:

+ 8416216
* Hard-digestion:

+ 8350368"
niah_multiquery,51837,"The special magic numbers mentioned in the text are:

* 4769851 (capricious-dust)
* 7844947 (scrawny-beet)
* 8741810 (comfortable-feed)
* 1229419 (scientific-eye)"
niah_multiquery,27816,"The special magic numbers mentioned in the text are:

* 4197911 (Ludicrous-incentive)
* 9526867 (Standing-fratricide)
* 3426689 (Scientific-stool)
* 8663605 (Fresh-interaction)"
niah_multiquery,270323,"The special magic numbers mentioned in the text are:

* 9125900 (round-classroom)
* 9214801 (sour-whip)
* 8491822 (defective-shine)
* 6008935 (half-spume)"
niah_multiquery,244118,"The special magic numbers mentioned in the text are:

* 5006492 (wakeful-reduction)
* 6338112 (amused-woman)
* 7425184 (slimy-desert)
* 7891662 (flipped-out-teen)"
niah_multiquery,167923,"The special magic numbers mentioned in the text are:

* 3589751 (misty-boutique)
* 8665981 (reminiscent-mask)
* 2672884 (numerous-opera)"
niah_multiquery,118902,"Here are the special magic numbers mentioned in the text for each of the topics:

* loving-annual: 6312692
* tan-dream: 9186400
* unsightly-broiler: 9952696
* rural-collaboration: 1602286"
niah_multiquery,22464,"The special magic numbers mentioned in the text are:

1. 6024207 (voracious-guilder)
2. 3791137 (obedient-secretion)
3. 2686231 (cheerful-sadness)
4. 1771600 (adjoining-signal)"
niah_multiquery,243988,"The special magic numbers mentioned in the text are:

* 4020853 (shy-wrench)
* 3937176 (doubtful-derivation)
* 7418028 (boundless-police)
* 7913081 (righteous-yin)"
niah_multiquery,173158,"The special magic numbers mentioned in the text are:

* 7398231 (foolish-graph)
* 7454081 (erect-ham)
* 6068760 (orange-bachelor)
* 2789344 (plastic-pollution)"
niah_multiquery,308520,"The special magic numbers mentioned in the text are:

* 6910964 (stormy-surprise)
* 4860745 (handsomely-wraparound)
* 4189885 (fast-talk)
* 9333700 (stormy-bagpipe)"
niah_multiquery,275479,"The special magic numbers mentioned in the text are:

* 9084065 (giant-stair)
* 6682698 (helpful-backyard)
* 3361510 (boiling-catacomb)
* 8857296 (condemned-impress)"
niah_multiquery,61305,"The special magic numbers mentioned in the text are:

* 7850067 (tightfisted-archer)
* 2060605 (thundering-begonia)
* 6069909 (wary-chocolate)
* 8789116 (teeny-tree)"
niah_multiquery,244054,"The special magic numbers mentioned in the text are:

* 3592464 (sparkling-jade)
* 8610879 (macho-quicksand)
* 3276065 (rotten-target)
* 8031780 (likeable-thesis)"
niah_multiquery,22462,"The special magic numbers mentioned in the text are:

* 2666893 (laughable-oasis)
* 4961312 (obnoxious-arm-rest)
* 7162857 (vast-builder)
* 8438733 (fantastic-reporter)"
niah_multiquery,102262,"The special magic numbers mentioned in the text are:

* 1358318 (testy-rally)
* 6595355 (aromatic-midwife)
* 3112652 (fresh-disengagement)
* 4558545 (calm-godfather)"
niah_multiquery,234747,"The special magic numbers mentioned in the text are:

* 3923366 (absorbing-lizard)
* 1879109 (goofy-curio)
* 2906718 (reminiscent-quantity)
* 8062546 (cruel-senator)"
niah_multiquery,211531,"The special magic numbers mentioned in the text are:

* 9035982 (bad-cutover)
* 9748499 (wry-locket)
* 1522621 (therapeutic-resource)
* 8684678 (historical-birdhouse)"
niah_multiquery,42463,"The special magic numbers mentioned in the text are:

* 8608449 (irate-crew)
* 7942639 (flagrant-overhead)
* 8575834 (new-vehicle)
* 7979148 (massive-communion)"
niah_multiquery,42464,"The special magic numbers mentioned in the text are:

* 9512969 (smoggy-sole)
* 2738129 (kaput-variation)
* 6242022 (happy-salt)
* 3595941 (faithful-casement)"
niah_multiquery,85993,"The special magic numbers mentioned in the text are:

* 4026879 (for adjoining-skyline)
* 5487028 (for strong-digger)
* 6183902 (for grotesque-acorn)
* 1440466 (for nervous-salesman)"
niah_multiquery,78784,"The special magic numbers mentioned in the text are:

* 7311494 (for fanatical-bootie)
* 9900022 (for calm-lab)
* 8610913 (for mysterious-dugout)
* 1514340 (for deadpan-jump)"
niah_multiquery,244054,"The special magic numbers mentioned in the text are:

* 8434202 (grieving-millet)
* 1834876 (sweet-consul)
* 2368710 (uninterested-pair)"
niah_multiquery,85255,"The special magic numbers mentioned in the text are:

* 5856117 (gentle-atom)
* 3013003 (important-stepdaughter)
* 9344741 (ablaze-milepost)
* 3302417 (faint-dock)"
niah_multiquery,288838,"The special magic numbers mentioned in the text are:

* 8719145 (draconian-nectar)
* 7070880 (versed-wealth)
* 8326807 (burly-action)
* 5082173 (clear-underwire)"
niah_multiquery,279881,"The special magic numbers mentioned in the text are:

* 8531380 (overjoyed-strip)
* 9289908 (dysfunctional-brushing)
* 2264218 (towering-shear)
* 3564729 (drunk-notice)"
niah_multiquery,14805,"The special magic numbers mentioned in the text are:

* 9511700 (kind-eraser)
* 1942411 (grouchy-reserve)
* 6207779 (tasteless-vibration)
* 6080483 (tasteless-vibration)"
niah_multiquery,236610,"Here are the special magic numbers mentioned in the text:

* 1688246 (mentioned in the context of rich people's behavior)
* 8763013 (mentioned in the context of the author's dependence on earplugs)
* 4158134 (mentioned in the context of server-based software and efficiency)
* 9507186 (mentioned in the context of people's tendency to say ""I can't"" when faced with a challenge)"
niah_multiquery,78781,"The special magic numbers mentioned in the text are:

* 5156449 (alluring-hare)
* 3895058 (quaint-beancurd)
* 8344365 (wet-description)
* 2414808 (jealous-shelter)"
niah_multiquery,42951,"The special magic numbers mentioned in the text are:

* 6614484 (tasteless-feed)
* 6531293 (berserk-lout)
* 6676858 (minor-oat)
* 1878547 (upset-razor)"
niah_multiquery,167862,"The special magic numbers mentioned in the text are:

* 6204824 (jumpy-priest)
* 7575963 (tranquil-interconnection)
* 3372774 (brave-site)
* 2421349 (curious-laptop)"
niah_multiquery,96240,"The special magic numbers mentioned in the text are:

* 7083379 (abundant-meal)
* 4024309 (huge-anywhere)
* 6733317 (fallacious-tulip)
* 7070468 (quickest-vacation)"
niah_multiquery,78848,"The special magic numbers mentioned in the text are:

* alive-prestige: 6649968
* sweet-housework: 3198638
* squeamish-rectangle: 7320310
* quick-vinegar: 9833734"
niah_multiquery,234741,"Here are the special magic numbers mentioned in the text:

* 7406756 (habitual-lock)
* 3321942 (erratic-account)
* 9849306 (puzzled-armoire)"
niah_multiquery,14663,"The special magic numbers mentioned in the text are:

* 1472908 (mentioned in the context of few-redhead)
* 7289990 (mentioned in the context of brave-twilight)
* 7478792 (mentioned in the context of fluttering-parallelogram)
* 2662338 (mentioned in the context of icy-collagen)"
niah_multiquery,51833,"4618086, 1318832, 9854536, 1088100"
niah_multiquery,267739,"The special magic numbers mentioned in the text are:

* 9825812 (bewildered-quartz)
* 2436363 (elderly-premium)
* 7988844 (skinny-steeple)
* 7049927 (redundant-kumquat)"
niah_multiquery,14814,"The special magic numbers mentioned in the text are:

* 6784825 (bewildered-mineshaft)
* 6991041 (abstracted-blouse)
* 2739191 (frail-definition)"
niah_multiquery,228706,"The special magic numbers mentioned in the text are:

* 8795078 (vague-switchboard)
* 9028420 (wacky-calculation)
* 4058117 (tasty-goat)"
niah_multiquery,22463,"The special magic numbers mentioned in the text are:

* 1614394 (gaping-exception)
* 8942330 (marked-migrant)
* 4206183 (threatening-champion)"
niah_multiquery,182632,"The special magic numbers mentioned in the text are:

* 9347057 (voiceless-agency)
* 6688090 (lyrical-dance)
* 9324908 (elderly-bean)
* 8377556 (materialistic-seeker)"
niah_multiquery,211450,"The special magic numbers mentioned in the text are:

* 2721307 (for ill-embryo)
* 6501583 (for brash-apple)
* 5960015 (for typical-kebab)
* 5928582 (for salty-privilege)"
niah_multiquery,182563,"The special magic numbers mentioned in the text are:

* 6914963 (wrong-wrapper)
* 1710601 (observant-attention)
* 8297090 (sulky-leek)
* 1962308 (grouchy-nightlight)"
niah_multiquery,281679,"The special magic numbers mentioned in the text are:

* 7423230 (late-underwriting)
* 4959345 (bewildered-chuck)
* 7145971 (thirsty-yurt)
* 3117788 (alcoholic-army)"
niah_multiquery,86063,"The special magic numbers mentioned in the text are:

* 5675638 (tightfisted-hostel)
* 7156398 (rhetorical-talk)
* 3310140 (bored-boundary)
* 6274512 (marked-expedition)"
niah_multiquery,61762,"The special magic numbers mentioned in the text are:

* 9240971 (voracious-gear)
* 5366937 (glib-serval)
* 8487220 (watery-snowboarding)
* 5791184 (famous-greenhouse)"
niah_multiquery,86004,"The special magic numbers mentioned in the text are:

* 6828829 (unbecoming-assassination)
* 6361793 (utter-investment)
* 2089496 (whispering-paddock)
* 5871470 (scattered-dueling)"
niah_multiquery,153257,"The special magic numbers mentioned in the text are:

* Painstaking-care: 3177199
* Secretive-dirt: 7189302
* Adaptable-liar: 7054838
* Foamy-smuggling: 9288312"
niah_multiquery,36566,"The special magic numbers mentioned in the text are:

* 3717354 (from The Day of the Jackal)
* 6102363 (from the text about making money)
* 4782763 (from the text about education)
* 9692311 (from the text about the dark ages)
* 2,000 sestertii (the price of an ordinary adult slave in ancient Rome)
* 50,000 sestertii (the price of a doctor's freedom in ancient Rome)
* 100,000 sestertii (the price of a slave learned in the Greek classics in ancient Rome"
niah_multiquery,68244,"The special magic numbers mentioned in the text are:

* 9431778 (capricious-mileage)
* 9950276 (succinct-wildebeest)
* 3829240 (tested-specialist)
* 6080553 (tall-blackberry)"
niah_multiquery,9014,"The special magic numbers mentioned in the text are:

* 4536777 (tired-gastropod)
* 5440189 (testy-hall)
* 7989166 (slimy-plunger)
* 1762722 (brave-insect)"
niah_multiquery,102199,"The special magic numbers mentioned in the text are:

* 2005173 (blue-dictionary)
* 8375356 (different-lycra)
* 7813102 (fretful-taro)
* 8609207 (hesitant-temporary)"
niah_multiquery,78141,"The special magic numbers mentioned in the text are:

* 7444964 (harsh-vitamin)
* 3363534 (funny-percentage)
* 8015136 (super-chin)
* 1849015 (changeable-rethinking)"
niah_multiquery,22334,"The special magic numbers mentioned in the text are:

* 1137194 (handsomely-hugger)
* 5437118 (daily-pint)
* 8229768 (cloistered-vol)
* 8895137 (profuse-career)"
niah_multiquery,167787,"The special magic numbers mentioned in the text are:

* 2993318 (for tacit-tackle)
* 5692934 (for odd-archives)
* 2622046 (for curious-centre)
* 9460003 (for lying-supervisor)"
niah_multiquery,228574,"The special magic numbers mentioned in the text are:

* 6587495 (dangerous-laptop)
* 1652868 (animated-appeal)
* 9712957 (peaceful-wasp)"
niah_multiquery,9012,"The special magic numbers mentioned in the text are:

* 9551583 (quick-kumquat)
* 6643410 (spurious-gaffer)
* 6020319 (majestic-arrangement)
* 9218263 (ripe-icon)"
niah_multiquery,251598,"The special magic numbers mentioned in the text are:

* 6262886 (nutritious-liquidity)
* 3540594 (mushy-witch-hunt)
* 1317716 (embarrassed-whiskey)
* 2843740 (slippery-corn)"
niah_multiquery,85924,"The special magic numbers mentioned in the text are:

* 9025733 (ugliest-bread)
* 7322070 (relieved-violet)
* 6453426 (sharp-roommate)
* 4478616 (ratty-meringue)"
niah_multiquery,158546,"The special magic numbers mentioned in the text are:

* 5993143 (for fierce-cast)
* 5135904 (for empty-skeleton)
* 6007984 (for gullible-boy)
* 9123194 (for stupid-notepad)"
niah_multiquery,174713,"The special magic numbers mentioned in the text are:

* 5825636 (for amuck-antechamber)
* 7370211 (for craven-resume)
* 5872986 (for deeply-cockpit)
* 6790398 (for makeshift-yard)"
niah_multiquery,111394,"The special magic numbers mentioned in the text are:

* 1851702 (frantic-tender)
* 5014486 (super-luck)
* 2832517 (dangerous-shackle)
* 5557052 (shivering-chin)"
niah_multiquery,295803,"The special magic numbers mentioned in the text are:

* 1628578 (harsh-archeology)
* 3949245 (murky-switchboard)
* 4125790 (profuse-reminder)
* 7660463 (alert-variable)"
niah_multiquery,42532,"The special magic numbers mentioned in the text are:

* 7802999 (silly-drinking)
* 4240708 (silly-drinking)
* 5949685 (instinctive-watchmaker)
* 9644974 (neighborly-alphabet)"
niah_multiquery,260,"The special magic numbers mentioned in the text are:

* 8494978 (fluttering-equivalent)
* 7435310 (gleaming-mind)
* 6530194 (graceful-decimal)
* 1114590 (funny-sin)"
niah_multiquery,143060,"The special magic numbers mentioned in the text are:

* 6147356 (overt-peace)
* 9430894 (vast-nothing)
* 7801762 (diligent-meeting)
* 2983483 (barbarous-sprout)"
vt,0,"VAR JFITJ = 74820
VAR TVGCA = VAR JFITJ 
VAR OZJQU = VAR TVGCA"
vt,1,"VAR SHRUU = 69735
VAR OBNRB = VAR SHRUU 
VAR QAKML = VAR OBNRB 
VAR"
vt,2,"VAR SHAYC = 74925
VAR SMTRQ = VAR SHAYC 
VAR MUCFR = VAR SMTRQ 
VAR"
vt,3,"VAR BBHYQ = 15311
VAR TCAHM = VAR BBHYQ 
VAR IZGWC = VAR TCAHM"
vt,4,"VAR OEKRM = 63707
VAR AHHWB = VAR OEKRM 
VAR GGUPU = VAR AHHWB 
VAR"
vt,5,"VAR MBN = 81932
VAR QML = VAR MBN 
VAR BGD = VAR QML 
VAR HWM = VAR B"
vt,6,"VAR SIAKF = 35658
VAR VCYQE = VAR SIAKF 
VAR YHSKM = VAR VCYQE 
VAR"
vt,7,"VAR WKIMX = 28431
VAR JZUQD = VAR WKIMX 
VAR ZDZIC = VAR JZ"
vt,8,"VAR QWLSX = 69150
VAR BUHJD = VAR QWLSX 
VAR NOUEC = VAR BUHJD"
vt,9,"VAR VKAWU = 94654
The grass is green. The sky is blue. The sun is yellow. Here we go. There and"
vt,10,"VAR ZDZWS = 77435

The variable ZDZWS is assigned the value 77435."
vt,11,"VAR KCMKY = 76803
VAR AJLYW = VAR KCMKY 
VAR CROZJ = VAR AJLYW"
vt,12,"VAR DJUPA = 21394
VAR GDKCB = VAR DJUPA 
VAR LJPLF = VAR GDKCB 
VAR PSXR"
vt,13,"VAR OWLXK = 13890

The variable OWLXK is assigned the value 13890."
vt,14,"VAR QAYVG = 90038
VAR ESIIA = VAR QAYVG 
VAR WOKDQ = VAR ESIIA"
vt,15,"VAR PAHFD = 20627
VAR GIATE = VAR PAHFD 
VAR JSNVU = VAR GIATE 
VAR BWB"
vt,16,"VAR CNXJS = 83969
VAR VVGDF = VAR CNXJS 
VAR PTREU = VAR VVGDF 
VAR"
vt,17,"VAR SCOQI = 78148
VAR DSYZX = VAR SCOQI 
VAR CRNAI = VAR DSYZX 
VAR"
vt,18,"VAR GZUXF = 58555
VAR ROLUU = VAR GZUXF 
VAR NKEFP = VAR ROLUU"
vt,19,"VAR DHVSD = 90077
VAR SLACG = VAR DHVSD 
VAR VOSNC = VAR SLACG 
VAR"
vt,20,"VAR ZGAUI = 77121
VAR TQUTI = VAR ZGAUI 
VAR BOVEU = VAR TQUTI"
vt,21,"VAR ZMMYN = 99475
VAR USCPV = VAR ZMMYN 
VAR OICRH = VAR USCPV 
VAR"
vt,22,"VAR JLBDJ = 76557
VAR IHYAE = VAR JLBDJ 
VAR NXDUS = VAR IHYAE 
VAR"
vt,23,"VAR ZDWBK = 88953
The grass is green. The sky is blue. The sun is yellow. Here we go. There"
vt,24,"VAR SPVOV = 50757
VAR ABQOQ = VAR SPVOV 
VAR TKQMQ = VAR ABQOQ"
vt,25,"VAR KZXVY = 55758
VAR SEEZM = VAR KZXVY 
VAR WMCKL = VAR SEEZM"
vt,26,"VAR YTFNN = 81211
VAR BDIML = VAR YTFNN 
VAR PNIPE = VAR BDIML 
VAR"
vt,27,"VAR YCAID = 47065
VAR RKUXW = VAR YCAID 
VAR TBDFI = VAR RKUXW 
VAR"
vt,28,"VAR XKIUD = 21534
VAR BYCYR = VAR XKIUD 
VAR TFVHO = VAR BYCYR 
VAR"
vt,29,"VAR AXKVY = 11016
VAR AVUET = VAR AXKVY 
VAR WHAHP = VAR AVUET 
VAR"
vt,30,"VAR YAJLG = 65591
VAR IPOGJ = VAR YAJLG 
VAR GRMER = VAR IPOGJ 
VAR Y"
vt,31,VAR FNEWL = 33247
vt,32,"VAR JENNS = 84065

The variable JENNS is assigned the value 84065."
vt,33,"VAR VGWZN = 19268
VAR EROBI = VAR KHOPT 
VAR HENGF = VAR QJNSK"
vt,34,"VAR ETSOM = 22185
VAR WIYAY = VAR ETSOM 
VAR ZDZMG = VAR WIYAY"
vt,35,"VAR YEXNG = 18571
VAR QGJUC = VAR YEXNG 
VAR YLGSH = VAR QGJUC"
vt,36,"VAR YIYPT = 61214
VAR SKCEG = VAR YIYPT 
VAR VKXIT = VAR SKCEG"
vt,37,"VAR QTICA = 58984
VAR IJHDE = VAR QTICA 
VAR LOKAJ = VAR IJHDE 
VAR"
vt,38,"VAR KVJWL = 12568
VAR LVQPH = VAR KVJWL 
VAR PSMEK = VAR LVQPH 
VAR"
vt,39,"VAR JLPPN = 77563
The variable JLPPN is assigned the value 77563."
vt,40,"VAR YDILF = 58190
VAR MMLSI = VAR YDILF 
VAR HVCWQ = VAR MML"
vt,41,"VAR CRMZI = 97538
VAR KKCJL = VAR CRMZI 
VAR ERUXP = VAR KKCJL"
vt,42,"VAR HHNEL = VAR VMCAT 
VAR TTOCC = VAR HHNEL 
VAR UVJVB = VAR TTOCC 
VAR SO"
vt,43,"VAR BJHOI = 71858
VAR SHGWZ = VAR BJHOI 
VAR RCZUX = VAR SHGWZ 
VAR"
vt,44,"VAR QSWUK = 48660
VAR ZVMIH = VAR QSWUK 
VAR ODWUX = VAR ZVMIH"
vt,45,"VAR NLAID = 36854
VAR WSMFC = VAR NLAID 
VAR UCJHJ = VAR WSMFC"
vt,46,"VAR WRHNN = 62251
VAR THBXY = VAR WRHNN 
VAR MCMPN = VAR THBXY 
VAR ZZY"
vt,47,"VAR FVNKQ = 18392

The variable FVNKQ is assigned the value 18392."
vt,48,"VAR UXRCT = 88603
VAR AWABJ = VAR UXRCT 
VAR XEYAU = VAR AWABJ 
VAR"
vt,49,"VAR UFXTG = 99135
VAR AKGJV = VAR UFXTG 
VAR WYARW = VAR AKGJV"
vt,50,"VAR GYDUC = 87373

The variable GYDUC is assigned the value 87373."
vt,51,"VAR CPXBZ = 94651
VAR FQVCW = VAR CPXBZ 
VAR JXHLD = VAR LSMJL ="
vt,52,"VAR OMXNK = 20965
VAR EIFXU = VAR OMXNK 
VAR BZNTZ = VAR EIFXU 
VAR Z"
vt,53,"VAR CGFNA = 80592
VAR XFDSX = VAR CGFNA 
VAR VIAPX = VAR XFDSX 
VAR"
vt,54,"VAR WUOEI = 89309

The variable WUOEI is assigned the value 89309."
vt,55,"VAR YBEJT = 62992
VAR OXCPP = VAR YBEJT 
VAR MAYEX = VAR OXCPP 
VAR E"
vt,56,"VAR RCOEX = 16910
The grass is green. The sky is blue. The sun is yellow. Here we go. There and"
vt,57,"VAR LZLZQ = 97054
VAR VGXXB = VAR LZLZQ 
VAR KKIHL = VAR VGXXB"
vt,58,"VAR MGJIU = 33419

The variable MGJIU is assigned the value 33419."
vt,59,"VAR DAJPE = 60015

The variable DAJPE is assigned the value 60015."
vt,60,"VAR CNRVJ = 97939
VAR QPHCB = VAR CNRVJ 
VAR ZQWGS = VAR QPHCB"
vt,61,"VAR ROHMT = 90356
The grass is green. The sky is blue. The sun is yellow. Here we go. There and"
vt,62,"VAR QAHTE = 66044
The grass is green. The sky is blue. The sun is yellow. Here we go. There and"
vt,63,"VAR XVAFZ = 43827
VAR FANDS = VAR XVAFZ 
VAR UJQUQ = VAR FANDS"
vt,64,"VAR FSHBM = 72623
VAR FYIAR = VAR FSHBM 
VAR XVRDC = VAR FYIAR 
VAR"
vt,65,"VAR ZHKWU = 85450
VAR QUCSB = VAR ZHKWU 
VAR YEKPU = VAR QUCSB"
vt,66,"VAR VITPS = 52557
VAR JLCRA = VAR VITPS 
VAR JQUOJ = VAR JLCRA"
vt,67,"VAR YUXRE = 12693
VAR VCRPI = VAR YUXRE 
VAR WKPSG = VAR VCRPI 
VAR"
vt,68,"VAR SRXNW = 35939
VAR KACJB = VAR SRXNW 
VAR BGUZR = VAR KACJB 
VAR"
vt,69,"To find the variables that are assigned the value 52941, we need to track the chain of variable assignments in the text.

VAR VHU ="
vt,70,"VAR RIHYQ = 28047

The variable RIHYQ is assigned the value 28047."
vt,71,"VAR VWTLV = 85766
VAR BRASA = VAR VWTLV 
VAR BEGBV = VAR BRASA 
VAR XKL"
vt,72,"VAR DRXUS = 31976
VAR JYOOD = VAR DRXUS 
VAR APNYH = VAR JYOOD 
VAR"
vt,73,"VAR RSDOV = 33776
VAR YEIUS = VAR RSDOV 
VAR QHJRI = VAR YEIUS"
vt,74,"VAR PWDNC = 76842
VAR JAGZZ = VAR PWDNC 
VAR RTDEO = VAR JAGZZ 
VAR"
vt,75,"VAR CGZFK = 16776

The variable CGZFK is assigned the value 16776."
vt,76,"VAR VYFPM = 19474
VAR MFKDP = VAR VYFPM 
VAR TQNER = VAR MFKDP"
vt,77,"VAR LYMTJ = 31959
VAR UXVOL = VAR LYMTJ 
VAR GTXCP = VAR UXVOL 
VAR OG"
vt,78,"VAR ISTWR = 13748
VAR TLSEF = VAR ISTWR 
VAR KIOSS = VAR TLSEF 
VAR EZAC"
vt,79,"VAR EAGAE = 76199
The variable EAGAE is assigned the value 76199."
vt,80,"VAR XWMGJ = 83530
VAR UFSUK = VAR XWMGJ 
VAR JNSGH = VAR UFSUK"
vt,81,"VAR QMZXW = 78840
VAR MZXHF = VAR QMZXW 
VAR OBUMO = VAR MZXHF"
vt,82,"VAR RVSUO = 61005
VAR WFUTM = VAR RVSUO 
VAR AKDXQ = VAR WFUTM"
vt,83,"VAR MTXJH = 49353

The variable MTXJH is assigned the value 49353."
vt,84,"VAR QCYKF = 93211
VAR TLDNE = VAR QCYKF 
VAR AJXWM = VAR TLDNE 
VAR"
vt,85,"VAR YMALH = 75318
VAR GKGTX = VAR YMALH 
VAR URHTV = VAR GKGTX 

The"
vt,86,"VAR DMIIU = 33664

The variable DMIIU is assigned the value 33664."
vt,87,"VAR ZGLAU = 95616
VAR PKGZP = VAR ZGLAU 
VAR RREUG = VAR PKGZP"
vt,88,"VAR THVXO = 10854
VAR BEHGJ = VAR THVXO 
VAR AQJEA = VAR BEHGJ"
vt,89,"VAR EZLJI = 56717
VAR ZIJTL = VAR EZLJI 
VAR SPOFT = VAR ZIJTL 
VAR"
vt,90,"To find the variables that are assigned the value 60859, we need to track the chain of variable assignments in the text.

VAR JHB ="
vt,91,"VAR KDCOB = 97455
VAR KCNUD = VAR KDCOB 
VAR DOMQF = VAR KCNUD 
VAR"
vt,92,"VAR GQDVH = 80467
VAR IUHMI = VAR GQDVH 
VAR TFOTO = VAR IUHMI"
vt,93,"VAR PCFZO = 22688
VAR SBXHM = VAR PCFZO 
VAR TARJH = VAR SBXHM 
VAR"
vt,94,"VAR RFDRX = 47157
The grass is green. The sky is blue. The sun is yellow. Here we go. There and"
vt,95,"According to the chain(s) of variable assignment in the text above, 1 variable is assigned the value 62083, it is: EKME"
vt,96,"VAR HKHVL = 99045
The grass is green. The sky is blue. The sun is yellow. Here we go. There and"
vt,97,"VAR EDTBI = 90623
VAR SYHEX = VAR EDTBI 
VAR YATAM = VAR SYHEX 
VAR MUP"
vt,98,"VAR RSOOZ = 35184

The variable RSOOZ is assigned the value 35184."
vt,99,"VAR DMUTF = 96202
The variable DMUTF is assigned the value 96202."
cwe,0,The top 10 words that appear most often in the list are: 1. the 2. and 3. of 4. to 5. a 6. in 7. that 8. is 9. for 10. with
cwe,1,The top 10 words that appear most often in the list are: 1. the 2. and 3. to 4. of 5. a 6. in 7. that 8. is 9. for 10. with
cwe,2,The top 10 words that appear most often in the list are: 1. the 2. and 3. of 4. to 5. a 6. in 7. that 8. is 9. for 10. with
cwe,3,The top 10 words that appear most often in the list are: 1. the 2. and 3. to 4. of 5. a 6. in 7. that 8. is 9. for 10. with
cwe,4,The top 10 words that appear most often in the list are: 1. the 2. and 3. to 4. of 5. a 6. in 7. that 8. is 9. for 10. with
cwe,5,The top 10 words that appear most often in the list are: 1. the 2. and 3. to 4. of 5. a 6. in 7. that 8. is 9. for 10. with
cwe,6,The top 10 words that appear most often in the list are: 1. the 2. and 3. of 4. to 5. a 6. in 7. that 8. is 9. for 10. with
cwe,7,Answer: The top 10 words that appear most often in the list are: 1. the 2. and 3. to 4. of 5. a 6. in 7. that 8. is 9. for 10. with
cwe,8,The top 10 words that appear most often in the list are: 1. the 2. and 3. of 4. to 5. a 6. in 7. that 8. is 9. for 10. with
cwe,9,The top 10 words that appear most often in the list are: 1. the 2. and 3. to 4. of 5. a 6. in 7. that 8. is 9. for 10. with
cwe,10,The top 10 words that appear most often in the list are: 1. the 2. and 3. to 4. of 5. a 6. in 7. that 8. is 9. for 10. with
cwe,11,The top 10 words that appear most often in the list are: 1. the 2. and 3. to 4. of 5. a 6. in 7. that 8. is 9. for 10. with
cwe,12,The top 10 words that appear most often in the list are: 1. the 2. and 3. to 4. of 5. a 6. in 7. that 8. is 9. for 10. with
cwe,13,The top 10 words that appear most often in the list are: 1. the 2. and 3. of 4. to 5. a 6. in 7. that 8. is 9. for 10. with
cwe,14,The top 10 words that appear most often in the list are: 1. the 2. and 3. of 4. to 5. a 6. in 7. that 8. is 9. for 10. with
cwe,15,The top 10 words that appear most often in the list are: 1. the 2. and 3. to 4. a 5. of 6. in 7. that 8. is 9. for 10. with
cwe,16,The top 10 words that appear most often in the list are: 1. the 2. and 3. to 4. of 5. a 6. in 7. that 8. is 9. for 10. with
cwe,17,The top 10 words that appear most often in the list are: 1. the 2. and 3. to 4. of 5. a 6. in 7. that 8. is 9. for 10. with
cwe,18,The top 10 words that appear most often in the list are: 1. the 2. and 3. to 4. of 5. a 6. in 7. that 8. is 9. for 10. with
cwe,19,The top 10 words that appear most often in the list are: 1. the 2. and 3. of 4. to 5. a 6. in 7. that 8. is 9. for 10. with
cwe,20,The top 10 words that appear most often in the list are: 1. the 2. and 3. to 4. of 5. a 6. in 7. that 8. is 9. for 10. with
cwe,21,The top 10 words that appear most often in the list are: 1. the 2. and 3. to 4. a 5. of 6. in 7. that 8. is 9. for 10. with
cwe,22,The top 10 words that appear most often in the list are: 1. the 2. and 3. to 4. of 5. a 6. in 7. that 8. is 9. for 10. with
cwe,23,The top 10 words that appear most often in the list are: 1. the 2. and 3. to 4. of 5. a 6. in 7. that 8. is 9. for 10. with
cwe,24,The top 10 words that appear most often in the list are: 1. the 2. and 3. to 4. of 5. a 6. in 7. that 8. is 9. for 10. with
cwe,25,The top 10 words that appear most often in the list are: 1. the 2. and 3. of 4. to 5. a 6. in 7. that 8. is 9. for 10. with
cwe,26,The top 10 words that appear most often in the list are: 1. the 2. and 3. to 4. of 5. a 6. in 7. that 8. is 9. for 10. with
cwe,27,The top 10 words that appear most often in the list are: 1. the 2. and 3. to 4. of 5. a 6. in 7. that 8. is 9. for 10. with
cwe,28,The top 10 words that appear most often in the list are: 1. the 2. and 3. to 4. of 5. a 6. in 7. that 8. is 9. for 10. with
cwe,29,The top 10 words that appear most often in the list are: 1. the 2. and 3. to 4. of 5. a 6. in 7. that 8. is 9. for 10. with
cwe,30,The top 10 words that appear most often in the list are: 1. the 2. and 3. of 4. to 5. a 6. in 7. that 8. is 9. for 10. with
cwe,31,The top 10 words that appear most often in the list are: 1. the 2. and 3. to 4. of 5. a 6. in 7. that 8. is 9. for 10. with
cwe,32,The top 10 words that appear most often in the list are: 1. the 2. and 3. to 4. of 5. a 6. in 7. that 8. is 9. for 10. with
cwe,33,The top 10 words that appear most often in the list are: 1. the 2. and 3. to 4. of 5. a 6. in 7. that 8. is 9. for 10. with
cwe,34,The top 10 words that appear most often in the list are: 1. the 2. and 3. to 4. of 5. a 6. in 7. that 8. is 9. for 10. with
cwe,35,The top 10 words that appear most often in the list are: 1. the 2. and 3. to 4. of 5. a 6. in 7. that 8. is 9. for 10. with
cwe,36,The top 10 words that appear most often in the list are: 1. the 2. and 3. to 4. of 5. a 6. in 7. that 8. is 9. for 10. with
cwe,37,The top 10 words that appear most often in the list are: 1. the 2. and 3. to 4. of 5. a 6. in 7. that 8. is 9. for 10. with
cwe,38,The top 10 words that appear most often in the list are: 1. the 2. and 3. of 4. to 5. a 6. in 7. that 8. is 9. for 10. with
cwe,39,The top 10 words that appear most often in the list are: 1. the 2. and 3. to 4. of 5. a 6. in 7. that 8. is 9. for 10. with
cwe,40,The top 10 words that appear most often in the list are: 1. the 2. and 3. to 4. of 5. a 6. in 7. that 8. is 9. for 10. with
cwe,41,The top 10 words that appear most often in the list are: 1. the 2. and 3. to 4. of 5. a 6. in 7. that 8. is 9. for 10. with
cwe,42,The top 10 words that appear most often in the list are: 1. the 2. and 3. to 4. of 5. a 6. in 7. that 8. is 9. for 10. with
cwe,43,The top 10 words that appear most often in the list are: 1. the 2. and 3. to 4. of 5. a 6. in 7. that 8. is 9. for 10. with
cwe,44,The top 10 words that appear most often in the list are: 1. the 2. and 3. to 4. of 5. a 6. in 7. that 8. is 9. for 10. with
cwe,45,The top 10 words that appear most often in the list are: 1. the 2. and 3. to 4. of 5. a 6. in 7. that 8. is 9. for 10. with
cwe,46,The top 10 words that appear most often in the list are: 1. the 2. and 3. of 4. to 5. a 6. in 7. that 8. is 9. for 10. with
cwe,47,The top 10 words that appear most often in the list are: 1. the 2. and 3. to 4. of 5. a 6. in 7. that 8. is 9. for 10. with
cwe,48,The top 10 words that appear most often in the list are: 1. the 2. and 3. to 4. of 5. a 6. in 7. that 8. is 9. for 10. with
cwe,49,The top 10 words that appear most often in the list are: 1. the 2. and 3. to 4. of 5. a 6. in 7. that 8. is 9. for 10. with
cwe,50,The top 10 words that appear most often in the list are: 1. the 2. and 3. to 4. of 5. a 6. in 7. that 8. is 9. for 10. with
cwe,51,The top 10 words that appear most often in the list are: 1. the 2. and 3. to 4. of 5. a 6. in 7. that 8. is 9. for 10. with
cwe,52,The top 10 words that appear most often in the list are: 1. the 2. and 3. of 4. to 5. a 6. in 7. that 8. is 9. for 10. with
cwe,53,The top 10 words that appear most often in the list are: 1. the 2. and 3. to 4. of 5. a 6. in 7. that 8. is 9. for 10. with
cwe,54,The top 10 words that appear most often in the list are: 1. the 2. and 3. to 4. of 5. a 6. in 7. that 8. is 9. for 10. with
cwe,55,The top 10 words that appear most often in the list are: 1. the 2. and 3. to 4. of 5. a 6. in 7. that 8. is 9. for 10. with
cwe,56,The top 10 words that appear most often in the list are: 1. the 2. and 3. to 4. of 5. a 6. in 7. that 8. is 9. for 10. with
cwe,57,The top 10 words that appear most often in the list are: 1. the 2. and 3. to 4. of 5. a 6. in 7. that 8. is 9. for 10. with
cwe,58,The top 10 words that appear most often in the list are: 1. the 2. and 3. of 4. to 5. a 6. in 7. that 8. is 9. for 10. with
cwe,59,The top 10 words that appear most often in the list are: 1. the 2. and 3. to 4. of 5. a 6. in 7. that 8. is 9. for 10. with
cwe,60,The top 10 words that appear most often in the list are: 1. the 2. and 3. to 4. of 5. a 6. in 7. that 8. is 9. for 10. with
cwe,61,The top 10 words that appear most often in the list are: 1. the 2. and 3. to 4. of 5. a 6. in 7. that 8. is 9. for 10. with
cwe,62,The top 10 words that appear most often in the list are: 1. the 2. and 3. to 4. of 5. a 6. in 7. that 8. is 9. for 10. with
cwe,63,The top 10 words that appear most often in the list are: 1. the 2. and 3. of 4. to 5. a 6. in 7. that 8. is 9. for 10. with
cwe,64,The top 10 words that appear most often in the list are: 1. the 2. and 3. to 4. of 5. a 6. in 7. that 8. is 9. for 10. with
cwe,65,The top 10 words that appear most often in the list are: 1. the 2. and 3. to 4. of 5. a 6. in 7. that 8. is 9. for 10. with
cwe,66,The top 10 words that appear most often in the list are: 1. the 2. and 3. to 4. of 5. a 6. in 7. that 8. is 9. for 10. with
cwe,67,The top 10 words that appear most often in the list are: 1. the 2. and 3. to 4. of 5. a 6. in 7. that 8. is 9. for 10. with
cwe,68,The top 10 words that appear most often in the list are: 1. the 2. and 3. to 4. of 5. a 6. in 7. that 8. is 9. for 10. with
cwe,69,The top 10 words that appear most often in the list are: 1. the 2. and 3. of 4. to 5. a 6. in 7. that 8. is 9. for 10. with
cwe,70,The top 10 words that appear most often in the list are: 1. the 2. and 3. of 4. to 5. a 6. in 7. that 8. is 9. for 10. with
cwe,71,The top 10 words that appear most often in the list are: 1. the 2. and 3. of 4. to 5. a 6. in 7. that 8. is 9. for 10. with
cwe,72,The top 10 words that appear most often in the list are: 1. the 2. and 3. to 4. of 5. a 6. in 7. that 8. is 9. for 10. with
cwe,73,The top 10 words that appear most often in the list are: 1. the 2. and 3. to 4. of 5. a 6. in 7. that 8. is 9. for 10. with
cwe,74,The top 10 words that appear most often in the list are: 1. the 2. and 3. to 4. of 5. a 6. in 7. that 8. is 9. for 10. with
cwe,75,The top 10 words that appear most often in the list are: 1. the 2. and 3. of 4. to 5. a 6. in 7. that 8. is 9. for 10. with
cwe,76,The top 10 words that appear most often in the list are: 1. the 2. and 3. of 4. to 5. a 6. in 7. that 8. is 9. for 10. with
cwe,77,The top 10 words that appear most often in the list are: 1. the 2. and 3. to 4. of 5. a 6. in 7. that 8. is 9. for 10. with
cwe,78,The top 10 words that appear most often in the list are: 1. the 2. and 3. to 4. of 5. a 6. in 7. that 8. is 9. for 10. with
cwe,79,The top 10 words that appear most often in the list are: 1. the 2. and 3. to 4. of 5. a 6. in 7. that 8. is 9. for 10. with
cwe,80,The top 10 words that appear most often in the list are: 1. the 2. and 3. to 4. of 5. a 6. in 7. that 8. is 9. for 10. with
cwe,81,The top 10 words that appear most often in the list are: 1. the 2. and 3. of 4. to 5. a 6. in 7. that 8. is 9. for 10. with
cwe,82,The top 10 words that appear most often in the list are: 1. the 2. and 3. of 4. to 5. a 6. in 7. that 8. is 9. for 10. with
cwe,83,The top 10 words that appear most often in the list are: 1. the 2. and 3. to 4. of 5. a 6. in 7. that 8. is 9. for 10. with
cwe,84,The top 10 words that appear most often in the list are: 1. the 2. and 3. to 4. of 5. a 6. in 7. that 8. is 9. for 10. with
cwe,85,The top 10 words that appear most often in the list are: 1. the 2. and 3. of 4. to 5. a 6. in 7. that 8. is 9. for 10. with
cwe,86,The top 10 words that appear most often in the list are: 1. the 2. and 3. of 4. to 5. a 6. in 7. that 8. is 9. for 10. with
cwe,87,The top 10 words that appear most often in the list are: 1. the 2. and 3. to 4. of 5. a 6. in 7. that 8. is 9. for 10. with
cwe,88,The top 10 words that appear most often in the list are: 1. the 2. and 3. of 4. to 5. a 6. in 7. that 8. is 9. for 10. with
cwe,89,The top 10 words that appear most often in the list are: 1. the 2. and 3. to 4. of 5. a 6. in 7. that 8. is 9. for 10. with
cwe,90,The top 10 words that appear most often in the list are: 1. the 2. and 3. to 4. of 5. a 6. in 7. that 8. is 9. for 10. with
cwe,91,The top 10 words that appear most often in the list are: 1. the 2. and 3. to 4. of 5. a 6. in 7. that 8. is 9. for 10. with
cwe,92,The top 10 words that appear most often in the list are: 1. the 2. and 3. to 4. of 5. a 6. in 7. that 8. is 9. for 10. with
cwe,93,The top 10 words that appear most often in the list are: 1. the 2. and 3. of 4. to 5. a 6. in 7. that 8. is 9. for 10. with
cwe,94,The top 10 words that appear most often in the list are: 1. the 2. and 3. to 4. of 5. a 6. in 7. that 8. is 9. for 10. with
cwe,95,The top 10 words that appear most often in the list are: 1. the 2. and 3. of 4. to 5. a 6. in 7. that 8. is 9. for 10. with
cwe,96,The top 10 words that appear most often in the list are: 1. the 2. and 3. to 4. of 5. a 6. in 7. that 8. is 9. for 10. with
cwe,97,The top 10 words that appear most often in the list are: 1. the 2. and 3. to 4. of 5. a 6. in 7. that 8. is 9. for 10. with
cwe,98,The top 10 words that appear most often in the list are: 1. the 2. and 3. to 4. of 5. a 6. in 7. that 8. is 9. for 10. with
cwe,99,The top 10 words that appear most often in the list are: 1. the 2. and 3. of 4. to 5. a 6. in 7. that 8. is 9. for 10. with
fwe,0,"ycsjaq, ddobwk, and chmibt"
fwe,1,"pvxcvc, yeqpya, bvtztf"
fwe,2,"pvqauf, cawfvs, ubphxu"
fwe,3,"uoehjn, ctiltj, qkrvin"
fwe,4,"qcrcgt, ubjtgz, xwpdjg"
fwe,5,"yjxtqp, ukwftf, cpqqeb"
fwe,6,"pyhxxk, ubhgen, yajtow"
fwe,7,"qbuyxm, ybrauh, ukkwox"
fwe,8,"yjlycd, ptehln, ucnzwd"
fwe,9,"uiogvf (34 times)
pzaonx (33 times)
yatddq (32 times)"
fwe,10,"udvhva (34 times), pphkoe (32 times), and yikssr (29 times)."
fwe,11,"qbgogd, xzyhem, udnnrs"
fwe,12,"ulpdda, pqozvd, ymyyhq"
fwe,13,"uixotn, bqhxab, yghorj"
fwe,14,"pyqpsn, ugbxoy, cmuiqh"
fwe,15,"pkqoqs, uejpck, and cezsug"
fwe,16,"uhgmsd (34 times)
qoqlez (32 times)
ybdywv (29 times)"
fwe,17,"ufjtve, pvrkpo, crvpof"
fwe,18,"ujzpjf, pqpvdc, ybexwm"
fwe,19,"uggnaw, qczbbo, bejqkm"
fwe,20,"ppnmhy, ymygwe, bvgaky"
fwe,21,"uoeztf, yfcpai, qgdlkd"
fwe,22,"yclyjw, uicnrg, ptfuln"
fwe,23,"buunzj, yfxgiq, cksmtx"
fwe,24,"xzyspa, qhxrqg, ujqymb"
fwe,25,"txxdhr, pphetp, xvubpp"
fwe,26,"uhhsxn, yhjnuh, bxkyfy"
fwe,27,"uvmqnv, qhzkjp, bwotxy"
fwe,28,"The three most frequently appeared words in the coded text are:

1. uizdna (145 times)
2. qcqjto (134 times)
3. ydjyhd (123 times)"
fwe,29,"uhhxlp, pynjlv, cbtcaj"
fwe,30,"qczjem, ujnrja, ykooyu"
fwe,31,"ylqrcd, uenqdu, bzbzbe"
fwe,32,"ujgele, qnfdxd, yezpog"
fwe,33,"ujdtvg, qasboh, cpmfpe"
fwe,34,"xzsupc, ubqdfi, cgvatg"
fwe,35,"The three most frequently appeared words in the coded text are:

1. ubxwfv (appears 234 times)
2. qbkmke (appears 194 times)
3. yatckg (appears 184 times)"
fwe,36,"tukiok, pqwiko, ybpwrm"
fwe,37,"uhxetl, qeikfj, ykygmq"
fwe,38,"qiiuxz, ucsbvq, yiucur"
fwe,39,"pysupz, udykhr, cirihs"
fwe,40,"uoiikv, yckmjo, and chactd"
fwe,41,"ybyxtj, bvuyru, and uiuuwo"
fwe,42,"uwqrqi, qitglx, yjfiqx"
fwe,43,"upanru, yfnwpo, psluon"
fwe,44,"puushs, ycdlwg, uioacg"
fwe,45,"ybjift, ufdqbs, and qcjzgc"
fwe,46,"qgwvup, upevou, cfahxd"
fwe,47,"qqqivn, yjwfvm, cegrcg"
fwe,48,"qjfrtm, yhiknk, cffufg"
fwe,49,"umisbm, qjooie, yfxsnt"
fwe,50,"uocqyk, yaxwaf, cbtgto"
fwe,51,"unrcgb, qhueoq, cewljf"
fwe,52,"qlcklc, yhordk, ulcyyx"
fwe,53,"vapxje, qmfkfe, ykzckd"
fwe,54,"usnhyh, qgydpo, xzjtcm"
fwe,55,"qgihyz, uswalo, cbpsju"
fwe,56,"pxdvmh, ybialz, ufbmcr"
fwe,57,"uzhyqq, qsnxft, bzdllz"
fwe,58,"ukcuxh, qprusv, yipvyv"
fwe,59,"ydnypj, hwsxya, ulcetr"
fwe,60,"uggyru, pykpdg, yblwvi"
fwe,61,"psvrsw, tyeuil, cajuxs"
fwe,62,"pjsixv, yevicz, and tymwsr"
fwe,63,"ujqqqk, yjibmb, cqvulf"
fwe,64,"tteqqq, pjamnz, xytdbz"
fwe,65,"yhdugb, twqxkz, and pivzdt"
fwe,66,"ubwkfu, pnvxfy, ydewjj"
fwe,67,"ujrlvk, pripdi, buifhr"
fwe,68,"uszhzsj, pzycrz, ydmbpm"
fwe,69,"uigoyj, ybooqt, dckpfj"
fwe,70,"tyebks, pzljvs, xywkrb"
fwe,71,"ufkhss, qavvrd, ydftoy"
fwe,72,"ucxrdy, qdycgt, and xykokf"
fwe,73,"tqidou, pnfjsp, bvanlf"
fwe,74,"qevmyl, ycazru, byrrga"
fwe,75,"uhalsx (34 times), pqtnss (33 times), and ymcsuk (32 times)"
fwe,76,"ujlrne, pwhdoy, cvnbun"
fwe,77,"uamzks, yevwhb, pwtmid"
fwe,78,"ppomhh, yimrlf, bqmlrb"
fwe,79,"uflawb, qexxum, ybkqcw"
fwe,80,"bzmbsx, qkpwlh, ufufvj"
fwe,81,"ufpcee, pxfwky, yfgbvp"
fwe,82,"tsmrwo, xytlyq, bwrjpi"
fwe,83,"upfiwz, yctoff, bwxxah"
fwe,84,"umkqqi, pqpmth, yegopw"
fwe,85,"ucetme, ppcdsw, byeoyz"
fwe,86,"typtpc, pxcwwb, xzfgad"
fwe,87,"pshvix, udbxzs, xxolti"
fwe,88,"qkjrkk, ulalid, cvqdto"
fwe,89,"tmctcv, xqywte, pguxeh"
fwe,90,"tvmjds, qbdzod, xztbau"
fwe,91,"txqgiu, ybtmpw, cffjgh"
fwe,92,"tyruuv, qayajk, ccfvtr"
fwe,93,"qhlubs, ybfnkh, upbvsm"
fwe,94,"qffzhu, ydpseh, cmlzyu"
fwe,95,"Based on the frequency count, the three most frequently appeared words in the coded text are:

1. tzafkw (appears 234 times)
2. priqri (appears 194 times)
3. xvszfk (appe"
fwe,96,"ugcbdk (34 times), ybcoaj (32 times), and cteuuc (29 times)"
fwe,97,"tzswko, ydpfmn, bwtxqu"
fwe,98,"pwmaaj, yaurrk, and uiilsn"
fwe,99,"uispyo, qgipwc, yczkxy"
qa_1,0,France
qa_1,1,The 10th and 11th centuries.
qa_1,2,"Denmark, Iceland, Norway, and Sweden."
qa_1,3,Rollo
qa_1,4,The 10th century.
qa_1,5,William II of Normandy
qa_1,6,Rollo
qa_1,7,Christianity
qa_1,8,Northman or Norseman
qa_1,9,9th century
qa_1,10,911
qa_1,11,King Charles III of West Francia
qa_1,12,The Rhine
qa_1,13,Rollo
qa_1,14,Catholicism (Christianity)
qa_1,15,Normandy
qa_1,16,Fighting horsemen.
qa_1,17,"The Pechenegs, the Bulgars, and the Seljuk Turks."
qa_1,18,The 1050s
qa_1,19,The 1060s.
qa_1,20,Alexius Komnenos
qa_1,21,Dyrrachium
qa_1,22,Oursel
qa_1,23,The Armenians
qa_1,24,They were descended from an Italo-Norman named Raoul.
qa_1,25,Robert Guiscard
qa_1,26,1081
qa_1,27,"30,000"
qa_1,28,Deabolis.
qa_1,29,Bohemond
qa_1,30,Deabolis
qa_1,31,1096
qa_1,32,Dyrrachium
qa_1,33,The city of Dyrrachium was located in the Balkan peninsula.
qa_1,34,Ethelred II of England
qa_1,35,Ethelred II
qa_1,36,Normandy
qa_1,37,Sweyn Forkbeard
qa_1,38,Harthacnut
qa_1,39,1041
qa_1,40,Robert of Jumièges
qa_1,41,Hastings.
qa_1,42,Duke William II of Normandy
qa_1,43,1066
qa_1,44,The Anglo-Saxons
qa_1,45,It evolved into Modern English.
qa_1,46,1169
qa_1,47,Ireland
qa_1,48,Irish culture
qa_1,49,Edgar Atheling
qa_1,50,King Malcolm III of Scotland
qa_1,51,1066
qa_1,52,Duncan
qa_1,53,Sybilla of Normandy
qa_1,54,Norman
qa_1,55,Hereford.
qa_1,56,The Welsh
qa_1,57,Edward the Confessor
qa_1,58,Wales
qa_1,59,1018
qa_1,60,William of Montreuil
qa_1,61,1097
qa_1,62,Tancred
qa_1,63,The conquest of Jerusalem.
qa_1,64,380 years
qa_1,65,A storm
qa_1,66,Berengaria
qa_1,67,1191
qa_1,68,Isaac Komnenos
qa_1,69,Conrad of Montferrat
qa_1,70,Silver
qa_1,71,Guy de Lusignan
qa_1,72,Africa
qa_1,73,Jean's nephew Maciot de Bethencourt
qa_1,74,Jean's nephew Maciot de Bethencourt
qa_1,75,Jean's nephew Maciot de Bethencourt
qa_1,76,The Channel Islands.
qa_1,77,2
qa_1,78,A unique Romanesque idiom
qa_1,79,Rounded arches
qa_1,80,Early Gothic
qa_1,81,Anglo-Saxon
qa_1,82,The Kingdom of Sicily
qa_1,83,The early 11th century.
qa_1,84,The Normans used the church to unify themselves.
qa_1,85,The 16th century.
qa_1,86,Embroidery
qa_1,87,The Bayeux Tapestry.
qa_1,88,"Odo, the Bishop of Bayeux and first Earl of Kent."
qa_1,89,Mosaics.
qa_1,90,11th
qa_1,91,William of Volpiano and John of Ravenna
qa_1,92,Southern Italy
qa_1,93,Sant'Eufemia
qa_1,94,Robert Guiscard
qa_1,95,singing
qa_1,96,Computational complexity theory.
qa_1,97,Time and space complexity.
qa_1,98,A computational problem.
qa_1,99,Time complexity
qa_2,0,No
qa_2,1,Meet Corliss Archer
qa_2,2,Animorphs
qa_2,3,No
qa_2,4,Brooklyn
qa_2,5,YG Entertainment
qa_2,6,Eenasul Fateh
qa_2,7,"4,000"
qa_2,8,Annie Morton
qa_2,9,Yes
qa_2,10,Kansas Song
qa_2,11,David Weissman
qa_2,12,1999
qa_2,13,Yes
qa_2,14,1986-2013
qa_2,15,Kansas
qa_2,16,North Atlantic Conference
qa_2,17,Yes
qa_2,18,Nixon
qa_2,19,Henry Roth
qa_2,20,Sergio Pérez
qa_2,21,Jim Cummings
qa_2,22,iSight iMac G5
qa_2,23,Wolf Alice
qa_2,24,Peter Schmeichel
qa_2,25,Lee Hazlewood
qa_2,26,1838
qa_2,27,Yes
qa_2,28,Henry J. Kaiser
qa_2,29,Crusaders of Khazan
qa_2,30,2000
qa_2,31,"Fujioka, Gunma"
qa_2,32,Charles Nungesser
qa_2,33,Yes
qa_2,34,Screaming Trees
qa_2,35,1923
qa_2,36,2000
qa_2,37,World War II
qa_2,38,No
qa_2,39,Columbia
qa_2,40,Manchester Terrier
qa_2,41,Kochi
qa_2,42,1962
qa_2,43,victory over the Mahdists
qa_2,44,Nelson Rockefeller
qa_2,45,Firth of Forth
qa_2,46,Phil Spector
qa_2,47,World Summit of Nobel Peace Laureates
qa_2,48,Yes
qa_2,49,English Electric Canberra
qa_2,50,"2009, Big 12"
qa_2,51,"1,462"
qa_2,52,Indianapolis Motor Speedway
qa_2,53,New York City
qa_2,54,"Jim Eliot, Starsmith, Billboard, Justin Parker, MONSTA, Madeon, and Mike Spencer, as well as artists such as Tinie Tempah"
qa_2,55,Westminster School
qa_2,56,drifting
qa_2,57,Jerry Glanville
qa_2,58,Boston
qa_2,59,Yes
qa_2,60,Muggsy Bogues
qa_2,61,"Gordon Carroll, David Giler, and Walter Hill"
qa_2,62,"December 13, 1954"
qa_2,63,821
qa_2,64,2
qa_2,65,Charmed
qa_2,66,International Boxing Hall of Fame
qa_2,67,Usher
qa_2,68,Brian Doyle-Murray
qa_2,69,Carabao Cup
qa_2,70,Teen Titans
qa_2,71,Strasbourg
qa_2,72,Orange
qa_2,73,Tromeo and Juliet
qa_2,74,Bill Clinton
qa_2,75,John John Florence
qa_2,76,Bacha
qa_2,77,Ais
qa_2,78,British
qa_2,79,1865
qa_2,80,Sullivan County
qa_2,81,Bob Seger
qa_2,82,requiring only men to register for the draft
qa_2,83,Mondelez International
qa_2,84,Monica Lewinsky
qa_2,85,"April 1, 1949"
qa_2,86,1846
qa_2,87,"Teide National Park is located in Tenerife (Canary Islands, Spain), and Garajonay National Park is located in the center and north of"
qa_2,88,None
qa_2,89,Film director
qa_2,90,The Conversation
qa_2,91,John Waters
qa_2,92,Las Vegas
qa_2,93,Yes
qa_2,94,March
qa_2,95,Fairfax County
qa_2,96,"Viglen, a technology company."
qa_2,97,Lev Yilmaz
qa_2,98,Beijing
qa_2,99,No
