Task,ID,Prediction
niah_single_1,1238,The special magic number for jittery-hospital is: 5437923.
niah_single_1,8883,The special magic number for roomy-devil mentioned in the provided text is: 3094235.
niah_single_1,14653,The special magic number for scintillating-slipper is 5918715.
niah_single_1,1776,The special magic number for smoggy-caliber mentioned in the text is 4226067.
niah_single_1,6906,"There is no special magic number mentioned in the provided text. The text appears to be a repetition of the same phrase ""The grass is green. The sky is blue. The sun is yellow. Here we go. There and back again."" multiple times, but it does not mention any specific number."
niah_single_1,8976,The special magic number for flippant-twine is 2694522.
niah_single_1,3934,The special magic number for old-snowplow mentioned in the text is: 7120868.
niah_single_1,6374,The special magic number mentioned in the text is 4514944.
niah_single_1,12483,The special magic number for strong-hive mentioned in the text is: 3871230.
niah_single_1,8978,The special magic number for disgusted-buckle is: 8755439.
niah_single_1,7717,The special magic number for terrible-online is: 4684531.
niah_single_1,7446,The special magic number for flaky-endoderm is: 1538552.
niah_single_1,5107,The special magic number for grandiose-clave mentioned in the text is: 2110460.
niah_single_1,9333,The special magic number for fair-yogurt is 9375710.
niah_single_1,3398,The special magic number for deafening-radish is: 5443951.
niah_single_1,13654,The special magic number for shiny-fleece is 5408072.
niah_single_1,8526,The special magic number for solid-sanction mentioned in the text is: 7700828.
niah_single_1,11584,The special magic number for dark-boyhood mentioned in the provided text is: 9548432.
niah_single_1,3759,The special magic number for annoying-doorbell is: 2839607.
niah_single_1,13924,The special magic number for used-postfix is 8082668.
niah_single_1,13924,The special magic number for lush-tornado mentioned in the provided text is: 7402509.
niah_single_1,12941,The special magic number for rhetorical-industry mentioned in the text is: 5218028.
niah_single_1,12572,The special magic number for used-hound is 2921859.
niah_single_1,2764,The special magic number for tested-shout is: 6707197.
niah_single_1,10692,The special magic number for nondescript-rotation mentioned in the text is: 3653446.
niah_single_1,11768,The special magic number for workable-chateau mentioned in the provided text is: 5418934.
niah_single_1,14642,The special magic number for quick-vane mentioned in the provided text is: 2785277.
niah_single_1,14199,The special magic number for tenuous-epauliere is 9517169.
niah_single_1,3940,The special magic number for deranged-asparagus is 7273233.
niah_single_1,11497,The special magic number for stale-spaghetti mentioned in the text is: 6438436.
niah_single_1,7267,The special magic number for colossal-friend mentioned in the text is: 7089806.
niah_single_1,13298,The special magic number for average-pendulum mentioned in the provided text is: 5041154.
niah_single_1,1776,The special magic number for bright-urgency is: 9153566.
niah_single_1,12846,The special magic number for cultured-silly is 8973915.
niah_single_1,14195,The special magic number for good-standoff mentioned in the provided text is: 9852897.
niah_single_1,7353,The special magic number for faint-water is: 4374754.
niah_single_1,10333,The special magic number for undesirable-signature mentioned in the text is: 7264956.
niah_single_1,5375,The special magic number for crabby-player is 5159166.
niah_single_1,13748,The special magic number for invincible-cocoa mentioned in the provided text is: 1352896.
niah_single_1,340,The special magic number for spectacular-spleen is: 4694634.
niah_single_1,5464,The special magic number for wet-lollipop mentioned in the provided text is: 1987737.
niah_single_1,1867,The special magic number for afraid-stir-fry is 6543670.
niah_single_1,5111,The special magic number for guiltless-ice-cream is 9143903.
niah_single_1,5825,The special magic number for worried-purse is: 8930103.
niah_single_1,2410,The special magic number for mindless-kilometer is 4194548.
niah_single_1,8346,The special magic number for troubled-board mentioned in the provided text is: 8231838.
niah_single_1,1418,The special magic number for moaning-kilogram mentioned in the text is: 8835373.
niah_single_1,7987,The special magic number for axiomatic-watch mentioned in the provided text is: 7754864.
niah_single_1,4569,The special magic number for furtive-milestone mentioned in the text is: 4214348.
niah_single_1,4390,The special magic number for dazzling-godparent is 8077999.
niah_single_1,1964,The special magic number for overconfident-creditor is 5191056.
niah_single_1,1327,The special magic number for scattered-prize mentioned in the text is: 2642635.
niah_single_1,4027,The special magic number for capricious-foal is 4965789.
niah_single_1,5105,The special magic number for plucky-prefix mentioned in the text is: 9075854.
niah_single_1,8973,The special magic number for aware-louse is 3762152.
niah_single_1,10686,The special magic number for madly-titanium mentioned in the provided text is: 5449368.
niah_single_1,3754,The special magic number for nasty-course is 9164991.
niah_single_1,1504,The special magic number for helpless-yew mentioned in the text is: 4652414.
niah_single_1,1326,The special magic number for hurried-tensor mentioned in the text is: 1959074.
niah_single_1,3850,The special magic number for purring-watercress is 9910817.
niah_single_1,4474,The special magic number for quickest-car mentioned in the provided text is: 2344047.
niah_single_1,5644,The special magic number for squalid-yarn mentioned in the provided text is: 2140194.
niah_single_1,13569,The special magic number for cowardly-duckling is 5130808.
niah_single_1,9874,The special magic number for swift-bronze mentioned in the provided text is: 2375453.
niah_single_1,7446,The special magic number for gleaming-manor mentioned in the provided text is: 4426900.
niah_single_1,3215,The special magic number for goofy-manacle mentioned in the text is: 7640184.
niah_single_1,1865,The special magic number for orange-mangle mentioned in the text is: 6304573.
niah_single_1,1865,The special magic number for ordinary-stem mentioned in the text is: 2677407.
niah_single_1,3225,The special magic number for quarrelsome-realization is 5449324.
niah_single_1,8705,The special magic number for billowy-blend mentioned in the text is: 5098412.
niah_single_1,12756,The special magic number for different-burn mentioned in the provided text is: 8351517.
niah_single_1,431,The special magic number for subsequent-motorcar mentioned in the text is: 9874152.
niah_single_1,3300,The special magic number for ugly-map is: 2737893.
niah_single_1,12936,The special magic number for condemned-scam is 2795765.
niah_single_1,14111,The special magic number mentioned in the text is: 5727085.
niah_single_1,4924,The special magic number for witty-offset mentioned in the provided text is: 6752576.
niah_single_1,6012,The special magic number for quarrelsome-casualty is 9196204.
niah_single_1,6547,The special magic number for capable-citizen mentioned in the text is: 8106422.
niah_single_1,3220,The special magic number for abashed-girlfriend is 6596150.
niah_single_1,12934,The special magic number for dirty-stress mentioned in the text is: 8412769.
niah_single_1,2764,The special magic number for sharp-season mentioned in the text is: 1162230.
niah_single_1,12754,The special magic number for vigorous-rag mentioned in the text is: 3500715.
niah_single_1,10145,The special magic number for lewd-porthole mentioned in the text is: 3484601.
niah_single_1,8626,The special magic number for ambitious-reorganisation mentioned in the text is: 6171716.
niah_single_1,5925,The special magic number for lackadaisical-modernity is 4524499.
niah_single_1,14464,The special magic number for knotty-inlay mentioned in the provided text is: 7817881.
niah_single_1,4294,The special magic number for foamy-sneeze is 3726327.
niah_single_1,7896,The special magic number for ad hoc-picture mentioned in the provided text is: 4009172.
niah_single_1,6367,The special magic number for uncovered-nymph is: 5163555.
niah_single_1,8970,The special magic number for wary-gum is 2813543.
niah_single_1,4846,The special magic number for parsimonious-conditioner mentioned in the text is: 4731818.
niah_single_1,5464,The special magic number for jumpy-kinase mentioned in the text is: 6120253.
niah_single_1,9429,The special magic number for acrid-disposition mentioned in the text is 4240180.
niah_single_1,6637,The special magic number for guiltless-nurse is: 2164686.
niah_single_1,9427,The special magic number for testy-hydrocarb is 9546409.
niah_single_1,6187,The special magic number for adhesive-catsup is: 2935113.
niah_single_1,1055,The special magic number for snotty-canvas mentioned in the text is: 5453786.
niah_single_1,8170,The special magic number for squealing-tenement mentioned in the text is: 8290770.
niah_single_1,2860,The special magic number for nostalgic-scallops is: 9580255.
niah_single_1,6094,The special magic number for smiling-coil mentioned in the provided text is: 4188992.
niah_single_2,5785,The special magic number for harmonious-uniform mentioned in the provided text is: 2338687.
niah_single_2,8791,The special magic number for discreet-commodity mentioned in the text is: 7210606.
niah_single_2,4261,The special magic number for roasted-poetry mentioned in the text is: 5107245.
niah_single_2,17047,The special magic number for lovely-filter mentioned in the text is: 5528972.
niah_single_2,1413,The special magic number for vague-shear mentioned in the text is: 6440561.
niah_single_2,14351,The special magic number for berserk-suitcase is: 4539704.
niah_single_2,3346,The special magic number for deafening-radish is: 5443951.
niah_single_2,9475,The special magic number for solid-sanction mentioned in the text is: 7700828.
niah_single_2,15291,The special magic number for dark-boyhood mentioned in the text is: 9548432.
niah_single_2,4730,The special magic number for annoying-doorbell is: 2839607.
niah_single_2,18243,The special magic number for used-postfix mentioned in the text is: 8082668.
niah_single_2,18243,The special magic number for lush-tornado mentioned in the text is: 7402509.
niah_single_2,17053,The special magic number for rhetorical-industry mentioned in the text is: 5218028.
niah_single_2,16792,The special magic number for used-hound mentioned in the text is: 2921859.
niah_single_2,3397,The special magic number for tested-shout is: 6707197.
niah_single_2,13068,The special magic number for workable-chateau mentioned in the text is: 5418934.
niah_single_2,9778,The special magic number for quick-vane mentioned in the text is: 2785277.
niah_single_2,12737,The special magic number for stale-spaghetti mentioned in the text is: 6438436.
niah_single_2,9783,7089806
niah_single_2,1416,The special magic number for bright-urgency mentioned in the text is: 9153566.
niah_single_2,17048,The special magic number for cultured-silly is: 8973915.
niah_single_2,7389,The special magic number for faint-water is: 4374754.
niah_single_2,13821,The special magic number for undesirable-signature mentioned in the text is: 7264956.
niah_single_2,6751,The special magic number for crabby-player is: 5159166.
niah_single_2,251,The special magic number for spectacular-spleen is: 4694634.
niah_single_2,6750,The special magic number for wet-lollipop is: 1987737.
niah_single_2,5226,The special magic number for guiltless-ice-cream mentioned in the text is: 9143903.
niah_single_2,7132,The special magic number for worried-purse mentioned in the text is: 8930103.
niah_single_2,8787,The special magic number for troubled-board mentioned in the text is: 8231838.
niah_single_2,8575,The special magic number for axiomatic-watch is: 7754864.
niah_single_2,4711,The special magic number for dazzling-godparent mentioned in the text is: 8077999.
niah_single_2,1226,The special magic number mentioned in the text is: 2642635.
niah_single_2,5220,The special magic number for plucky-prefix mentioned in the text is: 9075854.
niah_single_2,12524,The special magic number for aware-louse mentioned in the text is: 3762152.
niah_single_2,3518,The special magic number for nasty-course mentioned in the text is: 9164991.
niah_single_2,1414,The special magic number for helpless-yew mentioned in the text is: 4652414.
niah_single_2,1416,1959074
niah_single_2,4705,The special magic number for quickest-car mentioned in the text is: 2344047.
niah_single_2,14805,The special magic number for cowardly-duckling mentioned in the text is: 5130808.
niah_single_2,7960,The special magic number for gleaming-manor is: 4426900.
niah_single_2,4260,The special magic number for goofy-manacle is: 7640184.
niah_single_2,1886,The special magic number for orange-mangle is: 6304573.
niah_single_2,1886,The special magic number for ordinary-stem mentioned in the text is: 2677407.
niah_single_2,9474,The special magic number for billowy-blend mentioned in the text is: 5098412.
niah_single_2,16796,The special magic number for different-burn mentioned in the text is: 8351517.
niah_single_2,3338,The special magic number for ugly-map mentioned in the text is: 2737893.
niah_single_2,17048,The special magic number for condemned-scam is: 2795765.
niah_single_2,5219,The special magic number for witty-offset mentioned in the text is: 6752576.
niah_single_2,6753,The special magic number mentioned in the text is: 8106422.
niah_single_2,13979,The special magic number for dirty-stress mentioned in the text is: 8412769.
niah_single_2,3397,The special magic number for sharp-season mentioned in the text is: 1162230.
niah_single_2,16794,The special magic number for vigorous-rag mentioned in the text is: 3500715.
niah_single_2,9485,The special magic number for ambitious-reorganisation mentioned in the text is: 6171716.
niah_single_2,15765,The special magic number for knotty-inlay mentioned in the provided text is: 7817881.
niah_single_2,8574,The special magic number for ad hoc-picture is: 4009172.
niah_single_2,8618,The special magic number for uncovered-nymph is: 5163555.
niah_single_2,12521,The special magic number for wary-gum mentioned in the text is: 2813543.
niah_single_2,5779,The special magic number for jumpy-kinase mentioned in the text is: 6120253.
niah_single_2,6753,The special magic number for guiltless-nurse is: 2164686.
niah_single_2,6367,The special magic number for adhesive-catsup mentioned in the text is: 2935113.
niah_single_2,8791,The special magic number for squealing-tenement mentioned in the text is: 8290770.
niah_single_2,3403,The special magic number for nostalgic-scallops is: 9580255.
niah_single_2,7958,The special magic number for smiling-coil is: 4188992.
niah_single_2,1410,The special magic number for lazy-lay mentioned in the text is: 8235969.
niah_single_2,10827,The special magic number for quick-developmental mentioned in the text is: 6188935.
niah_single_2,10020,The special magic number for empty-drop mentioned in the text is: 8053918.
niah_single_2,5220,The special magic number for hollow-stroke mentioned in the text is: 5813613.
niah_single_2,13064,The special magic number for nutty-throne is: 4585314.
niah_single_2,7394,The special magic number for capricious-lever mentioned in the text is: 4940441.
niah_single_2,15765,The special magic number mentioned in the text is: 8971465
niah_single_2,12743,The special magic number for woebegone-lipoprotein mentioned in the text is: 7442089.
niah_single_2,250,The special magic number for fresh-secretariat mentioned in the provided text is: 3475836.
niah_single_2,5556,The special magic number for nauseating-strip mentioned in the text is: 4671545.
niah_single_2,3402,The special magic number for aromatic-bungalow is: 5180853.
niah_single_2,11396,The special magic number for oafish-harvest mentioned in the text is: 9468772.
niah_single_2,13304,The special magic number for functional-sitar mentioned in the text is: 5652512.
niah_single_2,5984,The special magic number for bored-spool mentioned in the text is: 5793722.
niah_single_2,5777,The special magic number for dark-chess mentioned in the text is: 3530518.
niah_single_2,8574,The special magic number for muddled-change is: 7838382.
niah_single_2,6365,The special magic number for muddy-disease mentioned in the text is: 2044645.
niah_single_2,8795,The special magic number for permissible-waterwheel mentioned in the text is: 1098919.
niah_single_2,6754,The special magic number for political-target mentioned in the text is: 4681284.
niah_single_2,4268,The special magic number for unbiased-expansionism mentioned in the text is: 7783308.
niah_single_2,2168,The special magic number for spooky-broiler mentioned in the text is: 1454696.
niah_single_2,5554,8746014
niah_single_2,10187,The special magic number for glamorous-selling mentioned in the text is: 7360307.
niah_single_2,6368,The special magic number for guiltless-clutch mentioned in the text is: 8072684.
niah_single_2,1420,The special magic number for jumpy-subcomponent mentioned in the text is: 4761823.
niah_single_2,5989,The special magic number for synonymous-louse is: 3556551.
niah_single_2,17282,The special magic number for peaceful-restaurant mentioned in the text is: 2919136.
niah_single_2,11923,The special magic number for overt-consent mentioned in the text is: 5299055.
niah_single_2,5125,The special magic number for stingy-help mentioned in the text is: 2921542.
niah_single_2,9780,The special magic number for cloudy-pulse mentioned in the text is: 1430812.
niah_single_2,15174,The special magic number for chunky-arm mentioned in the text is: 6059717.
niah_single_2,11389,The special magic number for shy-zen mentioned in the text is: 1689025.
niah_single_2,1888,The special magic number for ubiquitous-cure mentioned in the text is: 7217147.
niah_single_2,15298,The special magic number for abrasive-perception mentioned in the text is: 8047416.
niah_single_2,13302,The special magic number for nonstop-permit mentioned in the text is: 3955087.
niah_single_2,14143,The special magic number for super-snail mentioned in the text is: 9111742.
niah_single_2,10189,The special magic number for youthful-contention mentioned in the text is: 5502929.
niah_single_3,1407,"The special magic uuid for vague-shear mentioned in the text is:

c6a7ee39-c4b0-42cc-97c5-24a55304317f"
niah_single_3,12729,"The special magic uuid for silky-mapping mentioned in the text is:

366eb16f-508e-4ad7-b7c9-3acfe059a0ee"
niah_single_3,7052,The special magic uuid for therapeutic-catsup is: 23bed01d-43cf-4fde-a493-3b83757750a9
niah_single_3,1217,The special magic uuid for dark-boyhood mentioned in the text is: c17af08a-1745-46d8-be57-0ddf827050a8
niah_single_3,13257,The special magic uuid for deranged-assurance is: ae340454-cac5-468c-a8f4-9481a0a04dc4
niah_single_3,16235,The special magic uuid for lush-tornado is: 77d21e02-ff01-4f99-988c-24c961b1cd22.
niah_single_3,4253,The special magic uuid for tested-shout is: 6f4cc69a-4b22-4308-9c8e-aee95715bd6f.
niah_single_3,7382,The special magic uuid for quick-vane mentioned in the text is: a013ac6e-deda-4e16-9b3d-bd5ce9a1fa6f
niah_single_3,16241,The special magic uuid for deranged-asparagus is: 8a14be62-295b-4715-8333-e8615fb8d16c
niah_single_3,2169,The special magic uuid for fortunate-coevolution is: 913e4de2-e0c5-4cb8-bda9-c2a90ed42f1a.
niah_single_3,16629,The special magic uuid for yummy-dynasty is: fa5d3100-11b7-4948-90e6-e6607c69dee1
niah_single_3,5122,The special magic uuid for cultured-silly is: 8cbfedb0-f264-4ccc-b9ac-1b1ea8e56e0c.
niah_single_3,9465,The special magic uuid for wide-spume mentioned in the text is: abf3ad39-fec2-4bbe-a624-5bfa4fcca39a
niah_single_3,1879,The special magic uuid for raspy-common is: 3985c3cf-3f76-4e1d-9efa-21977394988f.
niah_single_3,6751,The special magic uuid for accidental-airfield is: 96a402f2-3ae8-4c93-8dcd-cd03969b6662.
niah_single_3,1880,"The special magic uuid for bizarre-skirt mentioned in the text is:

3a9bedd4-0f12-49e0-a18f-f6b6b535106e"
niah_single_3,14342,The special magic uuid for round-webinar is: e1e3db63-ef7d-4c76-b92d-a22b21df306f
niah_single_3,5980,The special magic uuid for freezing-milk is: 683514f2-ceb8-4f9d-b914-c120c8dcd19f.
niah_single_3,13061,The special magic uuid for changeable-temp is: 6c6fa611-5ab3-4edf-ae59-5ed3a8b317fa.
niah_single_3,2935,The special magic uuid for yellow-sequel mentioned in the text is: fbf24050-a748-4bcf-ac61-9e630dde29a6
niah_single_3,11390,The special magic uuid for eminent-weight mentioned in the text is: 23e2fcb4-72d8-467d-894a-05e430b187ef
niah_single_3,1886,"The special magic uuid for guiltless-machinery mentioned in the text is:

ec5b227c-dfde-4fbf-bff3-50bf766ecb15"
niah_single_3,4256,The special magic uuid for capricious-foal is: 3c835dc0-d944-4fa5-80e9-ab30ed2662e9.
niah_single_3,1409,"The special magic uuid for plucky-prefix mentioned in the text is:

66aa9385-dd59-4a71-b6b8-24817b3a4e3e"
niah_single_3,13973,The special magic uuid for nasty-course is: fed4057d-bb02-4576-b512-c4c3b253d218
niah_single_3,1415,The special magic uuid for detailed-insulation mentioned in the text is: f7fd5646-37bb-4eec-8bf5-0b52309d258c.
niah_single_3,15838,The special magic uuid for hurried-tensor is: 7a0ecfea-958c-49ba-8cd6-20c20ea2622b.
niah_single_3,10347,The special magic uuid for squalid-yarn mentioned in the text is: 3c365296-dca0-4eec-acda-bacc1165e210
niah_single_3,7950,The special magic uuid for mute-mambo mentioned in the text is: 85d51695-90b2-4633-956b-8c0ca8499b92
niah_single_3,7778,The special magic uuid for excellent-pence is: 3d1a85dd-506e-4a9a-b758-588dab73295b.
niah_single_3,10086,The special magic uuid for curved-table mentioned in the text is: 750cab75-4ccc-4bc2-a53f-8a28abf3e3fc.
niah_single_3,2933,The special magic uuid for aboard-lode is: 902059e4-ff9a-45c2-9f04-4aed75523327.
niah_single_3,11264,The special magic uuid for rotten-yogurt is: 21e8ac68-43e4-4caf-8181-a8cc369147eb
niah_single_3,13301,The special magic uuid for subsequent-motorcar is: a76afde6-ce9e-4a11-bcbb-4e59fbddcf7c
niah_single_3,13970,The special magic uuid for good-burn mentioned in the text is: be0f051b-1b66-45a9-a3c4-36571d8cbbac
niah_single_3,12729,The special magic uuid for venomous-ford is: 81627cf1-4394-42e6-9a58-7e8aa25d6b29.
niah_single_3,8573,The special magic uuid for aromatic-specialist is: d450281c-6c6f-4633-a260-772317a0df49.
niah_single_3,7781,The special magic uuid for abashed-girlfriend is: a319dcb4-217d-45a0-8568-11cd5563f616
niah_single_3,3516,The special magic uuid for boiling-basement mentioned in the text is: e767dcea-b0e6-4969-a213-42b0e1eedba3
niah_single_3,860,The special magic uuid for hot-dramaturge mentioned in the text is: cbceabde-eede-4b07-a623-a6895d59cd2a
niah_single_3,11266,The special magic uuid for fabulous-square is: 1a50aec3-aabc-45fa-bfe1-2e47ae9bec36.
niah_single_3,7055,The special magic uuid for symptomatic-principle mentioned in the text is: ee0caeb5-ecfe-4b99-a790-cebdbfddc3d9.
niah_single_3,10623,"The special magic uuid for dynamic-yarn mentioned in the text is:

2dea9493-0658-463a-a98c-206fe1a47e10"
niah_single_3,8569,The special magic uuid for uncovered-nymph is: 3f87e362-cf8d-446a-bc2c-bb0ddd334cc7
niah_single_3,14648,The special magic uuid for wary-gum is: 09e9db0a-df46-4290-a1ee-411a1bac27a7.
niah_single_3,9542,The special magic uuid for erect-stench mentioned in the text is: 598336e3-75d6-4ed4-ab1f-a9f2d10bd1d0
niah_single_3,10625,The special magic uuid for fertile-refuse is: 6601ddd0-3170-4437-a8f7-ef5a060edf5b.
niah_single_3,608,The special magic uuid for uptight-kit mentioned in the text is: 54c63cd8-8945-4f27-97fa-2d8dfb2ca025.
niah_single_3,7776,The special magic uuid for glib-bookmark is: fbc9f87a-f668-4617-94a1-875d2db69edb
niah_single_3,10090,The special magic uuid for clumsy-billboard is: ba81edd9-587e-4344-af3f-920c98b8e4cc
niah_single_3,13298,The special magic uuid for gaudy-bankruptcy is: 006ed6e3-6fa1-4735-b572-f3d00b5cea6a.
niah_single_3,10619,The special magic uuid for lazy-lay is: aa0b7b14-f2e9-402d-91e9-cdaa6e6981a3
niah_single_3,9540,The special magic uuid for ugly-manor is: e6697833-b841-40a0-9fe7-71d6d9178793
niah_single_3,4697,"The special magic uuid for empty-drop mentioned in the text is:

610faa3f-f0bb-4c67-aa38-d0a16ba25efe"
niah_single_3,8920,The special magic uuid for mighty-distortion is: 4dcabfb7-001a-4a8b-956f-03508c459ce2.
niah_single_3,12519,The special magic uuid for nutty-hunter is: 82dc4c8e-36b5-429a-acf5-e81e71316269
niah_single_3,7388,The special magic uuid for capricious-lever mentioned in the text is: 3c20592f-c04a-46c4-b3b6-3fe1d1843324.
niah_single_3,4956,The special magic uuid for open-elephant mentioned in the text is: 935f2b0a-a138-4ddc-a2d9-de5d6a18ce4c
niah_single_3,244,The special magic uuid mentioned in the text is: a7f36ae9-25c7-4c44-be75-c3b4664fa663
niah_single_3,16239,The special magic uuid for nauseating-strip is: f53d4330-cdda-44ba-ad06-e8cf3805f907
niah_single_3,3396,The special magic uuid for aromatic-bungalow is: d92c9227-eadf-4085-bfcb-75468eb22579
niah_single_3,13060,The special magic uuid for oafish-harvest is: e45b712e-b822-4688-90a4-44329cd6c852
niah_single_3,14654,The special magic uuid for scandalous-pig is: be6033f7-28be-4288-a5af-6e39722764e6
niah_single_3,8573,The special magic uuid for gigantic-networking is: a33dc7af-d701-410d-bf4b-1a70c074718e
niah_single_3,2164,"The special magic uuid for grieving-billing mentioned in the text is:

8a476a87-e49d-481d-91d8-7c6455fa1ab8"
niah_single_3,10816,The special magic uuid for muddled-change is: 7746d0ba-8ae8-405b-94b4-a48268586eba
niah_single_3,17587,The special magic uuid for exotic-speaker is: e7a37e81-63b4-408b-ab8e-869fd5385b0e
niah_single_3,10821,The special magic uuid for madly-functionality is: d5f25073-f414-42b1-a442-9ebbda7b9095
niah_single_3,681,The special magic uuid for political-target mentioned in the text is: 7c5308bf-6f92-425e-85df-16b6382c043f.
niah_single_3,10347,The special magic uuid for cuddly-study mentioned in the text is: 06e745f9-88bc-439c-9f4c-3b79fb10987f
niah_single_3,13979,The special magic uuid for breezy-speculation is: dde9f863-22bd-4388-adb9-9102a48b3dbe
niah_single_3,13980,The special magic uuid for aromatic-conscience is: 362f5e5c-53cd-4268-a10c-f37342999aa4
niah_single_3,13066,"The special magic uuid for internal-implication mentioned in the text is:

473bd358-610e-4a64-a130-1617c2dff335"
niah_single_3,860,The special magic uuid for few-federation mentioned in the text is: f510ab53-c7fe-439f-9190-f938a66fd7f7
niah_single_3,4703,The special magic uuid for functional-style mentioned in the text is: 9f0fda8d-0537-4ff6-96d7-b3b833094d35.
niah_single_3,6274,"The special magic uuid for cruel-calcification mentioned in the text is:

90604f62-1d48-4071-ab61-a7b1793b4c32"
niah_single_3,611,The special magic uuid for disgusted-mile mentioned in the text is: 9424aed5-1bac-4c15-8fa0-3f26f6f7f0cc.
niah_single_3,12683,The special magic uuid for smelly-constant is: 60141de9-f54a-40a2-a874-66d7ad66a1bd
niah_single_3,15172,The special magic uuid for wakeful-flight is: af2b99b4-d9ac-4158-8d34-85c5c5c14eb4.
niah_single_3,13246,The special magic uuid for shy-zen is: 8861fe18-58e2-4888-8a83-81bec85aca46.
niah_single_3,11970,"The special magic uuid for clear-manufacturer mentioned in the text is:

a2b5b498-5cb8-4aed-b5f6-2c976efb63b1"
niah_single_3,8568,The special magic uuid for nonstop-permit is: f7294951-8591-41d2-bbda-02422d174fc9.
niah_single_3,11841,The special magic uuid for friendly-perpendicular mentioned in the text is: 4767d76c-162f-4a24-af43-613cd4aac9a3.
niah_single_3,5217,The special magic uuid mentioned in the text is: 7cd0129d-2e8d-4e87-9334-20e6d9d80b8d
niah_single_3,8570,The special magic uuid for gifted-menopause is: 989d9d4a-e15c-4666-8797-b2c957207246
niah_single_3,12728,The special magic uuid for sedate-prize is: 79e13cea-b0cb-461f-bd85-de89c2171429
niah_single_3,7047,The special magic uuid for absurd-extent is: 6786d506-38ba-4abc-8b53-05e517d2582e.
niah_single_3,16234,"The special magic uuid for ultra-delay mentioned in the text is:

8db06746-7927-4973-9e78-1fd794e0d3ba"
niah_single_3,4957,The special magic uuid for green-bookcase is: 1ee34dc4-3b04-4a8b-805b-fdc94e7ed827.
niah_single_3,5489,The special magic uuid for courageous-swallow is: c31edbbc-f36c-462b-892e-6161be2d740a
niah_single_3,17585,The special magic uuid for fancy-peanut is: b97e6703-46c8-4dfe-bbf4-7042bd1531c8
niah_single_3,6749,"The special magic uuid for historical-supply mentioned in the text is:

2067bdac-88bd-43d1-b540-b30e039f3a25"
niah_single_3,4257,The special magic uuid for astonishing-hurt is: f1afdb65-b289-4224-8ac9-778d8da8eee4.
niah_single_3,6360,The special magic uuid for numerous-slate is: 0d270659-f72a-4a9b-af32-751e5738811d.
niah_single_3,1881,"The special magic uuid for concerned-bull mentioned in the text is:

7de31a51-6694-4343-90ba-58e3d2762bdc"
niah_single_3,15171,The special magic uuid for funny-wiseguy is: 6a8a616f-c3b2-40d0-8edd-dfcd1e52d770.
niah_single_3,9539,The special magic uuid for red-freak mentioned in the text is: 715629ee-e893-4e3d-b354-ea6f61607459.
niah_single_3,4253,The special magic uuid for tall-proctor mentioned in the text is: 14c8b3b4-a911-4192-83bf-d9313605bf54.
niah_single_3,13056,The special magic uuid for drunk-word mentioned in the text is: 00af5b3a-2812-459a-9337-739e8d4f5d27
niah_single_3,1403,"The special magic uuid for wee-hip mentioned in the text is:

743b65a2-dc0f-4fcf-b3f6-fe0d48603b32"
niah_multikey_1,13797,The special magic number for faint-water mentioned in the text is: 4374754.
niah_multikey_1,10793,The special magic number for foregoing-glance is: 5672073.
niah_multikey_1,12814,The special magic number for careful-plot is: 2626229.
niah_multikey_1,12937,The special magic number for scattered-prize mentioned in the text is: 2642635.
niah_multikey_1,13460,The special magic number for fascinated-divide mentioned in the text is: 1981186.
niah_multikey_1,18149,The special magic number for efficient-stamina mentioned in the text is: 2149597.
niah_multikey_1,13184,The special magic number for orange-mangle is: 6304573.
niah_multikey_1,2915,The special magic number for handsome-lap is: 3646552.
niah_multikey_1,6502,The special magic number for abashed-girlfriend is: 6596150.
niah_multikey_1,16954,1604451
niah_multikey_1,6051,The special magic number for inconclusive-sweets is: 7907400.
niah_multikey_1,2919,The special magic number for gullible-delight is: 6891254.
niah_multikey_1,13631,The special magic number for smiling-coil is: 4188992.
niah_multikey_1,13001,The special magic number for wonderful-diary mentioned in the text is: 6038571.
niah_multikey_1,12056,The special magic number for snobbish-gauge is: 6406444.
niah_multikey_1,10088,The special magic number for perfect-prison is: 2221854.
niah_multikey_1,17020,The special magic number for tranquil-investment mentioned in the text is: 1093026.
niah_multikey_1,6781,The special magic number for functional-sitar is: 5652512.
niah_multikey_1,6404,The special magic number for flawless-aside is 7426265.
niah_multikey_1,247,The special magic number for exotic-speaker mentioned in the text is: 8048838.
niah_multikey_1,14278,"The special magic number for ""addicted-flow"" is: 7610562."
niah_multikey_1,10027,The special magic number for glamorous-selling mentioned in the text is: 7360307.
niah_multikey_1,12130,The special magic number for accessible-cork mentioned in the text is: 3556551.
niah_multikey_1,1757,7296605
niah_multikey_1,11406,The special magic number for wee-subscription is: 3566765.
niah_multikey_1,14033,The special magic number for broken-conclusion mentioned in the text is: 5679639.
niah_multikey_1,12874,The special magic number for wonderful-photograph is: 7818732.
niah_multikey_1,9474,The special magic number for feigned-board is: 7784725.
niah_multikey_1,2369,The special magic number for wrathful-cut is: 9801946.
niah_multikey_1,17023,The special magic number for early-vegetable mentioned in the text is: 6071208.
niah_multikey_1,6049,"The special magic number for ""shocking-clothing"" is: 6097514."
niah_multikey_1,10847,"The special magic number for ""drunk-word"" is: 2259379."
niah_multikey_1,6769,The special magic number for flawless-entry mentioned in the text is: 5833597.
niah_multikey_1,13639,"The special magic number for ""numberless-common"" is 3086308."
niah_multikey_1,2170,The special magic number for sordid-workplace mentioned in the text is: 8312936.
niah_multikey_1,974,The special magic number for modern-churn is: 9312590.
niah_multikey_1,12929,The special magic number for tacit-caribou is: 9363326.
niah_multikey_1,11999,The special magic number for psychotic-hostel is: 5896624.
niah_multikey_1,246,The special magic number for damp-standard mentioned in the text is: 2171218.
niah_multikey_1,16618,The special magic number for round-classroom is: 9125900.
niah_multikey_1,13458,The special magic number for ugly-tolerance mentioned in the text is: 3551903.
niah_multikey_1,11481,The special magic number for hypnotic-politician is: 9186400.
niah_multikey_1,12807,The special magic number for modern-pipeline mentioned in the text is: 4020853.
niah_multikey_1,10156,The special magic number for victorious-staff mentioned in the text is: 5195951.
niah_multikey_1,12809,The special magic number for clever-townhouse is: 4979651.
niah_multikey_1,5032,7121355
niah_multikey_1,6496,The special magic number for cagey-processor is: 7619862.
niah_multikey_1,10918,"The special magic number for ""stupid-occasion"" is 4713925."
niah_multikey_1,12940,The special magic number for confused-panel is: 2630611.
niah_multikey_1,12129,The special magic number for vast-builder mentioned in the text is: 7162857.
niah_multikey_1,683,The special magic number for grumpy-virginal is: 3427461.
niah_multikey_1,14532,The special magic number for cruel-senator is: 8062546.
niah_multikey_1,3498,"The special magic number for ""needless-detective"" is 2811298."
niah_multikey_1,7845,The special magic number for momentous-stab is: 6686328.
niah_multikey_1,15276,The special magic number for uncovered-reinscription is: 3050700.
niah_multikey_1,8983,The special magic number for slow-bowler is: 4794319.
niah_multikey_1,12184,The special magic number for tearful-class is: 1514340.
niah_multikey_1,13198,The special magic number for uninterested-pair is: 2368710.
niah_multikey_1,2930,The special magic number for hissing-solicitation mentioned in the text is: 4543918.
niah_multikey_1,14097,The special magic number for curious-sequence is: 7378822.
niah_multikey_1,2169,The special magic number for clear-underwire is: 5082173.
niah_multikey_1,12871,The special magic number for towering-shear mentioned in the text is: 2264218.
niah_multikey_1,7078,The special magic number for alive-link mentioned in the text is: 1954456.
niah_multikey_1,4262,The special magic number for wet-description is: 8344365.
niah_multikey_1,10665,6614484.
niah_multikey_1,7465,The special magic number for therapeutic-tsunami is: 6510922.
niah_multikey_1,15740,The special magic number for ubiquitous-relay is: 6649968.
niah_multikey_1,3220,The special magic number for lowly-farmland is: 9437374.
niah_multikey_1,10486,The special magic number for muddled-combine is: 1893502.
niah_multikey_1,6506,The special magic number for boundless-yacht is: 1318832.
niah_multikey_1,14029,The special magic number for foregoing-transparency is: 8043503.
niah_multikey_1,13575,The special magic number for bewildered-quartz is: 9825812.
niah_multikey_1,1761,The special magic number for lively-relationship mentioned in the text is: 5255545.
niah_multikey_1,5625,The special magic number for vague-switchboard mentioned in the text is: 8795078.
niah_multikey_1,11416,The special magic number for groovy-underestimate mentioned in the text is: 3088344.
niah_multikey_1,2475,The special magic number for lethal-frigate is: 9712003.
niah_multikey_1,9322,The special magic number for wrong-wrapper mentioned in the text is: 6914963.
niah_multikey_1,11839,The special magic number for straight-lawn mentioned in the text is: 8351320.
niah_multikey_1,5220,The special magic number for puffy-diploma is: 9686324.
niah_multikey_1,13799,The special magic number for voracious-gear mentioned in the text is: 9240971.
niah_multikey_1,10490,The special magic number for subsequent-tooth mentioned in the text is: 2446455.
niah_multikey_1,4258,The special magic number for creepy-monk is: 9692311.
niah_multikey_1,15734,The special magic number for drab-room is: 6664316.
niah_multikey_1,3222,The special magic number for excellent-flower is: 6707484.
niah_multikey_1,12869,The special magic number for elite-sightseeing mentioned in the text is: 3673322.
niah_multikey_1,1286,8229768
niah_multikey_1,4177,The special magic number for scattered-bumper is: 5692934.
niah_multikey_1,976,The special magic number for decisive-hutch is: 4339637.
niah_multikey_1,12717,The special magic number for spurious-gaffer is 6643410.
niah_multikey_1,10869,The special magic number for nutritious-liquidity mentioned in the text is: 6262886.
niah_multikey_1,4964,The special magic number for unsuitable-well is: 5435261.
niah_multikey_1,17034,5993143
niah_multikey_1,5982,5548852
niah_multikey_1,14356,The special magic number for mindless-elephant is: 8980915.
niah_multikey_1,5032,The special magic number for omniscient-widow is: 9796605.
niah_multikey_1,8923,The special magic number for absent-heart is: 6655803.
niah_multikey_1,246,The special magic number for mature-sensor mentioned in the text is: 2600296.
niah_multikey_1,11981,The special magic number for ludicrous-human is: 4951390.
niah_multikey_1,8852,The special magic number for diligent-meeting is: 7801762.
niah_multikey_1,18137,The special magic number for fat-aquarium is: 3240912.
niah_multikey_2,12206,The special magic number for typical-accuracy is: 6361758.
niah_multikey_2,8350,The special magic number for quack-dill is: 6408662.
niah_multikey_2,772,The special magic number for fat-eyelash is: 7891524.
niah_multikey_2,7496,The special magic number for imminent-darkness is: 8988550.
niah_multikey_2,5420,The special magic number for damaged-snug is: 9068540.
niah_multikey_2,1118,The special magic number for questionable-randomisation is: 6434540.
niah_multikey_2,11885,The special magic number for confused-inventor is: 1881193.
niah_multikey_2,10475,The special magic number for fascinated-permafrost is: 3226537.
niah_multikey_2,10894,The special magic number for sparkling-shrimp is: 4355853.
niah_multikey_2,12683,7816395
niah_multikey_2,4339,9178834
niah_multikey_2,4486,The special magic number for relieved-vignette is: 9108379.
niah_multikey_2,2695,The special magic number for standing-watcher is: 6441761.
niah_multikey_2,2956,The special magic number for deep-heterosexual is: 1576194.
niah_multikey_2,8569,The special magic number for knotty-mallard is: 8280643.
niah_multikey_2,11957,The special magic number for busy-supplier is: 1275590.
niah_multikey_2,14019,The special magic number for blushing-utility is 9298107.
niah_multikey_2,1495,1469269
niah_multikey_2,1438,The special magic number for combative-yarn is: 9573753.
niah_multikey_2,2182,The special magic number for acceptable-trigonometry is: 1247326.
niah_multikey_2,3442,The special magic number for perfect-sediment is: 3345711.
niah_multikey_2,3516,The special magic number for sweltering-juice is: 4761327.
niah_multikey_2,9368,The special magic number for gaudy-stench is: 1388196.
niah_multikey_2,5373,2181161
niah_multikey_2,4591,The special magic number for acoustic-industry is: 3156305.
niah_multikey_2,1684,1948150
niah_multikey_2,9823,7000246
niah_multikey_2,10257,5123653
niah_multikey_2,13714,1661445
niah_multikey_2,11598,The special magic number for melted-flax is 1340570.
niah_multikey_2,13184,7329559
niah_multikey_2,4823,The special magic number for undesirable-hunt is: 3181520.
niah_multikey_2,4866,4942812
niah_multikey_2,14251,7023290
niah_multikey_2,2708,The special magic number for grubby-hardship is: 3098120.
niah_multikey_2,7316,The special magic number for purring-feeling is: 9598194.
niah_multikey_2,7245,The special magic number for mere-rations is: 5580322.
niah_multikey_2,11174,7830977
niah_multikey_2,5145,The special magic number for shaggy-lunchmeat is: 4068301.
niah_multikey_2,13978,7834965
niah_multikey_2,1778,The special magic number for early-inglenook is: 2260031.
niah_multikey_2,4685,8923903
niah_multikey_2,13740,The special magic number for pointless-symbol is: 8041371.
niah_multikey_2,13402,The special magic number for acoustic-package is: 2549296.
niah_multikey_2,9400,The special magic number for stale-mule is: 1943518.
niah_multikey_2,4814,The special magic number for shocking-chassis is: 1545449.
niah_multikey_2,6907,The special magic number for cagey-juice is: 8460708.
niah_multikey_2,10483,The special magic number for absorbing-dead is: 1555218.
niah_multikey_2,13616,The special magic number for cagey-wreck is: 7411187.
niah_multikey_2,12490,The special magic number for frightened-bootee is 4580997.
niah_multikey_2,5795,The special magic number for wistful-charity is: 5696796.
niah_multikey_2,3385,6107472
niah_multikey_2,5584,The special magic number for thankful-parser is: 5663582.
niah_multikey_2,9903,The special magic number for scrawny-hydrogen is 6421773.
niah_multikey_2,1639,7426974
niah_multikey_2,8281,2613678
niah_multikey_2,12077,The special magic number for overwrought-courage is: 9561089.
niah_multikey_2,10574,The special magic number for outstanding-blame is: 9111031.
niah_multikey_2,1718,The special magic number for vague-coordinator is: 5812616.
niah_multikey_2,14249,4125030
niah_multikey_2,3196,1902080
niah_multikey_2,3091,5137309
niah_multikey_2,14472,7681408
niah_multikey_2,7242,The special magic number for cowardly-sourwood is: 7887337.
niah_multikey_2,641,The special magic number for slippery-checkout is: 5611896.
niah_multikey_2,14297,The special magic number for shivering-ashtray is 9383275.
niah_multikey_2,1495,7131990
niah_multikey_2,7588,6127358
niah_multikey_2,8462,The special magic number for husky-wholesale is: 5571940.
niah_multikey_2,7110,3092024
niah_multikey_2,1234,The special magic number for melodic-signature is: 8679647.
niah_multikey_2,10089,4710478
niah_multikey_2,2516,The special magic number for faded-microphone is: 4596805.
niah_multikey_2,1183,The special magic number for enthusiastic-career is: 8961410.
niah_multikey_2,8773,The special magic number for assorted-vulture is: 5059319.
niah_multikey_2,12955,The special magic number for comfortable-porch is: 4125537.
niah_multikey_2,9487,The special magic number for snotty-max is: 6352982.
niah_multikey_2,1582,The special magic number for minor-purse is: 9111370.
niah_multikey_2,5211,The special magic number for cowardly-assurance is: 1688945.
niah_multikey_2,8862,The special magic number for murky-passive is: 4870054.
niah_multikey_2,2984,9510593
niah_multikey_2,3115,The special magic number for faulty-hassock is: 2874068.
niah_multikey_2,442,The special magic number for exclusive-dwarf is: 1796008.
niah_multikey_2,2877,5721793
niah_multikey_2,7966,9435331
niah_multikey_2,14221,The special magic number for hapless-shower is: 8054145.
niah_multikey_2,11060,1785305
niah_multikey_2,11472,The special magic number for slow-pin is: 2119802.
niah_multikey_2,7640,The special magic number for guarded-extent is: 2601929.
niah_multikey_2,13856,2026583
niah_multikey_2,3403,The special magic number for placid-deer is 6691980.
niah_multikey_2,3104,The special magic number for unusual-hire is: 6192858.
niah_multikey_2,1091,The special magic number for mighty-maker is: 1317536.
niah_multikey_2,7328,The special magic number for aboriginal-antiquity is 4008332.
niah_multikey_2,14053,1642597
niah_multikey_2,13299,The special magic number for roasted-jogging is: 5138664.
niah_multikey_2,4518,The special magic number for hapless-sample is: 4432204.
niah_multikey_2,6302,The special magic number for wacky-timeline is: 4931440.
niah_multikey_2,2099,The special magic number for stale-dolphin is: 6587734.
niah_multikey_2,13076,8178836
niah_multikey_3,3112,The special magic uuid for c92e8c93-d105-48d6-87c1-c01760452909 is: ee9bf3e1-1d27-409a-9d71-a89864976593.
niah_multikey_3,2542,The special magic uuid for 4c80d33a-ad5b-43c8-8c88-0714837217e0 is: 2c82989f-fd9c-4bb0-91f1-6485429a4a7c.
niah_multikey_3,3682,The special magic uuid for 16b6bf61-f68c-42e6-a2a4-5909a2dd22d5 is: a39c3bd5-ab86-4afd-b57e-c883d2586d90.
niah_multikey_3,7444,The special magic uuid for cf5e0f0b-cd67-45df-9b79-04e0ce30a61d is: 51d05ef3-a918-43fc-a772-fe9f999bc859.
niah_multikey_3,5392,The special magic uuid for 7f53dc0a-fb0d-4cda-9e63-926150e96888 is: 1a46d536-048c-4480-a743-7402bec7fb11.
niah_multikey_3,4024,The special magic uuid for 4d2551eb-af95-4e79-8971-bf514a32bb22 is: c3e90323-4811-46e9-9625-34ca9b47e639.
niah_multikey_3,1630,The special magic uuid for 468b22af-9ca4-464d-9d9a-d9f1908e3a95 is: c145d6ba-65bf-4e04-ae3c-2ce6fde6849b.
niah_multikey_3,2542,The special magic uuid for 8c662766-7922-4440-a0f1-e44cefd1b588 is: 65a29cc8-c55b-495d-86bf-d9c40dc78104.
niah_multikey_3,4138,"According to the text, the special magic uuid for 50adff63-e709-4153-9a31-e916eefb2a24 is: 531c8812-ff31-450a-bdd0-84a18cd2216f."
niah_multikey_3,1516,The special magic uuid for fcfd8547-abdc-40da-be0b-bddd38f95001 is: 10ee4f77-345e-4eaf-81fd-a58133ece6b1.
niah_multikey_3,2428,The special magic uuid for 1a64f27d-0bcf-40fc-a3a1-af9777852ddb is: bedcacb7-a8b3-41a0-8424-6277854494ab.
niah_multikey_3,1858,The special magic uuid for c536d2ce-69b6-43b7-be5b-9fc9c0b4f6d6 is: 70aff6eb-a921-4ddc-bcea-1f8962173b7f.
niah_multikey_3,1516,The special magic uuid for e9570a2a-f7f4-4477-9802-13baaf6c2278 is: 28e60130-2d23-4ed1-bf5d-21f279731ea8.
niah_multikey_3,6076,The special magic uuid for 31f55560-a42d-40f5-9baf-cc200e16af3f is: c8022f8e-38de-4b6e-86c4-5e42955bc346.
niah_multikey_3,6190,402d35e8-1f47-4902-9ba8-4a917462f144
niah_multikey_3,6418,The special magic uuid for d2bd16ec-1481-43b4-9dcf-5003462741ec is: 78997035-7ddf-4484-b0c4-4ecbc78a7900.
niah_multikey_3,2542,The special magic uuid for 1397a29f-8d0d-46f6-8c37-eb80918b8e18 is: 1b8dc821-836f-424b-8b8b-56f7ead44e11.
niah_multikey_3,1972,The special magic uuid for 8a39068b-cbed-4473-a3eb-f7c10723e11e is: d50cf57e-3dc8-419c-8239-850b97ae50f0.
niah_multikey_3,5620,The special magic uuid for d3d4ddd3-605a-44f5-9012-6e91f8d78cbc is: 2d5c1a61-6302-4daa-9ba3-a49c99ef827f.
niah_multikey_3,1174,The special magic uuid for 52630028-2dd2-48c0-b6da-387584d62148 is: b1cb62d0-8685-42d2-9fb6-8406b6658a34.
niah_multikey_3,4138,The special magic uuid for cc0338d3-18ba-4cc9-a1dd-7fdff5705436 is: 2afa5f6a-aa03-481b-9498-6a31d5dbcbee.
niah_multikey_3,2884,The special magic uuid for 9ab8180f-5647-4889-81c4-f6187925b7d5 is: ae8e6075-5eeb-4618-9628-27686df0ac3c.
niah_multikey_3,7330,The special magic uuid for 5075b55a-ccee-4b1c-b27d-da848e023ef0 is: 933882b3-20fa-45b7-8a05-49501f7fe5b0.
niah_multikey_3,2770,The special magic uuid for 9e1be56d-3f6c-4de5-adcf-cb58c2ca55ed is: 2fd6129a-82e0-4d39-bab0-08df2709f5b2.
niah_multikey_3,6988,The special magic uuid for 2e6df7e8-9980-4368-95b8-572087cd9444 is: e4a35a10-2674-41ff-acdc-d3beadef5777.
niah_multikey_3,4936,The special magic uuid for 1bbcb748-bb55-4fa3-ae26-651915f87768 is: 659e2deb-ec28-4a93-b5a4-f270eadeae69.
niah_multikey_3,1288,The special magic uuid for b10ccf77-ba4d-4c8e-955c-8139384243b4 is: 460f01a5-4480-402d-a067-902bf099e2b6.
niah_multikey_3,7558,The special magic uuid for 027deb45-da64-45b5-82a0-72ddade03e6c is 794ceef2-f833-4fa7-9a26-15f89810b8c1.
niah_multikey_3,4252,The special magic uuid for 96bf02dd-52f6-4f5a-b2a0-f8512121cc4f is: 95a15905-591c-44b6-94aa-600af487a21f.
niah_multikey_3,1288,The special magic uuid for 8af53d42-c576-4c74-bffb-9577ffb1c192 is: 650495b5-9232-48bf-9668-85304bbb2e9a.
niah_multikey_3,1174,The special magic uuid for 6ef1d60c-09d1-411f-acbb-1aace46bf89a is: cb508544-b481-4cde-aeaf-ab5619b65b6b.
niah_multikey_3,3112,The special magic uuid for 39dd11e1-e222-4775-8f24-da7ea2e768d7 is: ed8982c2-039d-4d70-a0fa-7665584f218a.
niah_multikey_3,6076,17245dac-f867-4a5b-8dc5-d7d9f5bce0c0
niah_multikey_3,3226,The special magic uuid for d37dcef3-4949-4ed7-b6c3-1071c1bf7df8 is: ec8566f0-282f-4aa6-b30f-8b28ecaf549e.
niah_multikey_3,604,The special magic uuid for c4329e78-3120-4ff4-a809-06a952e24a8e is: da341653-2bf9-48ad-892a-eb0c656ffbd8.
niah_multikey_3,604,The special magic uuid for 24f384ef-df3d-4d65-bc25-bce108c2d2ce is: 8a1b0744-0be7-4352-a85c-0862e9e02d8d.
niah_multikey_3,7330,The special magic uuid for a169d799-062e-4424-ae44-d34991225311 is: 4ad2a7ba-194b-4b6e-9436-deb3f229c37b.
niah_multikey_3,2770,The special magic uuid for 5bbaf3ac-0aa5-4af2-a77f-33b8cb471eca is: ebced334-fb7b-40c7-aaa6-fc450f01fe85.
niah_multikey_3,7102,The special magic uuid for 90389f81-ae3d-4742-bef8-004bfbcf57d7 is: 66e1608e-a428-4ec4-a7e6-287bc4ecea32.
niah_multikey_3,5734,The special magic uuid for 058cdd44-32a0-4b53-965a-4a4245590d60 is: 4db3a044-2887-4b7f-a469-4f537f5085e7.
niah_multikey_3,6076,The special magic uuid for 371e7782-5e38-4274-8db4-a7fa18e43d85 is: 6c5495bf-f88f-4979-b0d7-509da551524c.
niah_multikey_3,5848,The special magic uuid for 2334fcc4-e022-4de0-ad88-bddae8180064 is: 161cd674-2978-468d-862c-06921efa91a0.
niah_multikey_3,6532,The special magic uuid for 7daf638b-053f-4a43-a187-4fa95c098a5c is e8c08c02-7200-4c98-b963-c2fc6fb0d297.
niah_multikey_3,1174,The special magic uuid for 07d51b96-fa75-45fc-b921-f0b36a0a8302 is: 1e4415f4-5ed1-4afe-b006-296b5572fd41.
niah_multikey_3,7216,The special magic uuid for 85a7797f-290c-47eb-9793-f1952553ff33 is 31b5276f-88e9-41fd-b085-0679d0b21f98.
niah_multikey_3,2884,The special magic uuid for 4e6c2bae-bb8c-4a35-9bc4-71612ff79a57 is: 404c86f1-6cc2-420f-83a0-2289b88ba445.
niah_multikey_3,1174,The special magic uuid for cd4f75e6-448f-4dbc-8f8a-ce7c1084061b is: dd811c65-1f56-4aa2-ad9a-7dd60c075053.
niah_multikey_3,6418,The special magic uuid for ef59a4b5-2e89-415e-92f7-65e74927db4a is 73fee1a3-fed0-44cb-b6f3-7bd40409b7c8.
niah_multikey_3,5278,The special magic uuid for 3e372c8d-8a13-4d8d-9292-4079dfee84b1 is: 83eab8b5-d91b-4378-9d6f-affbe06bae1f.
niah_multikey_3,2656,The special magic uuid for ef678fc8-2308-461b-a3e3-2e4229ac92f0 is: e9b3589c-cf21-49f1-8eb2-32b854b56b05.
niah_multikey_3,718,The special magic uuid for 4d83b055-17ac-420e-8626-d3bea9fc73da is: a75c77c0-46f5-4ae6-ba5c-28ca32e72520.
niah_multikey_3,4024,The special magic uuid for d25bb219-9912-48be-9483-764aa5868874 is: 651ebbd2-e99e-4370-ade4-0cf07f353843.
niah_multikey_3,1744,The special magic uuid for 9e0e5cdf-89d4-4409-a9c5-5ff99dd0db9c is: b2e9d939-3fbc-4063-aa46-7d0dce052ac8.
niah_multikey_3,4252,The special magic uuid for c17264d8-a6a2-4998-afad-738ea44c26d4 is: ab6589eb-b9dc-4742-8cea-7dd0e90c961c.
niah_multikey_3,7558,The special magic uuid for 8529e74f-7c48-43d9-96c6-0b3d0ef40214 is: d11b946b-e993-46e9-b200-7b99a6e62c01.
niah_multikey_3,6532,The special magic uuid for b776cbf6-2014-4450-ae22-c5bbb1c36cb3 is a986bfc0-37c2-4000-b4d7-b8cde3c78964.
niah_multikey_3,3454,The special magic uuid for 4e6120f3-af52-477c-b243-cee9facd64f1 is: b79fa51d-3045-438c-852c-7f939acaf159.
niah_multikey_3,6532,The special magic uuid for 6c589836-3a04-44d7-a113-6ce039ba7d2f is: 599a20f1-81dc-457c-964c-af2f6d442c3f.
niah_multikey_3,3796,The special magic uuid for c0f3beb1-5495-4740-b8ed-8b6a4c6ced6d is: f12d2edc-e6b0-4b0d-9fe9-a6ee43006c97.
niah_multikey_3,6874,The special magic uuid for 738cf3da-3008-4a02-a090-3f903fc543c9 is: 1388fee7-f0c3-4c02-84f8-c5ce92ca910d.
niah_multikey_3,7216,The special magic uuid for 3a25be44-db98-4cde-be7b-15a3eefdf1cf is: fe318a9e-8e49-4061-9805-aa2b2d6436ea.
niah_multikey_3,5962,The special magic uuid for af4abf31-49df-4748-8a8b-06774db70660 is: 98e7d92b-5f53-4718-935f-c8ccc91463ac.
niah_multikey_3,5962,The special magic uuid for 1f324096-1f1d-4b20-be91-dd2abf024c09 is: 95a155de-c98a-4fa2-bdba-c4d7935f52da.
niah_multikey_3,2200,The special magic uuid for 923cddb6-11f0-4923-a2b2-e0bdb8b06743 is: f55c12c6-68c5-4ddc-b253-f9fa5c42952b.
niah_multikey_3,1288,The special magic uuid for ebafc098-26f7-42cc-81ca-7732b04fd83c is: 836a2e1d-38f5-4fd1-a711-fd9023451386.
niah_multikey_3,376,"According to the text, the special magic uuid for 39347843-5739-43a3-b003-3ea7f54ce27a is: b4c77a96-2a67-4030-87b5-3b85567351cb."
niah_multikey_3,2542,The special magic uuid for bce4d414-a7ff-4051-ae8b-3239311d3751 is: 0eca3630-7342-44e1-a957-a9dd5258e6d8.
niah_multikey_3,490,The special magic uuid for 453e50e0-232e-44ea-9fe3-28d550be6294 is: b484befe-2a8d-46b0-b0e8-c6690fa33a9a.
niah_multikey_3,7102,The special magic uuid for 7a19c2f3-386a-46b1-87f0-6fea94e08798 is: ac05ad5c-4308-4e1c-93e1-0a19889c0299.
niah_multikey_3,832,The special magic uuid for 8eb64f1d-03fb-4a22-a1e7-0b5864546b25 is: d736466b-222b-4436-87c7-3b310878d2bd.
niah_multikey_3,5278,The special magic uuid for cf7415e8-2f10-41cb-bb54-c7f44c5b6bf4 is: 4f7d82c7-ff0d-4117-9a0e-862a4b3e8d2a.
niah_multikey_3,6532,The special magic uuid for d8637fe1-d6c6-4578-a2e5-8a89488c7a64 is 65ec4cf2-5486-4b41-8318-44cf48720a99.
niah_multikey_3,3340,The special magic uuid for becc1545-21bc-4cff-a0a7-b4a8376b1e42 is: 41dbc918-9729-4a48-b9b1-2bdf38f14931.
niah_multikey_3,3340,The special magic uuid for 5630033c-00c0-4124-b123-dc83104ad7ea is: e5c67b63-295c-4fe4-b2c4-16f1035c5a0b.
niah_multikey_3,4594,The special magic uuid for 0d40a2ea-31be-46d3-838a-8b8c1842192b is: 5fbce31d-cdec-445e-8741-0f48b2c80d8b.
niah_multikey_3,6760,The special magic uuid for 9299ad80-d216-4c34-a539-b1f837196a50 is: aa39c161-d8b2-4336-8170-c7214323c3c7.
niah_multikey_3,262,The special magic uuid for 3220b757-5a4d-4a5f-81c6-9f79f1ea44de is: e995888c-b305-4c89-9d41-601dad7c61a7.
niah_multikey_3,7330,The special magic uuid for 7e24a483-f8f3-43d1-984a-a3d5e92425d6 is: dba3e45b-76b1-4e05-9136-7d62b9191ede.
niah_multikey_3,262,The special magic uuid for 0d44ab64-f6dd-4650-ad84-fd1ae3715388 is: 7bc1f7cb-a89d-445c-bd25-e347594ae000.
niah_multikey_3,4594,The special magic uuid for 3de90fd9-956f-469b-94ae-02444a9b69e3 is: 8913f2f0-90cb-4309-9167-dd70cef4d789.
niah_multikey_3,832,The special magic uuid for 6d8363da-7419-4b05-afa1-ea72999c35a0 is: 706ecef9-3c7f-437d-9408-049b7f9ec3a0.
niah_multikey_3,490,The special magic uuid for b5e51eb5-b092-45d3-9a5a-a48c868ad1f4 is: e3165417-94ac-4159-a5f5-0a059708c2c6.
niah_multikey_3,6532,The special magic uuid for da41af0b-c255-4353-b95d-62ff29c036fc is: ef9a354a-e746-4a52-a233-b6658f379da5.
niah_multikey_3,5734,The special magic uuid for ea5af913-ea59-4204-aefc-5daea19cbbff is: dc986ec2-0373-480a-833f-c2a6abcda916.
niah_multikey_3,4252,The special magic uuid for a1a5366b-318c-4c32-8771-aa3b07cd5706 is: ccb49d2d-92ab-41cb-bf1f-2b30455f9ac0.
niah_multikey_3,1060,The special magic uuid for e8f50fb0-3250-4f53-b438-1df6cb2b9704 is: 126de6c4-0148-4558-8db5-5f784ccd97d3.
niah_multikey_3,3454,The special magic uuid for 89d00d69-88b2-4007-a201-c38820ca516d is: 15db1e89-c772-4807-8524-a8de36e2d60f.
niah_multikey_3,7558,The special magic uuid for 9a578704-dcc1-40e6-8224-5536cedaccec is: edcf79dd-7e26-44ae-9997-6388742bf60d.
niah_multikey_3,946,The special magic uuid for 52fd8d5b-04f6-4d68-8126-32587893f0a7 is: 2dc5ab49-0a94-4f99-b39a-ff5d141de088.
niah_multikey_3,7444,The special magic uuid for 1ffc2123-3fa3-4888-a42c-150f2d10b3d5 is: 9943d04b-7e22-429a-9e86-b8f8668a9942.
niah_multikey_3,4138,The special magic uuid for 292ff954-c863-453a-9786-eef21bb74787 is: 5f056ef9-1b94-4560-aa6a-3a88d6f34114.
niah_multikey_3,3910,The special magic uuid for 031a1a40-77a0-483f-91c0-0766844aad90 is: 67c0ec07-3f17-43c3-a64e-3e94e5ef53ce.
niah_multikey_3,6646,The special magic uuid for 47469b2f-852e-4249-af0d-21f44d20ffce is cd2ad4f5-3f91-4981-b620-8a2bc29743ab.
niah_multikey_3,376,The special magic uuid for f8289fda-04c8-4743-966a-66e98811f899 is: e891e131-4135-4b68-8516-55be3ceaefbc.
niah_multikey_3,3568,2760d682-e7f7-4bfa-9a76-528167bc92d9
niah_multikey_3,5962,The special magic uuid for fd60bb05-030f-4e80-94f7-f2c00863c0d1 is: e6b65dbb-9ebf-4385-ac11-ee6eacb15b9b.
niah_multikey_3,4594,The special magic uuid for e1cb0bae-b26b-4ba7-91a6-b43913dbe822 is: dc9cb3eb-9f61-47b4-98c2-6f684c7ea8c4.
niah_multikey_3,4708,The special magic uuid for 4bbced0f-b5e5-45f5-8b9f-16007dce18b0 is: cdc7dea3-0f5e-4d86-a620-c92b51d5db5f.
niah_multikey_3,5164,The special magic uuid for 460221ab-ccb0-4dbe-a609-bbbc6bcca920 is 7ac7979a-bcf1-4ff6-ae44-29cc846b31c4.
niah_multikey_3,604,The special magic uuid for b8bb90a5-ffff-450c-bf3e-1f923dbdac3b is: 4ada3149-f871-4bed-bb9c-3c15ab4a7d5d.
niah_multivalue,15285,"The special magic numbers for deranged-asparagus mentioned in the text are:

1. 9897858
2. 3710343
3. 1009594
4. 7273233"
niah_multivalue,15269,"The special magic numbers for cultured-silly mentioned in the text are:

1. 5446912
2. 3770370
3. 9852897
4. 8973915"
niah_multivalue,16334,"The special magic numbers for wide-spume mentioned in the text are:

1. 7264956
2. 7693979
3. 8350099
4. 6229731"
niah_multivalue,6941,"The special magic numbers for beautiful-conditioner mentioned in the text are:

1. 4860684
2. 1352896
3. 4694634
4. 6672134"
niah_multivalue,11468,"The special magic numbers for worried-purse mentioned in the text are:

1. 8935169
2. 5076817
3. 7829332
4. 8930103"
niah_multivalue,12162,"The special magic numbers for embarrassed-discussion mentioned in the text are:

1. 3351868
2. 8526486
3. 8077999
4. 9997381"
niah_multivalue,15104,"The special magic numbers for obedient-breeze mentioned in the text are:

1. 1247595
2. 1848731
3. 2564689
4. 2642635"
niah_multivalue,14853,"The special magic numbers for ""nasty-course"" mentioned in the text are:

1. 4185957
2. 3597059
3. 5977931
4. 9164991"
niah_multivalue,16350,"The special magic numbers for hurried-tensor mentioned in the text are:

1. 8999183
2. 1841248
3. 9436429
4. 1959074"
niah_multivalue,17713,"The special magic numbers for efficient-stamina mentioned in the text are:

1. 4946066
2. 2140194
3. 7774229
4. 2149597"
niah_multivalue,15747,"The special magic numbers for mammoth-marten mentioned in the text are:

1. 8670955
2. 6033115
3. 6304573
4. 3195773"
niah_multivalue,14094,"The special magic numbers for different-burn mentioned in the text are:

1. 9874152
2. 6075395
3. 1131249
4. 8351517"
niah_multivalue,18153,"The special magic numbers for condemned-scam mentioned in the text are:

1. 5569244
2. 3607983
3. 5727085
4. 2795765"
niah_multivalue,13631,"The special magic numbers for dirty-stress mentioned in the text are:

1. 1162230
2. 8175395
3. 2876932
4. 8412769"
niah_multivalue,15738,"The special magic numbers for utter-payoff mentioned in the text are:

1. 6933742
2. 2724590
3. 7817881
4. 5186414"
niah_multivalue,8706,"The special magic numbers for modern-vulture mentioned in the text are:

1. 6573147
2. 4009172
3. 7907400
4. 1415846"
niah_multivalue,13639,"The special magic numbers for marked-stretch mentioned in the text are:

1. 2164686
2. 5674183
3. 6507321
4. 5682940"
niah_multivalue,14351,"The special magic numbers for yellow-carotene mentioned in the text are:

1. 9580255
2. 8321474
3. 2940214
4. 6262632"
niah_multivalue,10907,"The special magic numbers for ugly-manor mentioned in the text are:

1. 9508103
2. 6038571
3. 6188935
4. 3090865"
niah_multivalue,17012,"The special magic numbers for empty-drop mentioned in the text are:

1. 3919694
2. 7361002
3. 6049101
4. 8053918"
niah_multivalue,15621,"The special magic numbers for fabulous-way mentioned in the text are:

1. 8801207
2. 6406444
3. 8411939
4. 8212326"
niah_multivalue,15738,"The special magic numbers for defeated-dig mentioned in the text are:

1. 5107776
2. 1775337
3. 8971465
4. 1409790"
niah_multivalue,13448,"The special magic numbers for dusty-melon mentioned in the text are:

1. 1842524
2. 8793853
3. 5180853
4. 9689889"
niah_multivalue,7174,"The special magic numbers for receptive-shackle mentioned in the text are:

1. 5606980
2. 5013879
3. 8379837
4. 9130188"
niah_multivalue,14881,"The special magic numbers for miniature-chit-chat mentioned in the text are:

1. 7975534
2. 8816912
3. 2044645
4. 6551268"
niah_multivalue,10564,"The special magic numbers for political-target mentioned in the text are:

1. 8312114
2. 5579094
3. 9147720
4. 4681284"
niah_multivalue,12130,"The special magic numbers for damaging-stamp mentioned in the text are:

1. 1843636
2. 4048907
3. 5364698
4. 8746014"
niah_multivalue,15762,"The special magic numbers for jumpy-subcomponent mentioned in the text are:

1. 1675419
2. 2151225
3. 1520596
4. 4761823"
niah_multivalue,14347,"The special magic numbers for disgusted-mile mentioned in the text are:

1. 1430812
2. 2813596
3. 6233774
4. 6218367"
niah_multivalue,12942,"The special magic numbers for ubiquitous-cure mentioned in the text are:

1. 9488613
2. 2156902
3. 6724909
4. 7217147"
niah_multivalue,11984,"The special magic numbers for overrated-zombie mentioned in the text are:

1. 6407373
2. 5502929
3. 5118725
4. 8307727"
niah_multivalue,13468,"The special magic numbers for gifted-menopause mentioned in the text are:

1. 5635017
2. 5691890
3. 1170307
4. 6709938"
niah_multivalue,8988,"The special magic numbers for poor-evaluator mentioned in the text are:

1. 9234615
2. 8987516
3. 8519121
4. 5031966"
niah_multivalue,17031,"The special magic numbers for vivacious-plane mentioned in the text are:

1. 7191135
2. 6137284
3. 8939993
4. 5081983"
niah_multivalue,15265,"The special magic numbers for romantic-sill mentioned in the text are:

1. 4630331
2. 4213524
3. 9123504
4. 4106298"
niah_multivalue,14340,"The special magic numbers for grouchy-ease mentioned in the text are:

1. 5901239
2. 1914794
3. 3118618
4. 1763626"
niah_multivalue,14609,"The special magic numbers for panoramic-nexus mentioned in the text are:

1. 6716097
2. 8389840
3. 4093109
4. 9031491"
niah_multivalue,14865,"The special magic numbers for cooperative-lie mentioned in the text are:

1. 9767312
2. 4786401
3. 7381684
4. 7982241"
niah_multivalue,7740,"The special magic numbers for sincere-familiar mentioned in the text are:

1. 4486102
2. 2664863
3. 4540415
4. 2010496"
niah_multivalue,14861,"The special magic numbers for flawless-entry mentioned in the text are:

1. 8617381
2. 5743227
3. 2194198
4. 5833597"
niah_multivalue,9676,"The special magic numbers for concerned-wake mentioned in the text are:

1. 5456573
2. 3499627
3. 3386328
4. 4771676"
niah_multivalue,16704,"Here are the special magic numbers for numberless-common mentioned in the text:

1. 6101803
2. 8863447
3. 7752972
4. 3086308"
niah_multivalue,13492,"The special magic numbers for unequaled-manufacturer mentioned in the text are:

1. 3939212
2. 1674975
3. 8893693
4. 5521644"
niah_multivalue,14110,"The special magic numbers for impossible-trustee mentioned in the text are:

1. 5835492
2. 9312590
3. 7718473
4. 7906258"
niah_multivalue,14082,"The special magic numbers for elegant-ale mentioned in the text are:

1. 9363326
2. 7069650
3. 8416216
4. 9697969"
niah_multivalue,12929,"The special magic numbers for scrawny-beet mentioned in the text are:

1. 4769851
2. 2563790
3. 2903561
4. 7844947"
niah_multivalue,17039,"The special magic numbers for quiet-health-care mentioned in the text are:

1. 9094999
2. 7970771
3. 8922533
4. 5587308"
niah_multivalue,15637,"The special magic numbers for embarrassed-sail mentioned in the text are:

1. 2171218
2. 3290229
3. 5634662
4. 9526867"
niah_multivalue,16676,"The special magic numbers for half-spume mentioned in the text are:

1. 3493017
2. 9214801
3. 8491822
4. 6008935"
niah_multivalue,14881,"The special magic numbers for wealthy-dysfunction mentioned in the text are:

1. 3551903
2. 7477326
3. 9310235
4. 7395997"
niah_multivalue,13639,"The special magic numbers for good-signature mentioned in the text are:

1. 2347467
2. 7668663
3. 6512415
4. 6680114"
niah_multivalue,13815,"The special magic numbers for swanky-reference mentioned in the text are:

1. 5821419
2. 4938791
3. 4816586
4. 2147909"
niah_multivalue,15726,"The special magic numbers for deep-auto mentioned in the text are:

1. 7913081
2. 9911492
3. 4020853
4. 5096953"
niah_multivalue,14083,"The special magic numbers for swift-linen mentioned in the text are:

1. 3401116
2. 9349470
3. 4895475
4. 5040453"
niah_multivalue,14090,"The special magic numbers for blue-footstep mentioned in the text are:

1. 6018975
2. 6797629
3. 8118722
4. 8410995"
niah_multivalue,15261,"The special magic numbers for abnormal-aim mentioned in the text are:

1. 5801541
2. 9333700
3. 4860745
4. 1822825"
niah_multivalue,13623,"The special magic numbers for cagey-jute mentioned in the text are:

1. 7970985
2. 6481437
3. 3946751
4. 5951131"
niah_multivalue,13640,"The special magic numbers for unusual-mantle mentioned in the text are:

1. 2515030
2. 7136687
3. 7619862
4. 7667458"
niah_multivalue,18690,"The special magic numbers for level-therapy mentioned in the text are:

1. 7232293
2. 7392547
3. 2817745
4. 5398338"
niah_multivalue,13082,"The special magic numbers for stupid-occasion mentioned in the text are:

1. 8789116
2. 2060605
3. 6069909
4. 4713925"
niah_multivalue,16712,"The special magic numbers for homeless-instructor mentioned in the text are:

1. 2630611
2. 2948178
3. 4939290
4. 9264869"
niah_multivalue,13663,"The special magic numbers for victorious-sideburns mentioned in the text are:

1. 8438733
2. 4645180
3. 8460758
4. 7216461"
niah_multivalue,14869,"The special magic numbers for aromatic-midwife mentioned in the text are:

1. 3112652
2. 5086407
3. 4442778
4. 6595355"
niah_multivalue,16724,"The special magic numbers for flipped-out-confidence mentioned in the text are:

1. 1047572
2. 3475548
3. 5651899
4. 6512314"
niah_multivalue,12716,"The special magic numbers for goofy-curio mentioned in the text are:

1. 8062546
2. 3126655
3. 9826250
4. 1879109"
niah_multivalue,12961,"The special magic numbers for therapeutic-resource mentioned in the text are:

1. 9035982
2. 2020480
3. 7738019
4. 1522621"
niah_multivalue,15273,"The special magic numbers for low-catastrophe mentioned in the text are:

1. 8612081
2. 5947563
3. 9481739
4. 9901266"
niah_multivalue,14082,"The special magic numbers for new-vehicle mentioned in the text are:

1. 7942639
2. 4833486
3. 6686328
4. 8575834"
niah_multivalue,11504,"The special magic numbers for little-transplantation mentioned in the text are:

1. 6530541
2. 2006313
3. 3050700
4. 3182975"
niah_multivalue,15750,"The special magic numbers for juvenile-author mentioned in the text are:

1. 5673599
2. 2927455
3. 4794319
4. 7166651"
niah_multivalue,12118,"The special magic numbers for bitter-bass mentioned in the text are:

1. 2539438
2. 1514340
3. 9900022
4. 3380261"
niah_multivalue,15281,"The special magic numbers for uninterested-pair mentioned in the text are:

1. 8434202
2. 5565128
3. 8113787
4. 2368710"
niah_multivalue,7601,"The special magic numbers for animated-codling mentioned in the text are:

1. 1919088
2. 1128967
3. 7631419
4. 4699685
5. 5 (mentioned as a growth rate of 5x a year that can start to attract investors)
6. 4 (mentioned as the number of months Airbnb waited before hiring their first employee)"
niah_multivalue,16724,"The special magic numbers for important-stepdaughter mentioned in the text are:

1. 9344741
2. 1129686
3. 8225192
4. 3013003"
niah_multivalue,10552,"The special magic numbers for smelly-cheese mentioned in the text are:

1. 8007741
2. 7785090
3. 5857259
4. 8202195"
niah_multivalue,17693,"The special magic numbers for sweet-mentor mentioned in the text are:

1. 2478574
2. 7070880
3. 8326807
4. 8719145"
niah_multivalue,10752,"The special magic numbers for reflective-black mentioned in the text are:

1. 6205543
2. 7639863
3. 6696087
4. 2319479"
niah_multivalue,7748,"The special magic numbers for righteous-elevator mentioned in the text are:

1. 6861544
2. 4253164
3. 6890476
4. 9555575"
niah_multivalue,17693,"The special magic numbers for drunk-notice mentioned in the text are:

1. 3972018
2. 2264218
3. 9289908
4. 3564729"
niah_multivalue,14601,"The special magic numbers for tan-shortwave mentioned in the text are:

1. 8377995
2. 3532644
3. 2145653
4. 6303930"
niah_multivalue,14869,"The special magic numbers for boorish-timeline mentioned in the text are:

1. 7450545
2. 9507186
3. 8763013
4. 2514923"
niah_multivalue,13787,"The special magic numbers for ill-probe mentioned in the text are:

1. 3531028
2. 9411547
3. 2038068
4. 8979730"
niah_multivalue,14094,"The special magic numbers for half-tinderbox mentioned in the text are:

1. 6676858
2. 7858012
3. 1878547
4. 7499771"
niah_multivalue,13460,"The special magic numbers for curious-laptop mentioned in the text are:

1. 7319630
2. 6193922
3. 6510922
4. 2421349"
niah_multivalue,15096,"The special magic numbers for abundant-meal mentioned in the text are:

1. 4024309
2. 6181912
3. 4593556
4. 7083379"
niah_multivalue,15766,"The special magic numbers for squeamish-rectangle mentioned in the text are:

1. 3722056
2. 3587931
3. 4034091
4. 7320310"
niah_multivalue,16688,"The special magic numbers for lazy-notebook mentioned in the text are:

1. 5780297
2. 8452417
3. 8531761
4. 4985095"
niah_multivalue,14098,"The special magic numbers for erratic-account mentioned in the text are:

1. 1875431
2. 5194357
3. 9062973
4. 3321942"
niah_multivalue,13177,"The special magic numbers for ""odd-yourself"" mentioned in the text are:

1. 7960815
2. 1447451
3. 1893502
4. 6865064"
niah_multivalue,10744,"The special magic numbers for brave-twilight mentioned in the text are:

1. 1472908
2. 4767135
3. 6346644
4. 7289990"
niah_multivalue,7605,"The special magic numbers for fanatical-reserve mentioned in the text are:

1. 8101036
2. 9854536
3. 2865405
4. 3508522"
niah_multivalue,18185,"The special magic numbers for foregoing-transparency mentioned in the text are:

1. 2053729
2. 8669093
3. 2859886
4. 8043503"
niah_multivalue,14098,"The special magic numbers for elderly-premium mentioned in the text are:

1. 7049927
2. 9782613
3. 2135470
4. 2436363"
niah_multivalue,13647,"The special magic numbers for frail-definition mentioned in the text are:

1. 3238241
2. 6578736
3. 1743829
4. 2739191"
niah_multivalue,13635,"The special magic numbers for erect-rations mentioned in the text are:

1. 6202210
2. 6294819
3. 9646701
4. 1703065"
niah_multivalue,12000,"The special magic numbers for threatening-champion mentioned in the text are:

1. 6989032
2. 5800144
3. 4206183
4. 1802018"
niah_multivalue,13639,"The special magic numbers for wry-excellence mentioned in the text are:

1. 8224389
2. 2324175
3. 4027557
4. 8121922"
niah_multivalue,13169,"The special magic numbers for sulky-leek mentioned in the text are:

1. 1962308
2. 5606274
3. 2258981
4. 8297090"
niah_multivalue,14359,"The special magic numbers for stimulating-hotel mentioned in the text are:

1. 7223751
2. 8548448
3. 7241348
4. 3574265"
niah_multivalue,16362,"The special magic numbers for marked-expedition mentioned in the text are:

1. 5187788
2. 5675638
3. 2903351
4. 6274512"
niah_multiquery,13234,"The special magic numbers mentioned in the text are:

* 6692553 (x-rated-ratepayer)
* 4191175 (eminent-weight)
* 5171761 (coherent-chestnut)
* 7754864 (axiomatic-watch)"
niah_multiquery,7163,"The special magic numbers mentioned in the text are:

* 1036161 (loutish-revolution)
* 5785687 (onerous-shine)
* 5449368 (madly-titanium)
* 9164991 (nasty-course)"
niah_multiquery,5225,"The special magic numbers mentioned in the text are:

* 2375453 (swift-bronze)
* 1666754 (sneaky-balaclava)
* 9770838 (mute-mambo)
* 5130808 (cowardly-duckling)"
niah_multiquery,15533,"According to the text, the special magic numbers for the mentioned categories are:

* Orange-mangle: 6304573
* Blue-eyed-drummer: 4576135
* Bloody-reciprocity: 1156287
* Ordinary-stem: 2677407"
niah_multiquery,7596,"The special magic numbers mentioned in the text are:

* 9874152 (subsequent-motorcar)
* 6075395 (ruthless-thirst)
* 6022741 (ablaze-poll)
* 8351517 (different-burn)"
niah_multiquery,1422,"The special magic numbers mentioned in the text are:

* 5428914 (evil-soundness)
* 6752576 (witty-offset)
* 9196204 (quarrelsome-casualty)
* 4533779 (habitual-law)"
niah_multiquery,16640,"According to the text, the special magic numbers for the following are:

* Curved-skating: 5394880
* Dirty-stress: 8412769
* Sharp-season: 1162230
* Scintillating-frog: 8175395"
niah_multiquery,10891,"According to the text, the special magic numbers for each of the mentioned entities are:

* Hot-dramaturge: 7117837
* Cuddly-party: 1701771
* Aloof-filter: 7003042
* Fabulous-square: 5186414"
niah_multiquery,2924,"The special magic numbers mentioned in the text are:

* 5163555 (for modern-dedication)
* 6573147 (for early-steeple)
* 3670896 (for graceful-admission)
* 1415846 (for modern-vulture)"
niah_multiquery,15105,"The special magic numbers mentioned in the text are:

* Condemned-pizza: 5382463
* Eager-summit: 5453786
* Squealing-tenement: 8290770
* Alleged-evidence: 2818692"
niah_multiquery,18509,"The special magic numbers mentioned in the text are:

* 4305700 (round-activation)
* 8315831 (ancient-thermostat)
* 9722815 (abaft-body)
* 8235969 (lazy-lay)"
niah_multiquery,1896,"The special magic numbers mentioned in the text are:

* 8411939 (overt-celebration)
* 6406444 (new-rear)
* 4585314 (nutty-throne)
* 4526280 (hapless-syrup)"
niah_multiquery,14538,"The special magic numbers mentioned in the text are:

* 5107776 (annoyed-cigarette)
* 1409790 (defeated-dig)
* 6207974 (fluffy-legume)
* 4340845 (few-storage)"
niah_multiquery,16330,"The special magic numbers mentioned in the text are:

* 1093026 (tranquil-investment)
* 3475836 (fresh-secretariat)
* 8132769 (clever-spit)
* 7705062 (productive-kitsch)"
niah_multiquery,1418,"The special magic numbers mentioned in the text are:

* 5013879 (tan-creche)
* 9130188 (receptive-shackle)
* 8379837 (grouchy-peninsula)
* 5652512 (tender-rainmaker)"
niah_multiquery,13954,"The special magic numbers mentioned in the text are:

* 7960328 (beautiful-hydrocarb)
* 4879923 (delightful-military)
* 4589533 (weary-sailing)
* 3563646 (lucky-scenario)"
niah_multiquery,12956,"Here are the special magic numbers mentioned in the text for each of the categories:

* Smelly-barrage: 7381734
* Kind-blind: 6009888
* Maddening-rescue: 1327691
* Permissible-waterwheel: 1098919"
niah_multiquery,18526,"The special magic numbers mentioned in the text are:

* 7783308 (inquisitive-roller)
* 7523941 (adjoining-theology)
* 3768991 (worthless-reject)
* 9147720 (nostalgic-billing)"
niah_multiquery,10678,"According to the text, the special magic numbers are:

* 7360307 (glamorous-selling)
* 8746014 (damaging-stamp)
* 8190929 (therapeutic-advocacy)
* 1843636 (easy-scrip)"
niah_multiquery,4113,"According to the text, the special magic numbers for each of the mentioned groups are:

* Uncovered-astrologer: 2919136
* Overt-consent: 5299055
* Cruel-calcification: 8945036
* Short-mob: 4656838"
niah_multiquery,985,"The special magic numbers mentioned in the text are:

* For boiling-zoologist: 5074336
* For chunky-arm: 6059717
* For maniacal-outfit: 4327421
* For humorous-strait: 7296605"
niah_multiquery,13312,"Here are the special magic numbers mentioned in the text:

* 2770648 (powerful-explosion)
* 6724909 (threatening-unemployment)
* 9488613 (billowy-eaglet)
* 8047416 (abrasive-perception)"
niah_multiquery,13960,"According to the text, the special magic numbers for the following categories are:

* Broken-conclusion: 5679639
* Youthful-contention: 5502929
* Overrated-zombie: 8307727
* Illegal-physical: 5118725"
niah_multiquery,8579,"The special magic numbers mentioned in the text are:

* For knowing-symptom: 5334434
* For political-asset: 4558780
* For imminent-activity: 4050766
* For itchy-volleyball: 5691890"
niah_multiquery,6793,"The special magic numbers mentioned in the text for the respective individuals are:

* Vigorous-correspondent: 8987516
* Obsolete-fifth: 1289293
* Thoughtful-tomato: 9234615
* Poor-evaluator: 5031966"
niah_multiquery,15104,"According to the text, the special magic numbers for each of the mentioned terms are:

* Courageous-swallow: 9990305
* Plausible-thief: 5638893
* Victorious-pie: 4106298
* Eminent-toque: 4630331"
niah_multiquery,1490,"According to the text, the special magic numbers are:

* For historical-supply: 1237370
* For wet-resolution: 9961299
* For cruel-mixture: 5602180
* For large-fulfillment: 4010529"
niah_multiquery,7534,"The special magic numbers mentioned in the text are:

* 1861958 (efficacious-apricot)
* 9031491 (panoramic-nexus)
* 5770422 (abrasive-clogs)
* 6716097 (numerous-slate)"
niah_multiquery,17816,"The special magic numbers mentioned in the text are:

* For cooperative-lie: 7982241
* For shocking-clothing: 6097514
* For bright-forage: 5163953
* For demonic-pleat: 3503120"
niah_multiquery,1422,"According to the text, the special magic numbers for the following are:

* Healthy-device: 1547605
* Flawless-entry: 5833597
* Abandoned-enigma: 7853787
* Odd-criticism: 8883823"
niah_multiquery,11911,"The special magic numbers mentioned in the text are:

* 9284509 (for royal-textual)
* 9396529 (for grieving-reporter)
* 7752972 (for warlike-lack)
* 6101803 (for verdant-soap)"
niah_multiquery,5408,"Here are the special magic numbers mentioned in the text for each of the given labels:

* Unequaled-manufacturer: 5521644
* Adamant-wrecker: 2532210
* Flaky-child: 1348050
* Smelly-role: 1674975"
niah_multiquery,5095,"According to the text, the special magic numbers are:

* For inexpensive-disco: 6386463
* For uncovered-tactics: 2754894
* For juicy-godparent: 7850944
* For callous-story: 8885465"
niah_multiquery,16645,"The special magic numbers mentioned in the text are:

* For onerous-mode: 2477398
* For melted-trail: 9633492
* For hushed-aluminum: 5234550
* For illustrious-stockings: 2944841"
niah_multiquery,3474,"The special magic numbers mentioned in the text are:

* For arrogant-sponge: 4415140
* For graceful-evidence: 3198037
* For tall-mine: 8416216
* For hard-digestion: 8350368"
niah_multiquery,3406,"The special magic numbers mentioned in the text are:

* 4769851 (for capricious-dust)
* 7844947 (for scrawny-beet)
* 8741810 (for comfortable-feed)
* 1229419 (for scientific-eye)"
niah_multiquery,1767,"The special magic numbers mentioned in the text are:

* 4197911 (ludicrous-incentive)
* 9526867 (standing-fratricide)
* 3426689 (scientific-stool)
* 8663605 (fresh-interaction)"
niah_multiquery,16572,"The special magic numbers mentioned in the text are:

* For round-classroom: 9125900
* For sour-whip: 9214801
* For defective-shine: 8491822
* For half-spume: 6008935"
niah_multiquery,15004,"Here are the special magic numbers mentioned in the text for each of the specified categories:

* Wakeful-reduction: 5006492
* Amused-woman: 6338112
* Slimy-desert: 7425184
* Flipped-out-teen: 7891662"
niah_multiquery,10683,"According to the text, the special magic numbers for the following are:

* Misty-boutique: 3589751
* Absorbed-windage: 3418526
* Numerous-opera: 2672884
* Reminiscent-mask: 8665981"
niah_multiquery,1234,"According to the text, the special magic numbers are:

* For voracious-guilder: 6024207
* For obedient-secretion: 3791137
* For cheerful-sadness: 2686231
* For adjoining-signal: 1771600"
niah_multiquery,14874,"The special magic numbers mentioned in the text are:

* For doubtful-derivation: 3937176
* For shy-wrench: 4020853
* For boundless-police: 7418028
* For righteous-yin: 7913081"
niah_multiquery,8862,"According to the text, the special magic numbers for the following are:

* Foolish-graph: 7398231
* Erect-ham: 7454081
* Orange-bachelor: 6068760
* Plastic-pollution: 2789344"
niah_multiquery,3222,"The special magic numbers mentioned in the text are:

* 5951131 (cagey-jute)
* 3204724 (imperfect-burro)
* 7970985 (imperfect-burro)
* 7121355 (sneaky-sunlight)"
niah_multiquery,17007,"The special magic numbers mentioned in the text are:

* 9084065 (giant-stair)
* 8857296 (condemned-impress)
* 6682698 (helpful-backyard)
* 3361510 (boiling-catacomb)"
niah_multiquery,3356,"The special magic numbers mentioned in the text for the following are:

* Wary-chocolate: 6069909
* Teeny-tree: 8789116
* Tightfisted-archer: 7850067
* Thundering-begonia: 2060605"
niah_multiquery,14940,"The special magic numbers mentioned in the text are:

* For likeable-thesis: 8031780
* For macho-quicksand: 8610879
* For sparkling-jade: 3592464
* For rotten-target: 3276065"
niah_multiquery,1423,"The special magic numbers mentioned in the text are:

* For laughable-oasis: 2666893
* For fantastic-reporter: 8438733
* For vast-builder: 7162857
* For obnoxious-arm-rest: 4961312"
niah_multiquery,4811,"The special magic numbers mentioned in the text for the following are:

- Imported-gorilla: 3475548
- Squealing-clarinet: 1047572
- Curly-seminar: 5205279
- Grumpy-virginal: 3427461"
niah_multiquery,14609,"The special magic numbers mentioned in the text are:

* For absorbing-lizard: 3923366
* For goofy-curio: 1879109
* For reminiscent-quantity: 2906718
* For cruel-senator: 8062546"
niah_multiquery,13302,"Here are the special magic numbers mentioned in the text:

* For bad-cutover: 9035982
* For wry-locket: 9748499
* For therapeutic-resource: 1522621
* For historical-birdhouse: 8684678"
niah_multiquery,2307,"The special magic numbers mentioned in the text are:

* 8608449 (irate-crew)
* 7942639 (flagrant-overhead)
* 7979148 (massive-communion)
* 8575834 (new-vehicle)"
niah_multiquery,2308,"According to the text, the special magic numbers for each of the mentioned terms are:

* Smoggy-sole: 9512969
* Happy-salt: 6242022
* Kaput-variation: 2738129
* Faithful-casement: 3595941"
niah_multiquery,5468,"The special magic numbers mentioned in the text are:

* 4026879 (adjoining-skyline)
* 5487028 (strong-digger)
* 6183902 (grotesque-acorn)
* 1440466 (nervous-salesman)"
niah_multiquery,5094,"Here are the special magic numbers mentioned in the text for each of the mentioned labels:

* Fanatical-bootie: 7311494
* Mysterious-dugout: 8610913
* Deadpan-jump: 1514340
* Calm-lab: 9900022"
niah_multiquery,15110,"The special magic numbers mentioned in the text are:

* For jobless-unibody: 8212753
* For repulsive-ruler: 6174418
* For uppity-tachometer: 9164342
* For colorful-chopsticks: 5752087"
niah_multiquery,5470,"The special magic numbers mentioned in the text are:

* 5856117 (gentle-atom)
* 3013003 (important-stepdaughter)
* 9344741 (ablaze-milepost)
* 3302417 (faint-dock)"
niah_multiquery,14757,"The special magic numbers mentioned in the text are:

* For draconian-nectar: 8719145
* For versed-wealth: 7070880
* For burly-action: 8326807
* For clear-underwire: 5082173"
niah_multiquery,14184,"The special magic numbers mentioned in the text are:

* 9289908 (dysfunctional-brushing)
* 2264218 (towering-shear)
* 8531380 (overjoyed-strip)
* 3564729 (drunk-notice)"
niah_multiquery,979,"The special magic numbers mentioned in the text are:

* For kind-eraser: 9511700
* For grouchy-reserve: 1942411
* For tasteless-vibration: 6080483
* For blue-sale: 6207779"
niah_multiquery,4046,"The special magic numbers mentioned in the text are:

* 5156449 (alluring-hare)
* 3895058 (quaint-beancurd)
* 8344365 (wet-description)
* 2414808 (jealous-shelter)"
niah_multiquery,2857,"The special magic numbers mentioned in the text are:

* 6614484 (tasteless-feed)
* 1878547 (upset-razor)
* 6531293 (berserk-lout)
* 6676858 (minor-oat)"
niah_multiquery,10622,"According to the text, the special magic numbers for the following are:

* Jumpy-priest: 6204824
* Tranquil-interconnection: 7575963
* Brave-site: 3372774
* Curious-laptop: 2421349"
niah_multiquery,5987,"According to the text, the special magic numbers are:

* Abundant-meal: 7083379
* Quickest-vacation: 7070468
* Fallacious-tulip: 6733317
* Huge-anywhere: 4024309"
niah_multiquery,7432,"The special magic numbers mentioned in the text are:

* 5780297 (for obeisant-herring)
* 4985095 (for unusual-necktie)
* 4925917 (for obtainable-doll)
* 7111929 (for moaning-competence)"
niah_multiquery,14603,"According to the text, the special magic numbers for the following are:

* Habitual-lock: 7406756
* Mushy-spool: 3718884
* Erratic-account: 3321942
* Puzzled-armoire: 9849306"
niah_multiquery,869,"The special magic numbers mentioned in the text are:

* 1472908 (for few-redhead)
* 7289990 (for brave-twilight)
* 2662338 (for icy-collagen)
* 7478792 (for fluttering-parallelogram)"
niah_multiquery,3402,"The special magic numbers mentioned in the text are:

* 4618086 (gentle-meat)
* 1318832 (boundless-yacht)
* 1088100 (obsolete-supervision)
* 9854536 (defiant-underestimate)"
niah_multiquery,13581,"The special magic numbers mentioned in the text are:

* 9825812 (bewildered-quartz)
* 2436363 (elderly-premium)
* 7988844 (skinny-steeple)
* 7049927 (redundant-kumquat)"
niah_multiquery,988,"The special magic numbers mentioned in the text are:

* 6784825 (for bewildered-mineshaft)
* 6991041 (for abstracted-blouse)
* 2739191 (for frail-definition)
* 5255545 (for lively-relationship)"
niah_multiquery,1233,"According to the text, the special magic numbers for the following are:

* gaping-exception: 1614394
* hulking-macrame: 9646701
* marked-migrant: 8942330
* threatening-champion: 4206183"
niah_multiquery,11910,"According to the text, the special magic numbers for each of the mentioned personas are:

* Voiceless-agency: 9347057
* Materialistic-seeker: 8377556
* Lyrical-dance: 6688090
* Elderly-bean: 9324908"
niah_multiquery,9328,"The special magic numbers mentioned in the text are:

* For wrong-wrapper: 6914963
* For observant-attention: 1710601
* For sulky-leek: 8297090
* For grouchy-nightlight: 1962308"
niah_multiquery,17044,"The special magic numbers mentioned in the text are:

* 7145971 (thirsty-yurt)
* 4959345 (bewildered-chuck)
* 7423230 (late-underwriting)
* 3117788 (alcoholic-army)"
niah_multiquery,5538,"The special magic numbers mentioned in the text for the following categories are:

* Tightfisted-hostel: 5675638
* Marked-expedition: 6274512
* Rhetorical-talk: 7156398
* Bored-boundary: 3310140"
niah_multiquery,4689,"According to the text, the special magic numbers for the following are:

* Unbecoming-assassination: 6828829
* Utter-investment: 6361793
* Whispering-paddock: 2089496
* Scattered-dueling: 5871470"
niah_multiquery,9613,"The special magic numbers mentioned in the text are:

* 3177199 (painstaking-care)
* 7189302 (secretive-dirt)
* 7054838 (adaptable-liar)
* 9288312 (foamy-smuggling)"
niah_multiquery,1897,"The special magic numbers mentioned in the text are:

* 3717354 (for disillusioned-pint)
* 6102363 (for deranged-dioxide)
* 4782763 (for illustrious-bore)
* 9692311 (for creepy-monk)"
niah_multiquery,624,"The special magic numbers mentioned in the text are:

* For tired-gastropod: 4536777
* For slimy-plunger: 7989166
* For testy-hall: 5440189
* For brave-insect: 1762722"
niah_multiquery,6237,"Here are the special magic numbers mentioned in the text for each of the given categories:

* Blue-dictionary:

+ 2005173
* Different-lycra:

+ 8375356
* Fretful-taro:

+ 7813102
* Hesitant-temporary:

+ 8609207"
niah_multiquery,4046,"According to the text, the special magic numbers are:

* Harsh-vitamin: 7444964
* Funny-percentage: 3363534
* Super-chin: 8015136
* Changeable-rethinking: 1849015"
niah_multiquery,1299,"According to the text, the special magic numbers for each of the mentioned categories are:

* Handsomely-hugger: 1137194
* Daily-pint: 5437118
* Cloistered-vol: 8229768
* Profuse-career: 8895137"
niah_multiquery,10547,"According to the text, the special magic numbers for each of the mentioned categories are:

* Tacit-tackle: 2993318
* Lying-supervisor: 9460003
* Curious-centre: 2622046
* Odd-archives: 5692934"
niah_multiquery,13888,"According to the text, the special magic numbers for the following are:

* Animated-appeal: 1652868
* Peaceful-wasp: 9712957
* Dangerous-laptop: 6587495
* Pumped-mark: 1675365"
niah_multiquery,690,"The special magic numbers mentioned in the text are:

* For quick-kumquat: 9551583
* For spurious-gaffer: 6643410
* For majestic-arrangement: 6020319
* For ripe-icon: 9218263"
niah_multiquery,13026,"The special magic numbers mentioned in the text are:

* 3540594 (mushy-witch-hunt)
* 6262886 (nutritious-liquidity)
* 1317716 (embarrassed-whiskey)
* 2843740 (slippery-corn)"
niah_multiquery,7914,"The special magic numbers mentioned in the text are:

* 5993143 (for fierce-cast)
* 5135904 (for empty-skeleton)
* 6007984 (for gullible-boy)
* 9123194 (for stupid-notepad)"
niah_multiquery,5864,"According to the text, the special magic numbers are:

* For super-luck: 5014486
* For dangerous-shackle: 2832517
* For frantic-tender: 1851702
* For shivering-chin: 5557052"
niah_multiquery,15108,"The special magic numbers mentioned in the text are:

* For murky-switchboard: 3949245
* For alert-variable: 7660463
* For profuse-reminder: 4125790
* For harsh-archeology: 1628578"
niah_multiquery,2376,"The special magic numbers mentioned in the text are:

* 4240708 (silly-drinking)
* 5949685 (instinctive-watchmaker)
* 9644974 (neighborly-alphabet)
* 7802999 (dusty-baseline)"
niah_multiquery,260,"The special magic numbers mentioned in the text are:

* 8494978 (fluttering-equivalent)
* 7435310 (gleaming-mind)
* 6530194 (graceful-decimal)
* 1114590 (funny-sin)"
niah_multiquery,8799,"Here are the special magic numbers mentioned in the text for each of the categories:

* Overt-peace: 6147356
* Barbarous-sprout: 2983483
* Diligent-meeting: 7801762
* Vast-nothing: 9430894"
niah_multiquery,16255,"The special magic numbers mentioned in the text are:

* 4664338 (rotten-step-son)
* 8899184 (muddy-focus)
* 7268384 (stingy-cuticle)
* 8633275 (deranged-invoice)"
niah_multiquery,13747,"Here are the special magic numbers mentioned in the text for each of the given categories:

* Disillusioned-limit: 6504900
* Short-smile: 2882551
* Barbarous-glove: 9480665
* Evasive-aspic: 3514105"
niah_multiquery,12722,"According to the text, the special magic numbers for each of the mentioned categories are:

* Old-starboard: 3213658
* Orange-adult: 1968662
* Shaky-clothing: 8757420
* Ragged-spec: 7969667"
niah_multiquery,5465,"The special magic numbers mentioned in the text are:

* 2010921 (rural-forest)
* 2069713 (jobless-chairman)
* 8920040 (billowy-fritter)
* 8108462 (animated-alb)"
niah_multiquery,6791,"The special magic numbers mentioned in the text are:

* 8115687 (overconfident-pregnancy)
* 7363203 (rightful-usher)
* 6005700 (acoustic-cafe)
* 5152562 (flashy-bassinet)"
niah_multiquery,5739,"The special magic numbers mentioned in the text are:

* For auspicious-slipper: 3351084
* For null-vegetable: 4931560
* For royal-packaging: 4645172
* For quack-dirt: 5853035"
niah_multiquery,1429,"Here are the special magic numbers mentioned in the text for each of the given categories:

* Hilarious-preparation: 5616316
* Bad-graph: 3938247
* Fearless-gumshoe: 7938388
* Truculent-operator: 9745141"
niah_multiquery,9331,"The special magic numbers mentioned in the text are:

* 5278117 (freezing-god)
* 7516590 (daily-strategy)
* 6540893 (evil-left)
* 9891787 (selfish-embryo)"
vt,0,"To find the variables that are assigned the value 26023, we need to track the chain of variable assignments.

The value 26023 is assigned"
vt,1,"To find the variables that are assigned the value 77221, we need to track the chain of variable assignments.

The value 77221 is assigned"
vt,2,"To find the variables that are assigned the value 10769, we need to track the chain(s) of variable assignment in the text.

The first"
vt,3,"To find the variables that are assigned the value 72955, we need to track the chain of variable assignments.

The value 72955 is assigned"
vt,4,"To find the variables that are assigned the value 77969, we need to track the chain of variable assignments.

The value 77969 is assigned"
vt,5,"To find the variables that are assigned the value 93104, we need to track the chain(s) of variable assignment in the text.

The value"
vt,6,"To find the variables that are assigned the value 95305, we need to track the chain(s) of variable assignment in the text.

The first"
vt,7,"To find the variables that are assigned the value 81932, we need to track the chain of variable assignments.

The value 81932 is assigned"
vt,8,"To find the variables that are assigned the value 12747, we need to track the chain of variable assignments.

VAR XADWZ ="
vt,9,"To find the variables that are assigned the value 75725, we need to track the chain of variable assignments.

The value 75725 is assigned"
vt,10,"To find the variables that are assigned the value 45773, we need to track the chain of variable assignments.

The value 45773 is assigned"
vt,11,"To find the variables that are assigned the value 41551, we need to track the chain of variable assignments.

VAR ZUFVO = 415"
vt,12,"To find the variables that are assigned the value 79092, we need to track the chain of variable assignments.

VAR MXBCP = 790"
vt,13,"To find the variables that are assigned the value 51606, we need to track the chain(s) of variable assignment in the text.

The value"
vt,14,"To find the variables that are assigned the value 97313, we need to track the chain of variable assignments.

The value 97313 is assigned"
vt,15,"To find the variables that are assigned the value 18792, we need to track the chain(s) of variable assignment in the text.

The first"
vt,16,"To find the variables that are assigned the value 53001, we need to track the chain of variable assignments.

The value 53001 is assigned"
vt,17,"To find the variables that are assigned the value 33897, we need to track the chain of variable assignments.

VAR BQIIO ="
vt,18,"Let's track the chain of variable assignments:

1. VAR WQPEE = 33483
2. VAR SQXSB = VAR W"
vt,19,"To find the variables that are assigned the value 27159, we need to track the chain(s) of variable assignment in the text.

The first"
vt,20,"To find the variables that are assigned the value 45920, we need to track the chain of variable assignments.

The value 45920 is assigned"
vt,21,"To find the variables that are assigned the value 79479, we need to track the chain of variable assignments.

The value 79479 is assigned"
vt,22,"To find the variables that are assigned the value 29457, we need to track the chain of variable assignments.

The value 29457 is assigned"
vt,23,"To find the variables that are assigned the value 87189, we need to track the chain(s) of variable assignment in the text.

The value"
vt,24,"To find the variables that are assigned the value 62995, we need to track the chain of variable assignments.

The value 62995 is assigned"
vt,25,"To find the variables that are assigned the value 19692, we need to track the chain of variable assignments.

The value 19692 is assigned"
vt,26,"To find the variables that are assigned the value 82409, we need to track the chain(s) of variable assignment in the text.

The first"
vt,27,"To find the variables that are assigned the value 75697, we need to track the chain of variable assignments.

The value 75697 is assigned"
vt,28,"To find the variables that are assigned the value 42606, we need to track the chain(s) of variable assignment in the text.

The value"
vt,29,"To find the variables that are assigned the value 50397, we need to track the chain of variable assignments.

The value 50397 is assigned"
vt,30,"To find the variables that are assigned the value 99789, we need to track the chain of variable assignments.

VAR IHRFP = 997"
vt,31,"To find the variables that are assigned the value 99812, we need to track the chain of variable assignments.

VAR TUVTR = 998"
vt,32,"To find the variables that are assigned the value 34300, we need to track the chain of variable assignments.

The value 34300 is assigned"
vt,33,"To find the variables that are assigned the value 92798, we need to track the chain of variable assignments.

VAR SBTKG = 927"
vt,34,"To find the variables that are assigned the value 96807, we need to track the chain(s) of variable assignment in the text.

The value"
vt,35,"To find the variables that are assigned the value 73704, we need to track the chain of variable assignments.

The value 73704 is assigned"
vt,36,"To find the variables that are assigned the value 49099, we need to track the chain of variable assignments.

VAR AOANH = 490"
vt,37,"To find the variables that are assigned the value 48044, we need to track the chain of variable assignments.

The value 48044 is assigned"
vt,38,"To find the variables that are assigned the value 71228, we need to track the chain(s) of variable assignment in the text.

VAR RC"
vt,39,"To find the variables that are assigned the value 50774, we need to track the chain of variable assignments.

VAR BGGQP = 507"
vt,40,"To find the variables that are assigned the value 72592, we need to track the chain of variable assignments.

The value 72592 is assigned"
vt,41,"To find the variables that are assigned the value 12695, we need to track the chain(s) of variable assignment in the text.

The value"
vt,42,"To find the variables that are assigned the value 15258, we need to track the chain of variable assignments.

The value 15258 is assigned"
vt,43,"To find the variables that are assigned the value 49504, we need to track the chain of variable assignments.

The value 49504 is assigned"
vt,44,"To find the variables that are assigned the value 23986, we need to track the chain of variable assignments.

The value 23986 is assigned"
vt,45,"To find the variables that are assigned the value 22666, we need to track the chain of variable assignments.

The value 22666 is assigned"
vt,46,"To find the variables that are assigned the value 13561, we need to track the chain of variable assignments.

The value 13561 is assigned"
vt,47,"To find the variables that are assigned the value 74505, we need to track the chain of variable assignments.

The value 74505 is assigned"
vt,48,"To find the variables that are assigned the value 32662, we need to track the chain(s) of variable assignment in the text.

The value"
vt,49,"To find the variables that are assigned the value 40535, we need to track the chain of variable assignments.

The value 40535 is assigned"
vt,50,"To find the variables that are assigned the value 62256, we need to track the chain of variable assignments.

VAR UFXTG = 622"
vt,51,"To find the variables that are assigned the value 45222, we need to track the chain of variable assignments.

The value 45222 is assigned"
vt,52,"To find the variables that are assigned the value 89575, we need to track the chain of variable assignments.

VAR CPXBZ = 895"
vt,53,"To find the variables that are assigned the value 73335, we need to track the chain of variable assignments.

VAR OIHAP = 733"
vt,54,"To find the variables that are assigned the value 34538, we need to track the chain of variable assignments.

The value 34538 is assigned"
vt,55,"To find the variables that are assigned the value 18110, we need to track the chain of variable assignments.

The value 18110 is assigned"
vt,56,"To find the variables that are assigned the value 37266, we need to track the chain of variable assignments.

The value 37266 is assigned"
vt,57,"To find the variables that are assigned the value 92948, we need to track the chain(s) of variable assignment in the text.

The first"
vt,58,"To find the variables that are assigned the value 10206, we need to track the chain(s) of variable assignment in the text.

The first"
vt,59,"To find the variables that are assigned the value 97897, we need to track the chain(s) of variable assignment in the text.

The value"
vt,60,"To find the variables that are assigned the value 60636, we need to track the chain of variable assignments.

The value 60636 is assigned"
vt,61,"To find the variables that are assigned the value 64268, we need to track the chain of variable assignments.

VAR GSXHD = 642"
vt,62,"To find the variables that are assigned the value 28141, we need to track the chain of variable assignments.

We start with the initial assignment:"
vt,63,"To find the variables that are assigned the value 81910, we need to track the chain of variable assignments.

VAR FJAIV = 819"
vt,64,"To find the variables that are assigned the value 77214, we need to track the chain of variable assignments.

VAR QARKJ = 772"
vt,65,"To find the variables that are assigned the value 65820, we need to track the chain of variable assignments.

VAR XQLZG ="
vt,66,"To find the variables that are assigned the value 91734, we need to track the chain of variable assignments.

The value 91734 is assigned"
vt,67,"To find the variables that are assigned the value 32299, we need to track the chain of variable assignments.

VAR VCLOC = 32299"
vt,68,"To find the variables that are assigned the value 74044, we need to track the chain of variable assignments.

VAR FDWFV = 740"
vt,69,"To find the variables that are assigned the value 59080, we need to track the chain of variable assignments.

The value 59080 is assigned"
vt,70,"To find the variables that are assigned the value 79163, we need to track the chain of variable assignments.

VAR TWTOG = 791"
vt,71,"To find the variables that are assigned the value 58925, we need to track the chain of variable assignments.

The value 58925 is assigned"
vt,72,"To find the variables that are assigned the value 31834, we need to track the chain(s) of variable assignment in the text.

The first"
vt,73,"To find the variables that are assigned the value 36105, we need to track the chain of variable assignments.

The value 36105 is assigned"
vt,74,"To find the variables that are assigned the value 25707, we need to track the chain of variable assignments.

VAR CROBT = 257"
vt,75,"To find the variables that are assigned the value 54262, we need to track the chain of variable assignments.

The value 54262 is assigned"
vt,76,"To find the variables that are assigned the value 40080, we need to track the chain of variable assignments.

The value 40080 is assigned"
vt,77,"To find the variables that are assigned the value 71373, we need to track the chain(s) of variable assignment in the text.

The value"
vt,78,"To find the variables that are assigned the value 65016, we need to track the chain(s) of variable assignment in the text.

The value"
vt,79,"To find the variables that are assigned the value 68053, we need to track the chain(s) of variable assignment in the text.

The value"
vt,80,"To find the variables that are assigned the value 15530, we need to track the chain(s) of variable assignment in the text.

The value"
vt,81,"To find the variables that are assigned the value 23545, we need to track the chain of variable assignments.

The value 23545 is assigned"
vt,82,"To find the variables that are assigned the value 44766, we need to track the chain of variable assignments.

The value 44766 is assigned"
vt,83,"To find the variables that are assigned the value 71087, we need to track the chain of variable assignments.

VAR IPGOG = 710"
vt,84,"To find the variables that are assigned the value 64384, we need to track the chain of variable assignments.

We start with the line `VAR"
vt,85,"To find the variables that are assigned the value 56576, we need to track the chain of variable assignments.

The value 56576 is assigned"
vt,86,"To find the variables that are assigned the value 72003, we need to track the chain of variable assignments.

VAR CIKEA = 720"
vt,87,"To find the variables that are assigned the value 62733, we need to track the chain of variable assignments.

The value 62733 is assigned"
vt,88,"To find the variables that are assigned the value 99474, we need to track the chain of variable assignments.

VAR IIQBY = 994"
vt,89,"To find the variables that are assigned the value 77172, we need to track the chain(s) of variable assignment in the text.

The first"
vt,90,"To find the variables that are assigned the value 36736, we need to track the chain of variable assignments.

The value 36736 is assigned"
vt,91,"To find the variables that are assigned the value 65680, we need to track the chain of variable assignments.

VAR EAJDJ = 656"
vt,92,"To find the variables that are assigned the value 97092, we need to track the chain of variable assignments.

VAR KLPNF = 970"
vt,93,"To find the variables that are assigned the value 36309, we need to track the chain of variable assignments.

The value 36309 is assigned"
vt,94,"To find the variables that are assigned the value 73734, we need to track the chain of variable assignments.

VAR NSXMP = 737"
vt,95,"To find the variables that are assigned the value 62662, we need to track the chain of variable assignments.

The value 62662 is assigned"
vt,96,"To find the variables that are assigned the value 35342, we need to track the chain of variable assignments.

The value 35342 is assigned"
vt,97,"To find the variables that are assigned the value 77863, we need to track the chain of variable assignments.

VAR LKPBN = 778"
vt,98,"To find the variables that are assigned the value 75733, we need to track the chain of variable assignments.

The value 75733 is assigned"
vt,99,"To find the variables that are assigned the value 44698, we need to track the chain of variable assignments.

The value 44698 is assigned"
cwe,0,Answer: The top 10 words that appear most often in the list are: 1. race 2. broad 3. ambulance 4. reaction 5. erection 6. bar 7. verbalize 8. vase 9. barrier 10. rap
cwe,1,The top 10 words that appear most often in the list are: 1. status 2. high-pitched 3. tank 4. lily 5. signal 6. pitcher 7. trial 8. establishment 9. alloy 10. halibut
cwe,2,The top 10 words that appear most often in the list are: 1. tape 2. occasion 3. specialist 4. idiom 5. vessel 6. want 7. stack 8. antibody 9. fair 10. mound
cwe,3,The top 10 words that appear most often in the list are: 1. pigeon 2. employer 3. testimony 4. precipitation 5. crewmate 6. share 7. great-grandmother 8. trustee 9. preserve 10. overtake
cwe,4,The top 10 words that appear most often in the list are: 1. walking 2. crayon 3. dictaphone 4. neighbour 5. unsuitable 6. equivalent 7. dealer 8. porcupine 9. scent 10. churn
cwe,5,The top 10 words that appear most often in the list are: 1. chapter 2. tag 3. examine 4. entrance 5. knife-edge 6. spaghetti 7. infix 8. brushfire 9. manacle 10. entertaining
cwe,6,Answer: The top 10 words that appear most often in the list are: 1. lever 2. mom 3. truth 4. possession 5. starter 6. confidence 7. mariachi 8. messenger 9. achiever 10. lever
cwe,7,Answer: The top 10 words that appear most often in the list are: 1. basil 2. loan 3. erratic 4. historian 5. balcony 6. acquaintance 7. node 8. rag 9. vengeful 10. burrow
cwe,8,Answer: The top 10 words that appear most often in the list are: 1. reading 2. record 3. preference 4. sportsman 5. awareness 6. street 7. quick 8. mover 9. lobster 10. apathetic
cwe,9,The top 10 words that appear most often in the list are: 1. fiesta 2. speakerphone 3. stick 4. final 5. shield 6. awake 7. multimedia 8. profess 9. steep 10. parade
cwe,10,Answer: The top 10 words that appear most often in the list are: 1. read 2. generation 3. faculty 4. defeat 5. nickel 6. sightseeing 7. bathrobe 8. curry 9. appetite 10. decisive
cwe,11,"The top 10 words that appear most often in the list are: 
1. step-sister 2. proud 3. curry 4. cub 5. arrangement 6. stair 7. merciful 8. butcher 9. eliminate 10. star"
cwe,12,The top 10 words that appear most often in the list are: 1. asphalt 2. rumor 3. industry 4. latitude 5. aftershock 6. preservation 7. overjoyed 8. bleed 9. cesspool 10. ascend
cwe,13,Answer: The top 10 words that appear most often in the list are: 1. analgesia 2. treat 3. music-box 4. granny 5. grip 6. glance 7. mature 8. broken 9. brood 10. imitation
cwe,14,The top 10 words that appear most often in the list are: 1. airplane 2. labourer 3. course 4. weak 5. fanlight 6. abuse 7. audited 8. stretch 9. gold 10. labour
cwe,15,The top 10 words that appear most often in the list are: 1. observe 2. fourths 3. slope 4. subtitle 5. apparatus 6. encourage 7. dolor 8. fashion 9. shaky 10. encourage
cwe,16,The top 10 words that appear most often in the list are: 1. average 2. collect 3. opinion 4. debt 5. growth 6. millisecond 7. yogurt 8. freckle 9. capital 10. rob
cwe,17,The top 10 words that appear most often in the list are: 1. tension 2. boss 3. igloo 4. summit 5. cheat 6. transom 7. diplomacy 8. heel 9. pigpen 10. interchange
cwe,18,The top 10 words that appear most often in the list are: 1. kendo 2. annual 3. civilian 4. impression 5. decisive 6. horde 7. burning 8. satin 9. disillusioned 10. fifth
cwe,19,Answer: The top 10 words that appear most often in the list are: 1. substance 2. workable 3. vehicle 4. script 5. hoof 6. rum 7. crude 8. undergo 9. wholesaler 10. yacht
cwe,20,The top 10 words that appear most often in the list are: 1. weeder 2. caution 3. rite 4. boulder 5. twitter 6. step-uncle 7. drink 8. tacky 9. quiet 10. yin
cwe,21,Answer: The top 10 words that appear most often in the list are: 1. root 2. watermelon 3. pumpkin 4. modify 5. forgery 6. cursor 7. surrounds 8. grieving 9. predecessor 10. salon
cwe,22,The top 10 words that appear most often in the list are: 1. socks 2. connection 3. incident 4. chairman 5. concept 6. fishing 7. sunbeam 8. actor 9. chipmunk 10. patroller
cwe,23,Answer: The top 10 words that appear most often in the list are: 1. typewriter 2. marked 3. retreat 4. uniformity 5. trance 6. overclocking 7. nursery 8. harmonise 9. stack 10. addicted
cwe,24,Answer: The top 10 words that appear most often in the list are: 1. briefly 2. indicator 3. bottling 4. havoc 5. clergyman 6. attendance 7. cruelty 8. yin 9. missionary 10. blight
cwe,25,Answer: The top 10 words that appear most often in the list are: 1. dairy 2. peasant 3. kite 4. tray 5. pompom 6. tremble 7. beggar 8. rabid 9. churn 10. scalp
cwe,26,The top 10 words that appear most often in the list are: 1. termite 2. toque 3. nutmeg 4. surrounds 5. pinstripe 6. adaptation 7. warren 8. consolidate 9. nose 10. nurture
cwe,27,Answer: The top 10 words that appear most often in the list are: 1. hospital 2. trip 3. pimple 4. spending 5. draft 6. enjoy 7. campaigning 8. exploration 9. prove 10. icky
cwe,28,The top 10 words that appear most often in the list are: 1. fee 2. cloudy 3. response 4. search 5. homeownership 6. decongestant 7. garden 8. forgetful 9. overcharge 10. pocket
cwe,29,The top 10 words that appear most often in the list are: 1. doc 2. prince 3. mankind 4. expansion 5. reinscription 6. noise 7. equity 8. emitter 9. preface 10. sub
cwe,30,The top 10 words that appear most often in the list are: 1. maid 2. creativity 3. curtain 4. gang 5. neuropsychiatry 6. picnic 7. bosom 8. receptor 9. puffin 10. insurgence
cwe,31,The top 10 words that appear most often in the list are: 1. jobless 2. kindhearted 3. toothpick 4. jasmine 5. beach 6. precious 7. unbiased 8. reveal 9. propane 10. stitch
cwe,32,The top 10 words that appear most often in the list are: 1. drink 2. epee 3. wingman 4. brainy 5. optimization 6. pond 7. calm 8. earthquake 9. ink 10. major-league
cwe,33,The top 10 words that appear most often in the list are: 1. familiar 2. legacy 3. pepper 4. idiom 5. translate 6. mythology 7. gigantism 8. announce 9. cranberry 10. innate
cwe,34,The top 10 words that appear most often in the list are: 1. recipe 2. tube 3. essence 4. locker 5. armour 6. dolman 7. residence 8. champagne 9. essence 10. psychedelic
cwe,35,The top 10 words that appear most often in the list are: 1. ethyl 2. aquifer 3. compile 4. llama 5. protection 6. restriction 7. sun 8. graceful 9. protection 10. compile
cwe,36,Answer: The top 10 words that appear most often in the list are: 1. commuter 2. roster 3. buyer 4. elegant 5. accelerant 6. waiting 7. synthesize 8. imminent 9. musculature 10. rake
cwe,37,The top 10 words that appear most often in the list are: 1. rye 2. pick 3. difficulty 4. retina 5. classroom 6. ore 7. hesitant 8. adjustment 9. closing 10. pedal
cwe,38,The top 10 words that appear most often in the list are: 1. bookend 2. plug 3. asphalt 4. fight 5. shareholder 6. beer 7. warren 8. guiltless 9. hardship 10. squeeze
cwe,39,Answer: The top 10 words that appear most often in the list are: 1. kilogram 2. sightseeing 3. value 4. fix 5. interrupt 6. vaccine 7. accurate 8. carry 9. salad 10. vitro
cwe,40,Answer: The top 10 words that appear most often in the list are: 1. order 2. product 3. cash 4. boast 5. sorrow 6. barbeque 7. wanting 8. riser 9. butterfly 10. offer
cwe,41,Answer: The top 10 words that appear most often in the list are: 1. rule 2. attorney 3. dusk 4. wheat 5. payoff 6. hydrant 7. admission 8. brake 9. tent 10. savory
cwe,42,The top 10 words that appear most often in the list are: 1. likeable 2. wend 3. emission 4. picket 5. literature 6. dog 7. teen 8. echidna 9. wharf 10. rehabilitate
cwe,43,The top 10 words that appear most often in the list are: 1. employment 2. sitar 3. alive 4. preset 5. girl 6. octet 7. testy 8. capon 9. smooth 10. recruit
cwe,44,The top 10 words that appear most often in the list are: 1. anybody 2. heron 3. level 4. blot 5. transformation 6. hospitalisation 7. wrecker 8. flood 9. tomography 10. hurdler
cwe,45,The top 10 words that appear most often in the list are: 1. plan 2. center 3. denominator 4. inspection 5. spiffy 6. sneakers 7. trombone 8. cemetery 9. compliment 10. examiner
cwe,46,The top 10 words that appear most often in the list are: 1. find 2. hat 3. alias 4. street 5. guard 6. tacit 7. minimalism 8. arcade 9. gem 10. forage
cwe,47,Answer: The top 10 words that appear most often in the list are: 1. flag 2. driving 3. recommend 4. masonry 5. moai 6. justice 7. bassoon 8. treasury 9. profess 10. savannah
cwe,48,Answer: The top 10 words that appear most often in the list are: 1. rob 2. tested 3. uphold 4. battleship 5. cabbage 6. lazy 7. petitioner 8. poem 9. candle 10. tournament
cwe,49,The top 10 words that appear most often in the list are: 1. beaver 2. various 3. badge 4. orient 5. breathe 6. canoe 7. avalanche 8. slip 9. cashier 10. samurai
cwe,50,Answer: The top 10 words that appear most often in the list are: 1. arm 2. beancurd 3. textbook 4. treasure 5. perp 6. glut 7. nice 8. cruel 9. trapdoor 10. vulgar
cwe,51,The top 10 words that appear most often in the list are: 1. trend 2. resolute 3. developer 4. comportment 5. sprinter 6. weekender 7. gosling 8. quince 9. lightning 10. freeze
cwe,52,The top 10 words that appear most often in the list are: 1. hourglass 2. pub 3. height 4. secrecy 5. hook 6. audience 7. swordfight 8. preoccupation 9. nonsense 10. encirclement
cwe,53,The top 10 words that appear most often in the list are: 1. represent 2. calculate 3. thought 4. weigh 5. settle 6. reorganize 7. silly 8. marionberry 9. pagan 10. withdrawal
cwe,54,The top 10 words that appear most often in the list are: 1. sideboard 2. soundness 3. detection 4. offense 5. surroundings 6. songbird 7. cigarette 8. tie 9. sandwich 10. wry
cwe,55,Answer: The top 10 words that appear most often in the list are: 1. hard 2. marketer 3. pumpkin 4. posterior 5. charming 6. pavement 7. counseling 8. bargain 9. mysterious 10. mammoth
cwe,56,The top 10 words that appear most often in the list are: 1. bench 2. slay 3. rayon 4. clam 5. fast 6. peripheral 7. spectacles 8. selective 9. kilt 10. textual
cwe,57,The top 10 words that appear most often in the list are: 1. phone 2. pheasant 3. habitual 4. leek 5. beef 6. latitude 7. rivulet 8. receiver 9. admire 10. bead
cwe,58,Answer: The top 10 words that appear most often in the list are: 1. publication 2. butler 3. romaine 4. gender 5. chasm 6. personnel 7. thankful 8. registry 9. flat 10. puny
cwe,59,Answer: The top 10 words that appear most often in the list are: 1. wind 2. rail 3. unique 4. possession 5. sermon 6. toothpaste 7. relay 8. jaded 9. flexibility 10. schoolhouse
cwe,60,"The top 10 words that appear most often in the list are: 
1. chew 2. attitude 3. counterterrorism 4. crooked 5. locker 6. terrorism 7. waveform 8. schnitzel 9. gall-bladder 10. smoggy"
cwe,61,The top 10 words that appear most often in the list are: 1. something 2. yesterday 3. teller 4. archer 5. hormone 6. shoulder 7. spectrograph 8. grub 9. originality 10. evanescent
cwe,62,The top 10 words that appear most often in the list are: 1. lag 2. derivative 3. mention 4. banjo 5. fireman 6. accidental 7. telling 8. blueberry 9. ninja 10. savage
cwe,63,The top 10 words that appear most often in the list are: 1. cat 2. building 3. rifle 4. exchange 5. zealous 6. priest 7. dip 8. reflective 9. organizing 10. preoccupation
cwe,64,Answer: The top 10 words that appear most often in the list are: 1. rumor 2. behavior 3. regulate 4. canvas 5. pickup 6. street 7. dime 8. ecclesia 9. trapezoid 10. vanilla
cwe,65,Answer: The top 10 words that appear most often in the list are: 1. pot 2. generator 3. movie 4. heal 5. chuck 6. carbohydrate 7. horse 8. cloak 9. goddess 10. unusual
cwe,66,Answer: The top 10 words that appear most often in the list are: 1. return 2. criterion 3. vertigo 4. gravy 5. profession 6. zombie 7. hop 8. odd 9. hallowed 10. burst
cwe,67,The top 10 words that appear most often in the list are: 1. ad 2. termination 3. cricketer 4. inspector 5. solution 6. pavement 7. beak 8. malnutrition 9. tub 10. validate
cwe,68,Answer: The top 10 words that appear most often in the list are: 1. gel 2. presume 3. committee 4. depth 5. patty 6. hall 7. minimum 8. modernist 9. teepee 10. ambitious
cwe,69,The top 10 words that appear most often in the list are: 1. server 2. scope 3. bandanna 4. giant 5. hash 6. cheer 7. modeling 8. sustainment 9. prostacyclin 10. lush
cwe,70,The top 10 words that appear most often in the list are: 1. map 2. drum 3. briefing 4. occupation 5. dolor 6. decline 7. private 8. snail 9. oncology 10. belfry
cwe,71,The top 10 words that appear most often in the list are: 1. hello 2. fox 3. signet 4. mere 5. eyebrows 6. chocolate 7. inconclusive 8. dryer 9. homely 10. demon
cwe,72,The top 10 words that appear most often in the list are: 1. die 2. author 3. coordinator 4. reduction 5. curtailment 6. quote 7. weed 8. candidate 9. cylinder 10. eyestrain
cwe,73,The top 10 words that appear most often in the list are: 1. chipmunk 2. pregnancy 3. flintlock 4. scrap 5. bead 6. fraudster 7. introduction 8. bankruptcy 9. pretend 10. piglet
cwe,74,The top 10 words that appear most often in the list are: 1. galley 2. temperature 3. expose 4. restaurant 5. fibre 6. indigence 7. wannabe 8. setting 9. statute 10. hygienic
cwe,75,Answer: The top 10 words that appear most often in the list are: 1. like 2. dinner 3. periodical 4. associate 5. transformation 6. obesity 7. executor 8. avocado 9. blushing 10. contribution
cwe,76,The top 10 words that appear most often in the list are: 1. inbox 2. pricing 3. difference 4. mister 5. tofu 6. grapefruit 7. burst 8. hardboard 9. warlike 10. elfin
cwe,77,The top 10 words that appear most often in the list are: 1. satisfaction 2. diner 3. flan 4. tow-truck 5. kingdom 6. achiever 7. sponsor 8. inhibitor 9. buffet 10. race
cwe,78,The top 10 words that appear most often in the list are: 1. doctor 2. arrow 3. tempo 4. rotation 5. cormorant 6. fire 7. figure 8. twilight 9. longing 10. waggish
cwe,79,The top 10 words that appear most often in the list are: 1. clipboard 2. alphabet 3. shade 4. skylight 5. respect 6. mere 7. king 8. announce 9. dancer 10. birdbath
cwe,80,The top 10 words that appear most often in the list are: 1. inside 2. cup 3. nanoparticle 4. veteran 5. foolish 6. corporatism 7. hypothesize 8. dirndl 9. siding 10. interpretation
cwe,81,The top 10 words that appear most often in the list are: 1. relative 2. selling 3. fan 4. housewife 5. belief 6. paragraph 7. reporting 8. dispense 9. rear 10. nasal
cwe,82,The top 10 words that appear most often in the list are: 1. center 2. choose 3. efficacy 4. limitation 5. tooth 6. bugle 7. normal 8. pendant 9. peek 10. earsplitting
cwe,83,The top 10 words that appear most often in the list are: 1. firm 2. sty 3. comfortable 4. wasabi 5. ceiling 6. gender 7. expose 8. trance 9. squid 10. foregoing
cwe,84,The top 10 words that appear most often in the list are: 1. timer 2. gaming 3. clapboard 4. doll 5. racist 6. mesenchyme 7. summit 8. ephemera 9. mover 10. aspiration
cwe,85,The top 10 words that appear most often in the list are: 1. think 2. pint 3. anybody 4. swim 5. rhetoric 6. celsius 7. stitch 8. virginal 9. wander 10. imaginary
cwe,86,"The top 10 words that appear most often in the list are: 
1. love 2. biscuit 3. ban 4. instinctive 5. representative 6. noodles 7. suede 8. battle 9. appreciation 10. knickers"
cwe,87,The top 10 words that appear most often in the list are: 1. officer 2. today 3. attention 4. hazel 5. barrier 6. pianist 7. picayune 8. warming 9. alcove 10. chiffonier
cwe,88,The top 10 words that appear most often in the list are: 1. author 2. termite 3. hill 4. sulfur 5. mentor 6. freon 7. synod 8. dictator 9. witch 10. jackfruit
cwe,89,Answer: The top 10 words that appear most often in the list are: 1. loop 2. trading 3. sunroom 4. equation 5. shadow 6. travel 7. spree 8. transform 9. pineapple 10. shadow
cwe,90,The top 10 words that appear most often in the list are: 1. word 2. bridge 3. program 4. hope 5. bull 6. cover 7. pray 8. network 9. salad 10. kingfish
cwe,91,The top 10 words that appear most often in the list are: 1. dust 2. lecture 3. carload 4. cohort 5. lid 6. ancestor 7. scaffold 8. trance 9. back-up 10. bowl
cwe,92,Answer: The top 10 words that appear most often in the list are: 1. sky 2. panther 3. workout 4. colossal 5. sympathy 6. ox 7. massage 8. wry 9. authorisation 10. sequel
cwe,93,Answer: The top 10 words that appear most often in the list are: 1. today 2. composition 3. refer 4. trust 5. bowl 6. pants 7. analgesia 8. sexuality 9. football 10. quit
cwe,94,The top 10 words that appear most often in the list are: 1. bug 2. consideration 3. tenet 4. comradeship 5. porcelain 6. snorer 7. banyan 8. conclude 9. gloom 10. harmonize
cwe,95,Answer: The top 10 words that appear most often in the list are: 1. calculator 2. designation 3. compete 4. fowl 5. flash 6. thankful 7. yacht 8. silly 9. cameo 10. sulky
cwe,96,The top 10 words that appear most often in the list are: 1. knowing 2. concern 3. electricity 4. universe 5. caddy 6. essence 7. teepee 8. ridge 9. mukluk 10. flashy
cwe,97,The top 10 words that appear most often in the list are: 1. job 2. default 3. drum 4. patty 5. sail 6. wash 7. itchy 8. thaw 9. overconfident 10. meatball
cwe,98,The top 10 words that appear most often in the list are: 1. great 2. beauty 3. macrofauna 4. epee 5. hospitalisation 6. perform 7. pod 8. tuna 9. altitude 10. inevitable
cwe,99,The top 10 words that appear most often in the list are: 1. literature 2. diary 3. monkey 4. stopwatch 5. preference 6. titanium 7. squealing 8. creation 9. tolerant 10. uppity
fwe,0,"The three most frequently appeared words in the coded text are:

1. ufnllw (appears 43 times)
2. rhbtmq (appears 24 times)
3. ktopff (appears 20 times)"
fwe,1,"The three most frequently appeared words in the coded text are:

1. vcctvo (appears 73 times)
2. ilbvbw (appears 34 times)
3. twszpj (appears 23 times)"
fwe,2,"twzdjo, hxmdwl, jbwjzh"
fwe,3,"tvbcwe (14 times)
hvtipr (13 times)
jgnmcz (9 times)"
fwe,4,"The three most frequently appeared words in the coded text are:

1. waqghk (appears 63 times)
2. fupeem (appears 24 times)
3. tpjzid (appears 14 times)"
fwe,5,"The three most frequently appeared words in the coded text are:

1. wqrebv (appears 43 times)
2. huighw (appears 24 times)
3. uprrsr (appears 14 times)"
fwe,6,"The three most frequently appeared words in the coded text are:

1. toguuh (34 times)
2. rejlqw (17 times)
3. kyvpul (17 times)"
fwe,7,"The three most frequently appeared words in the coded text are:

1. wffgqe (34 times)
2. gkcbhy (24 times)
3. twrtls (14 times)"
fwe,8,"The three most frequently appeared words in the coded text are:

1. uzmuiv (appears 73 times)
2. hseejt (appears 43 times)
3. qtgbui (appears 24 times)"
fwe,9,"vlkpbn, jnjuny, leppvs"
fwe,10,"uwkujm (14 times)
stgipx (8 times)
kuttpf (8 times)"
fwe,11,"tpowqm, huqkmp, and jobvvh"
fwe,12,"The three most frequently appeared words in the coded text are:

1. vtlabq (34 times)
2. jydslx (24 times)
3. lqaedg (14 times)"
fwe,13,"The three most frequently appeared words in the coded text are:

1. tnlllw (appears 43 times)
2. iurkgk (appears 24 times)
3. pvjjqp (appears 22 times)"
fwe,14,"The three most frequently appeared words in the coded text are:

1. udiija
2. hfptba
3. rjvvje"
fwe,15,"The three most frequently appeared words in the coded text are:

1. thfdno (appears 43 times)
2. hnkctr (appears 24 times)
3. qbjhdf (appears 17 times)"
fwe,16,"wqhqjd (14 times)
hmtgdn (13 times)
txefmr (8 times)"
fwe,17,"wvcecc (14 times)
jcsosk (13 times)
uqfccp (9 times)"
fwe,18,"The three most frequently appeared words in the coded text are:

1. vstajf (appears 63 times)
2. ifsygm (appears 44 times)
3. qcbkhs (appears 24 times)"
fwe,19,"The three most frequently appeared words in the coded text are:

1. uhzmrm (appears 73 times)
2. laloah (appears 34 times)
3. ptcnsm (appears 24 times)"
fwe,20,"The three most frequently appeared words in the coded text are:

1. urdthc (34 times)
2. gwztdj (24 times)
3. hmdetx (17 times)"
fwe,21,"tduxvs (24 times)
irhzwt (17 times)
lhfnet (13 times)"
fwe,22,"The three most frequently appeared words in the coded text are:

1. uiqfdc (appears 43 times)
2. gsduqn (appears 24 times)
3. ontwzb (appears 20 times)"
fwe,23,"vjlttj, irsgta, rnpwtd"
fwe,24,"The three most frequently appeared words in the coded text are:

1. vwtnej (34 times)
2. jdzpns (24 times)
3. lrfqcx (17 times)"
fwe,25,"wbsdbb (14 times)
imhgyu (13 times)
tsatcp (8 times)"
fwe,26,"The three most frequently appeared words in the coded text are:

1. uvkvwz (appears 43 times)
2. jbqowg (appears 24 times)
3. qouddn (appears 20 times"
fwe,27,"The three most frequently appeared words in the coded text are:

1. uhrjoi (appears 43 times)
2. glrtxd (appears 34 times)
3. omczvq (appears 24 times)"
fwe,28,"The three most frequently appeared words in the coded text are:

1. sootbi (appears 43 times)
2. frxmuk (appears 24 times)
3. ohxtbx (appears 17 times)"
fwe,29,"The three most frequently appeared words in the coded text are:

1. tnwokq (appears 43 times)
2. hnktvq (appears 34 times)
3. rbwgxf (appears 24 times)"
fwe,30,"The three most frequently appeared words in the coded text are:

1. vnzpbh (appears 73 times)
2. hesldk (appears 43 times)
3. rcooiq (appears 34 times)"
fwe,31,"The three most frequently appeared words in the coded text are:

1. vuwbai (appears 43 times)
2. ispedy (appears 34 times)
3. lwbygw (appears 23 times)"
fwe,32,"The three most frequently appeared words in the coded text are:

1. uldczz (34 times)
2. fsxizb (24 times)
3. hpjggp (17 times)"
fwe,33,"The three most frequently appeared words in the coded text are:

1. utghqt (appears 63 times)
2. iifuua (appears 34 times)
3. pkcesc (appears 24 times)"
fwe,34,"The three most frequently appeared words in the coded text are:

1. wbtabx (appears 73 times)
2. jywlns (appears 43 times)
3. tboqxy (appears 24 times)"
fwe,35,"uxqyjg (14 times)
gwumit (13 times)
qeqvan (12 times)"
fwe,36,"wbepup (34 times)
hgcaxo (24 times)
jnjpwe (17 times)"
fwe,37,"uctyxo
ievzed
kpzhrc"
fwe,38,"The three most frequently appeared words in the coded text are:

1. vbdlpt (appears 73 times)
2. hiycsv (appears 34 times)
3. rlnppu (appears 29 times)"
fwe,39,"The three most frequently appeared words in the coded text are:

1. whvaqi (appears 73 times)
2. ixutuz (appears 43 times)
3. mdgokm (appears 24 times)"
fwe,40,"The three most frequently appeared words in the coded text are:

1. twditv (appears 73 times)
2. gaeril (appears 34 times)
3. ptyiwl (appears 24 times)"
fwe,41,"The three most frequently appeared words in the coded text are:

1. taoetn (appears 34 times)
2. gwhesb (appears 24 times)
3. noosff (appears 20 times)"
fwe,42,"xthuvs, izqbei, slmnhs"
fwe,43,"ulfdfp (24 times)
gvaixd (17 times)
pslpqi (13 times)"
fwe,44,"The three most frequently appeared words in the coded text are:

1. sqlrov (appears 73 times)
2. harnrq (appears 43 times)
3. nqrxih (appears 36 times)"
fwe,45,"The three most frequently appeared words in the coded text are:

1. uygome (appears 63 times)
2. iosskt (appears 44 times)
3. rncxnf (appears 34 times)"
fwe,46,"The three most frequently appeared words in the coded text are:

1. vavnyk (appears 73 times)
2. oazwpg (appears 34 times)
3. foeohn (appears 32 times)"
fwe,47,"The three most frequently appeared words in the coded text are:

1. umexno (appears 43 times)
2. hhbkxi (appears 24 times)
3. qgbjtb (appears 20 times)"
fwe,48,"The three most frequently appeared words in the coded text are:

1. upfvgg (appears 43 times)
2. hucykm (appears 34 times)
3. rtrakb (appears 26 times)"
fwe,49,"tflatd, gaoftw, plmglr"
fwe,50,"The three most frequently appeared words in the coded text are:

1. skasko (appears 73 times)
2. ifsxvg (appears 34 times)
3. qlnazy (appears 24 times)"
fwe,51,"The three most frequently appeared words in the coded text are:

1. tvptjk (appears 73 times)
2. haxwes (appears 34 times)
3. nycfny (appears 26 times)"
fwe,52,"The three most frequently appeared words in the coded text are:

1. udntky (appears 73 times)
2. hosozn (appears 34 times)
3. puoudi (appears 29 times)"
fwe,53,"The three most frequently appeared words in the coded text are:

1. vsitmz (appears 73 times)
2. gpqkdw (appears 34 times)
3. ozkwve (appears 29 times)"
fwe,54,"The three most frequently appeared words in the coded text are:

1. vtxxjt (appears 73 times)
2. kgnkns (appears 34 times)
3. mdqjob (appears 23 times)"
fwe,55,"upgoac, gxweww, pofwkl"
fwe,56,"vdcxik, kxlkos, ruzufs"
fwe,57,"The three most frequently appeared words in the coded text are:

1. sstgla (appears 43 times)
2. iacuaq (appears 34 times)
3. nududk (appears 24 times)"
fwe,58,"The three most frequently appeared words in the coded text are:

1. ufqvei (34 times)
2. iglhbh (24 times)
3. lbckzn (17 times)"
fwe,59,"The three most frequently appeared words in the coded text are:

1. uvglzu (appears 63 times)
2. gitvmd (appears 24 times)
3. hzzgnj (appears 17 times)"
fwe,60,"The three most frequently appeared words in the coded text are:

1. vabgnb (appeared 43 times)
2. grhozf (appeared 34 times)
3. sqlqzp (appeared 23 times)"
fwe,61,"vmvpor, ibkwhd, qhkkcp"
fwe,62,"uwepav, gphtbx, oqjyeq"
fwe,63,"uylozf (14 times)
inbgip (13 times)
rujuno (8 times)"
fwe,64,"The three most frequently appeared words in the coded text are:

1. vjtqiz (appears 73 times)
2. gllqdu (appears 34 times)
3. pzjqap (appears 26 times)"
fwe,65,"unejer (34 times)
gyvxjp (24 times)
sadwwx (22 times)"
fwe,66,"The three most frequently appeared words in the coded text are:

1. vbggth (appeared 73 times)
2. hyasil (appeared 34 times)
3. rtqbuf (appeared 26 times)"
fwe,67,"The three most frequently appeared words in the coded text are:

1. xdoalv (14 times)
2. ihvlxk (13 times)
3. uvambb (9 times)"
fwe,68,"The three most frequently appeared words in the coded text are:

1. tvncsz (appears 73 times)
2. gmbdbb (appears 34 times)
3. rxbwne (appears 23 times)"
fwe,69,"uyfwhr
iakewk
pgskrd"
fwe,70,"ujxebe (14 times)
gvxbzp (13 times)
rtdrjy (7 times)"
fwe,71,"The three most frequently appeared words in the coded text are:

1. sjtirf (appears 73 times)
2. ibdnau (appears 34 times)
3. ovxotw (appears 29 times)"
fwe,72,"The three most frequently appeared words in the coded text are:

1. vfehrw (appeared 73 times)
2. gkuyzq (appeared 43 times)
3. tjtbou (appeared 23 times)"
fwe,73,"The three most frequently appeared words in the coded text are:

1. wglaqi (appears 63 times)
2. kgpwnt (appears 34 times)
3. twknni (appears 17 times)"
fwe,74,"The three most frequently appeared words in the coded text are:

1. vuaoqa (appears 43 times)
2. kiiiig (appears 24 times)
3. lsdhnw (appears 17 times)"
fwe,75,"The three most frequently appeared words in the coded text are:

1. trjrjd (appears 73 times)
2. pmgkxz (appears 23 times)
3. iyjaro (appears 22 times)"
fwe,76,"The three most frequently appeared words in the coded text are:

1. tqtoao (appears 63 times)
2. hreqmy (appears 34 times)
3. inndqh (appears 24 times)"
fwe,77,"Based on the given text, the three most frequently appeared words are:

1. uijhkf (appears 73 times)
2. fwpxhl (appears 43 times)
3. rqzqmv (appears 23"
fwe,78,"xgjnbs
jjazop
svepti"
fwe,79,"The three most frequently appeared words in the coded text are:

1. vouemr (34 times)
2. hkvycf (24 times)
3. uieakb (17 times)"
fwe,80,"The three most frequently appeared words in the coded text are:

1. szjijb (appears 73 times)
2. jlnlmu (appears 43 times)
3. pzohmq (appears 26 times)"
fwe,81,"The three most frequently appeared words in the coded text are:

1. swevxo
2. ilkkdp
3. kezzxg"
fwe,82,"wbaddi (24 times)
kgrusb (17 times)
tpgmvx (13 times)"
fwe,83,"The three most frequently appeared words in the coded text are:

1. vfrxfy (appears 43 times)
2. fqbrye (appears 34 times)
3. iabrcb (appears 13 times"
fwe,84,"The three most frequently appeared words in the coded text are:

1. vuezvk (appears 73 times)
2. hrmtxk (appears 34 times)
3. jtfsfz (appears 24 times)"
fwe,85,"The three most frequently appeared words in the coded text are:

1. uvvczu (appears 73 times)
2. ivgeqz (appears 43 times)
3. qwmgek (appears 24 times)"
fwe,86,"The three most frequently appeared words in the coded text are:

1. twsgyo (appears 73 times)
2. gveuwa (appears 34 times)
3. rihscb (appears 17 times)"
fwe,87,"The three most frequently appeared words in the coded text are:

1. subyvm (appears 43 times)
2. ifnokn (appears 24 times)
3. qaqiqj (appears 14 times)"
fwe,88,"The three most frequently appeared words in the coded text are:

1. uhxnzw (appears 73 times)
2. jsmbxz (appears 43 times)
3. qztzfs (appears 37 times)"
fwe,89,"The three most frequently appeared words in the coded text are:

1. utbtjt (appears 73 times)
2. isgoaf (appears 34 times)
3. sfowdg (appears 26 times)"
fwe,90,"The three most frequently appeared words in the coded text are:

1. uocqts (appears 43 times)
2. jidcni (appears 24 times)
3. qhfsfr (appears 20 times"
fwe,91,"The three most frequently appeared words in the coded text are:

1. wizhka (appears 73 times)
2. gqvzii (appears 43 times)
3. rnzixo (appears 26 times)"
fwe,92,"The three most frequently appeared words in the coded text are:

1. seonyl (appears 73 times)
2. grdkpg (appears 24 times)
3. jhpbuf (appears 14 times)"
fwe,93,"The three most frequently appeared words in the coded text are:

1. srdiqz (appears 73 times)
2. gqnxic (appears 34 times)
3. pizpyu (appears 24 times)"
fwe,94,"The three most frequently appeared words in the coded text are:

1. ubjtgz (appears 43 times)
2. htmxtl (appears 24 times)
3. jyxqpi (appears 14 times"
fwe,95,"The three most frequently appeared words in the coded text are:

1. uhdcvk (appears 73 times)
2. inzljy (appears 34 times)
3. qvseye (appears 23 times)"
fwe,96,"ugntxz (24 times)
qyliql (17 times)
kskmqp (15 times)"
fwe,97,"The three most frequently appeared words in the coded text are:

1. tkhsrs (appears 73 times)
2. puehvl (appears 24 times)
3. iwamhi (appears 23 times)"
fwe,98,"The three most frequently appeared words in the coded text are:

1. wovopw (appears 43 times)
2. jsmcwc (appears 37 times)
3. tkrzou (appears 24 times"
fwe,99,"smhvyi, hawoyl, ptxknz"
qa_1,0,France
qa_1,1,The 10th and 11th centuries.
qa_1,2,"Denmark, Iceland, Norway"
qa_1,3,Rollo
qa_1,4,The 10th century.
qa_1,5,William II of Normandy
qa_1,6,Richard I of Normandy
qa_1,7,Catholicism (Christianity)
qa_1,8,Norseman or Viking.
qa_1,9,9th century
qa_1,10,911
qa_1,11,King Charles III of West Francia.
qa_1,12,Epte
qa_1,13,Rollo
qa_1,14,Catholicism (Christianity)
qa_1,15,Normandy
qa_1,16,Fighting horsemen.
qa_1,17,The Seljuk Turks.
qa_1,18,The 1050s.
qa_1,19,The 1060s.
qa_1,20,Alexius Komnenos.
qa_1,21,Afranji
qa_1,22,Oursel
qa_1,23,The Turks.
qa_1,24,They were descended from an Italo-Norman named Raoul.
qa_1,25,Robert Guiscard
qa_1,26,1081
qa_1,27,"30,000"
qa_1,28,Deabolis.
qa_1,29,Bohemond.
qa_1,30,The river Deabolis.
qa_1,31,1185
qa_1,32,Dyrrachium
qa_1,33,The city of Deabolis.
qa_1,34,Ethelred II of England
qa_1,35,Duke Richard II of Normandy
qa_1,36,Normandy
qa_1,37,Sweyn Forkbeard.
qa_1,38,Harthacnut
qa_1,39,1041
qa_1,40,Robert of Jumièges
qa_1,41,The Battle of Hastings.
qa_1,42,Duke William II of Normandy.
qa_1,43,1066
qa_1,44,Anglo-Saxons
qa_1,45,Modern English.
qa_1,46,1169
qa_1,47,Ireland
qa_1,48,Irish culture.
qa_1,49,Edgar Atheling
qa_1,50,Malcolm III of Scotland
qa_1,51,1072
qa_1,52,Duncan
qa_1,53,Sybilla of Normandy
qa_1,54,Norman
qa_1,55,Hereford.
qa_1,56,The Welsh.
qa_1,57,Edward the Confessor
qa_1,58,Wales
qa_1,59,1018
qa_1,60,William of Montreuil
qa_1,61,1097
qa_1,62,Tancred
qa_1,63,The conquest of Jerusalem.
qa_1,64,380 years
qa_1,65,A storm.
qa_1,66,Berengaria
qa_1,67,April 1191
qa_1,68,Isaac Komnenos
qa_1,69,Conrad of Montferrat
qa_1,70,Silver.
qa_1,71,Guy de Lusignan
qa_1,72,Africa
qa_1,73,Jean de Bethencourt
qa_1,74,"Enrique Pérez de Guzmán, 2nd Count de Niebla."
qa_1,75,Maciot de Bethencourt
qa_1,76,The Channel Islands.
qa_1,77,2
qa_1,78,"Rounded arches, particularly over windows and doorways, and massive proportions."
qa_1,79,"Rounded arches, particularly over windows and doorways."
qa_1,80,Early Gothic
qa_1,81,Anglo-Saxon
qa_1,82,The Kingdom of Sicily.
qa_1,83,The early 11th century.
qa_1,84,The dukes of Normandy.
qa_1,85,The 16th century.
qa_1,86,Embroidery.
qa_1,87,The Bayeux Tapestry.
qa_1,88,"Odo, the Bishop of Bayeux and first Earl of Kent."
qa_1,89,Mosaics.
qa_1,90,The 11th century.
qa_1,91,William of Volpiano and John of Ravenna
qa_1,92,Southern Italy
qa_1,93,Sant'Eufemia.
qa_1,94,Robert Guiscard
qa_1,95,Singing.
qa_1,96,Computational complexity theory.
qa_1,97,Inherent difficulty
qa_1,98,A computational problem.
qa_1,99,Time and space.
qa_2,0,Yes
qa_2,1,United States ambassador to Ghana and to Czechoslovakia.
qa_2,2,The Animorphs series.
qa_2,3,No
qa_2,4,Brooklyn
qa_2,5,YG Entertainment
qa_2,6,Eenasul Fateh
qa_2,7,"3,677"
qa_2,8,Terry Richardson
qa_2,9,Yes
qa_2,10,Kansas Song (We’re From Kansas)
qa_2,11,David Weissman
qa_2,12,1999
qa_2,13,No
qa_2,14,1986 to 2013
qa_2,15,United States
qa_2,16,North Atlantic Conference
qa_2,17,Yes
qa_2,18,Nixon
qa_2,19,Robert Erskine Childers
qa_2,20,Pedro Rodríguez
qa_2,21,Jim Cummings
qa_2,22,iSight iMac G5
qa_2,23,Wolf Alice
qa_2,24,Peter Schmeichel
qa_2,25,Lee Hazlewood
qa_2,26,1838
qa_2,27,Yes
qa_2,28,Henry J. Kaiser
qa_2,29,Arena of Khazan
qa_2,30,2000
qa_2,31,"Fujioka, Gunma, Japan."
qa_2,32,Charles Nungesser and François Coli
qa_2,33,Yes
qa_2,34,Letters to Cleo
qa_2,35,1923
qa_2,36,2000
qa_2,37,World War II
qa_2,38,No
qa_2,39,Columbia University
qa_2,40,Scotch Collie
qa_2,41,"Mumbai, Maharashtra."
qa_2,42,1962
qa_2,43,The Battle of Adwa.
qa_2,44,Nelson Rockefeller
qa_2,45,Firth of Forth
qa_2,46,Phil Spector
qa_2,47,The World Summit of Nobel Peace Laureates
qa_2,48,Yes
qa_2,49,English Electric Canberra
qa_2,50,"2009, Big 12 Conference"
qa_2,51,"1,462"
qa_2,52,Indianapolis Motor Speedway
qa_2,53,Rome
qa_2,54,"Max Martin, Savan Kotecha, and Ilya Salmanzadeh."
qa_2,55,Adelaide
qa_2,56,drifting
qa_2,57,Jerry Glanville
qa_2,58,Boston
qa_2,59,No
qa_2,60,Muggsy Bogues
qa_2,61,Francis Ford Coppola
qa_2,62,Virginia Woolf
qa_2,63,16150
qa_2,64,70
qa_2,65,Charmed
qa_2,66,IBF
qa_2,67,Usher
qa_2,68,Brian Doyle-Murray
qa_2,69,Carabao Cup
qa_2,70,Teen Titans
qa_2,71,"276,170"
qa_2,72,Orange
qa_2,73,Tromeo and Juliet
qa_2,74,Bill Clinton
qa_2,75,John John Florence
qa_2,76,Bobbie
qa_2,77,Ais
qa_2,78,British
qa_2,79,1865
qa_2,80,Sullivan County
qa_2,81,Bob Seger
qa_2,82,requiring only men to register for the draft
qa_2,83,Mondelez International
qa_2,84,Monica Lewinsky
qa_2,85,"April 1, 1949"
qa_2,86,1866
qa_2,87,"Tenerife, Canary Islands, Spain."
qa_2,88,There is no information about the number of copies sold of Roald Dahl's variation on a popular anecdote.
qa_2,89,Film director
qa_2,90,The Conversation
qa_2,91,John Waters
qa_2,92,"Las Vegas, Nevada."
qa_2,93,No
qa_2,94,March and April
qa_2,95,Fairfax County
qa_2,96,IT products and services.
qa_2,97,Lev Yilmaz
qa_2,98,Beijing
qa_2,99,No
