Task,ID,Prediction
niah_single_1,17613,The special magic number for roomy-devil is 3094235.
niah_single_1,29143,The special magic number for scintillating-slipper is 5918715.
niah_single_1,3396,The special magic number for smoggy-caliber mentioned in the text is: 4226067.
niah_single_1,13566,"There is no special magic number mentioned in the provided text. The text appears to be a repetition of the same sentence, ""The grass is green. The sky is blue. The sun is yellow. Here we go. There and back again."" multiple times, but it does not mention any specific number."
niah_single_1,17706,The special magic number for flippant-twine is: 2694522.
niah_single_1,7714,The special magic number for old-snowplow mentioned in the provided text is: 7120868.
niah_single_1,12494,The special magic number mentioned in the text is: 4514944.
niah_single_1,24813,The special magic number for strong-hive mentioned in the provided text is: 3871230.
niah_single_1,17708,"There is no special magic number mentioned in the provided text. The text appears to be a repetition of the same sentence, ""The grass is green. The sky is blue. The sun is yellow. Here we go. There and back again,"" many times, but it does not mention any special magic number."
niah_single_1,15187,The special magic number for terrible-online is: 4684531.
niah_single_1,14736,The special magic number for flaky-endoderm mentioned in the provided text is: 1538552.
niah_single_1,9967,The special magic number for grandiose-clave mentioned in the provided text is: 2110460.
niah_single_1,18423,The special magic number for fair-yogurt is 9375710.
niah_single_1,6638,The special magic number for deafening-radish is: 5443951.
niah_single_1,27154,The special magic number for shiny-fleece is 5408072.
niah_single_1,16896,The special magic number for solid-sanction mentioned in the provided text is: 7700828.
niah_single_1,22924,The special magic number for dark-boyhood is: 9548432.
niah_single_1,7269,The special magic number for annoying-doorbell is: 2839607.
niah_single_1,27694,The special magic number for used-postfix is: 8082668.
niah_single_1,27694,The special magic number for lush-tornado is: 7402509.
niah_single_1,25721,The special magic number for rhetorical-industry mentioned in the provided text is: 5218028.
niah_single_1,24902,The special magic number for used-hound is 2921859.
niah_single_1,5374,The special magic number for tested-shout mentioned in the provided text is: 6707197.
niah_single_1,21132,The special magic number for nondescript-rotation is: 3653446.
niah_single_1,23288,The special magic number for workable-chateau is: 5418934.
niah_single_1,29042,The special magic number for quick-vane mentioned in the provided text is: 2785277.
niah_single_1,28239,The special magic number for tenuous-epauliere is 9517169.
niah_single_1,7630,The special magic number for deranged-asparagus is: 7273233.
niah_single_1,22747,"I think there may be a bit of a problem here!

The text you provided is a repetitive block of text that appears to be a loop of the same sentence repeated over and over again. There is no mention of a ""special magic number"" for ""stale-spaghetti"" in the text. In fact, the text doesn't even mention ""stale-spaghetti"" at all. The only mention of a number is the phrase ""One of the special magic numbers for stale-spaghetti is: 6438436"" which appears at the end of the text, but it's not actually part of the"
niah_single_1,14377,The special magic number for colossal-friend mentioned in the provided text is: 7089806.
niah_single_1,26348,The special magic number for average-pendulum mentioned in the provided text is: 5041154.
niah_single_1,3396,The special magic number for bright-urgency mentioned in the text is: 9153566.
niah_single_1,25536,The special magic number for cultured-silly is: 8973915.
niah_single_1,28145,The special magic number for good-standoff mentioned in the provided text is: 9852897.
niah_single_1,14553,"There is no special magic number mentioned in the provided text. The text appears to be a repetition of the same sentence, ""The grass is green. The sky is blue. The sun is yellow. Here we go. There and back again,"" many times, but it does not mention a special magic number for faint-water."
niah_single_1,20413,The special magic number for undesirable-signature mentioned in the provided text is: 7264956.
niah_single_1,10595,The special magic number for crabby-player is: 5159166.
niah_single_1,27338,The special magic number for invincible-cocoa mentioned in the provided text is: 1352896.
niah_single_1,520,The special magic number for spectacular-spleen is: 4694634.
niah_single_1,10774,The special magic number for wet-lollipop is: 1987737.
niah_single_1,3487,The special magic number for afraid-stir-fry is: 6543670.
niah_single_1,10061,The special magic number for guiltless-ice-cream mentioned in the provided text is: 9143903.
niah_single_1,11405,The special magic number for worried-purse is: 8930103.
niah_single_1,4570,The special magic number for mindless-kilometer is: 4194548.
niah_single_1,16536,The special magic number for troubled-board mentioned in the provided text is: 8231838.
niah_single_1,2678,The special magic number for moaning-kilogram is: 8835373.
niah_single_1,15817,The special magic number for axiomatic-watch mentioned in the provided text is: 7754864.
niah_single_1,8979,The special magic number for furtive-milestone mentioned in the provided text is: 4214348.
niah_single_1,8620,The special magic number for dazzling-godparent is: 8077999.
niah_single_1,3674,"There is no special magic number mentioned in the provided text. The text appears to be a repetition of the same sentence, ""The grass is green. The sky is blue. The sun is yellow. Here we go. There and back again."" multiple times, but it does not mention any special magic number."
niah_single_1,2497,The special magic number for scattered-prize mentioned in the text is: 2642635.
niah_single_1,7897,The special magic number for capricious-foal is: 4965789.
niah_single_1,10055,The special magic number for plucky-prefix mentioned in the provided text is: 9075854.
niah_single_1,17703,The special magic number for aware-louse is 3762152.
niah_single_1,21126,The special magic number for madly-titanium is 5449368.
niah_single_1,7354,The special magic number for nasty-course is: 9164991.
niah_single_1,2854,The special magic number for helpless-yew is: 4652414.
niah_single_1,2496,The special magic number for hurried-tensor is: 1959074.
niah_single_1,7450,The special magic number for purring-watercress is: 9910817.
niah_single_1,8794,The special magic number for quickest-car mentioned in the provided text is: 2344047.
niah_single_1,11044,"There is no special magic number mentioned in the provided text. The text appears to be a repetition of the same sentence 100 times, with no mention of a magic number."
niah_single_1,26889,The special magic number for cowardly-duckling is 5130808.
niah_single_1,19504,The special magic number for swift-bronze is 2375453.
niah_single_1,14646,The special magic number for gleaming-manor mentioned in the provided text is: 4426900.
niah_single_1,6275,The special magic number for goofy-manacle mentioned in the provided text is: 7640184.
niah_single_1,3575,The special magic number for orange-mangle is: 6304573.
niah_single_1,3575,The special magic number for ordinary-stem mentioned in the text is: 2677407.
niah_single_1,6285,The special magic number for quarrelsome-realization is: 5449324.
niah_single_1,17255,The special magic number for billowy-blend is: 5098412.
niah_single_1,25266,"There is no special magic number mentioned in the provided text. The text appears to be a repetition of the same sentence, ""The grass is green. The sky is blue. The sun is yellow. Here we go. There and back again."" multiple times, with a mention of a number ""8351517"" at the end, but it is not explained or related to the rest of the text."
niah_single_1,611,The special magic number for subsequent-motorcar mentioned in the text is: 9874152.
niah_single_1,6360,The special magic number for ugly-map is: 2737893.
niah_single_1,25716,"There is no special magic number mentioned in the provided text. The text appears to be a repetition of the same sentence, ""The grass is green. The sky is blue. The sun is yellow. Here we go. There and back again."" multiple times, but it does not mention any specific number."
niah_single_1,28061,The special magic number for grieving-subsidiary is: 5727085.
niah_single_1,9604,The special magic number for witty-offset mentioned in the provided text is: 6752576.
niah_single_1,11772,"There is no special magic number mentioned in the provided text. The text appears to be a repetition of the same sentence, ""The grass is green. The sky is blue. The sun is yellow. Here we go. There and back again,"" many times, but it does not mention any specific number."
niah_single_1,12937,The special magic number for capable-citizen mentioned in the text is: 8106422.
niah_single_1,6190,The special magic number mentioned in the text is: 6596150.
niah_single_1,25624,The special magic number for dirty-stress is: 8412769.
niah_single_1,5374,The special magic number for sharp-season mentioned in the provided text is: 1162230.
niah_single_1,25354,The special magic number for vigorous-rag is: 3500715.
niah_single_1,20045,The special magic number for lewd-porthole is 3484601.
niah_single_1,16996,The special magic number for ambitious-reorganisation mentioned in the provided text is: 6171716.
niah_single_1,11685,"There is no special magic number mentioned in the provided text. The text appears to be a repetition of the same sentence, ""The grass is green. The sky is blue. The sun is yellow. Here we go. There and back again,"" many times, but it does not mention any specific number."
niah_single_1,28774,The special magic number for knotty-inlay mentioned in the provided text is: 7817881.
niah_single_1,8344,The special magic number for foamy-sneeze is 3726327.
niah_single_1,15546,The special magic number for ad hoc-picture mentioned in the provided text is: 4009172.
niah_single_1,12487,The special magic number for uncovered-nymph is: 5163555.
niah_single_1,17790,The special magic number for wary-gum is: 2813543.
niah_single_1,9436,The special magic number for parsimonious-conditioner mentioned in the provided text is: 4731818.
niah_single_1,10684,The special magic number for jumpy-kinase is: 6120253.
niah_single_1,18609,The special magic number for acrid-disposition mentioned in the text is: 4240180.
niah_single_1,13027,The special magic number for guiltless-nurse is 2164686.
niah_single_1,18607,The special magic number for testy-hydrocarb is 9546409.
niah_single_1,12217,The special magic number for adhesive-catsup is: 2935113.
niah_single_1,1955,The special magic number for snotty-canvas is: 5453786.
niah_single_1,16090,The special magic number for squealing-tenement is: 8290770.
niah_single_1,5560,The special magic number for nostalgic-scallops is: 9580255.
niah_single_1,11944,The special magic number for smiling-coil mentioned in the provided text is: 4188992.
niah_single_1,248,The special magic number for whimsical-prince is: 8315831.
niah_single_2,14353,The special magic number for harmonious-uniform is: 2338687.
niah_single_2,27768,The special magic number for loving-cockroach is: 5663623.
niah_single_2,21500,The special magic number for discreet-commodity mentioned in the text is: 7210606.
niah_single_2,4043,5479144
niah_single_2,10722,The special magic number for roasted-poetry is: 5107245.
niah_single_2,34401,5528972
niah_single_2,3217,The special magic number for vague-shear is: 6440561.
niah_single_2,24085,The special magic number for aggressive-psychology mentioned in the text is: 6292423.
niah_single_2,22307,The special magic number for fair-yogurt is: 9375710.
niah_single_2,8576,The special magic number for deafening-radish is: 5443951.
niah_single_2,36252,The special magic number for shiny-fleece is: 5408072.
niah_single_2,22260,The special magic number for solid-sanction mentioned in the text is: 7700828.
niah_single_2,30039,9548432
niah_single_2,9478,The special magic number for annoying-doorbell is: 2839607.
niah_single_2,36947,The special magic number for used-postfix mentioned in the text is: 8082668.
niah_single_2,36947,The special magic number for lush-tornado mentioned in the text is: 7402509.
niah_single_2,34407,The special magic number for rhetorical-industry mentioned in the text is: 5218028.
niah_single_2,32823,2921859
niah_single_2,7052,The special magic number for tested-shout is: 6707197.
niah_single_2,28380,The special magic number for workable-chateau is: 5418934.
niah_single_2,19410,The special magic number for quick-vane is: 2785277.
niah_single_2,10726,The special magic number for deranged-asparagus is: 7273233.
niah_single_2,17594,7089806
niah_single_2,35010,The special magic number for average-pendulum mentioned in the text is: 5041154.
niah_single_2,4041,The special magic number for bright-urgency mentioned in the text is: 9153566.
niah_single_2,34402,8973915
niah_single_2,36948,The special magic number for good-standoff mentioned in the text is: 9852897.
niah_single_2,19411,The special magic number for faint-water mentioned in the text is: 4374754.
niah_single_2,26904,The special magic number for undesirable-signature mentioned in the text is: 7264956.
niah_single_2,14348,The special magic number for crabby-player is: 5159166.
niah_single_2,36256,The special magic number for invincible-cocoa is: 1352896.
niah_single_2,251,"There is no special magic number mentioned in the provided text for ""spectacular-spleen"". The text actually mentions a special magic number ""4694634"" in the context of a different topic, but it is not related to ""spectacular-spleen""."
niah_single_2,14347,1987737
niah_single_2,12693,9143903
niah_single_2,15292,The special magic number for worried-purse mentioned in the text is: 8930103.
niah_single_2,20451,The special magic number for troubled-board mentioned in the provided text is: 8231838.
niah_single_2,19814,The special magic number for axiomatic-watch is: 7754864.
niah_single_2,10726,The special magic number for dazzling-godparent mentioned in the text is 8077999.
niah_single_2,3000,The special magic number for scattered-prize mentioned in the text is: 2642635.
niah_single_2,12687,9075854
niah_single_2,23454,3762152
niah_single_2,8615,The special magic number for nasty-course is: 9164991.
niah_single_2,3218,The special magic number for helpless-yew is: 4652414.
niah_single_2,3220,The special magic number for hurried-tensor mentioned in the text is: 1959074.
niah_single_2,10720,The special magic number for quickest-car mentioned in the text is: 2344047.
niah_single_2,33204,The special magic number for cowardly-duckling mentioned in the text is: 5130808.
niah_single_2,25056,The special magic number for swift-bronze mentioned in the text is: 2375453.
niah_single_2,20263,The special magic number for gleaming-manor mentioned in the text is: 4426900.
niah_single_2,8573,The special magic number for goofy-manacle is: 7640184.
niah_single_2,4040,The special magic number for orange-mangle is: 6304573.
niah_single_2,4040,The special magic number for ordinary-stem mentioned in the text is: 2677407.
niah_single_2,21093,The special magic number for billowy-blend is: 5098412.
niah_single_2,32827,8351517.
niah_single_2,252,"There is no special magic number mentioned in the provided text for ""subsequent-motorcar"". The text actually mentions a special magic number ""9874152"" in the context of a different topic, but it is not related to ""subsequent-motorcar""."
niah_single_2,8568,The special magic number for ugly-map is: 2737893.
niah_single_2,34402,2795765
niah_single_2,12686,The special magic number for witty-offset mentioned in the text is: 6752576.
niah_single_2,16440,The special magic number for capable-citizen mentioned in the text is: 8106422.
niah_single_2,8578,The special magic number for abashed-girlfriend is: 6596150.
niah_single_2,34400,The special magic number for dirty-stress mentioned in the text is: 8412769.
niah_single_2,7052,The special magic number for sharp-season mentioned in the text is: 1162230.
niah_single_2,32825,"The special magic number for vigorous-rag mentioned in the text is 35,007, but it is actually referring to the survival rate for startups, which is less than 50%."
niah_single_2,21104,The special magic number for ambitious-reorganisation mentioned in the provided text is: 6171716.
niah_single_2,35146,"There is no special magic number mentioned in the provided text for knotty-inlay. The text actually mentions a special magic number for knotty-inlay in a note at the end, but it is not a number, it is the number 7817881, but it is not explained what it is or what it is related to."
niah_single_2,19813,The special magic number for ad hoc-picture is: 4009172.
niah_single_2,17183,The special magic number for uncovered-nymph is: 5163555.
niah_single_2,23451,The special magic number for wary-gum is: 2813543.
niah_single_2,13345,6120253
niah_single_2,24081,The special magic number for acrid-disposition mentioned in the text is: 4240180.
niah_single_2,17183,The special magic number for guiltless-nurse is: 2164686.
niah_single_2,15179,The special magic number for adhesive-catsup mentioned in the text is: 2935113.
niah_single_2,1886,The special magic number for snotty-canvas mentioned in the text is: 5453786.
niah_single_2,6629,The special magic number for nostalgic-scallops is: 9580255.
niah_single_2,16489,The special magic number for smiling-coil is: 4188992.
niah_single_2,249,The special magic number for whimsical-prince mentioned in the text is: 8315831
niah_single_2,4035,The special magic number for lazy-lay mentioned in the text is: 8235969.
niah_single_2,7051,The special magic number for tacit-scope mentioned in the text is: 6266630.
niah_single_2,25063,The special magic number for quick-developmental mentioned in the text is: 6188935.
niah_single_2,34402,The special magic number for meek-rebellion mentioned in the text is: 5960271.
niah_single_2,23453,The special magic number for empty-drop is: 8053918.
niah_single_2,24085,The special magic number for super-experimentation mentioned in the text is: 6049101.
niah_single_2,13301,The special magic number for hollow-stroke mentioned in the text is: 5813613.
niah_single_2,28376,The special magic number for nutty-throne is: 4585314.
niah_single_2,17595,The special magic number for capricious-lever mentioned in the text is: 4940441.
niah_single_2,1223,The special magic number for erect-elixir mentioned in the text is: 3472189.
niah_single_2,37949,"There is no special magic number mentioned in the provided text for ""fretful-stag"". The text actually mentions a special magic number for ""Viaweb"", but it is not explicitly stated. However, the text does mention the number 8971465, but it is not associated with ""fretful-stag""."
niah_single_2,35007,7953166
niah_single_2,250,The special magic number for fresh-secretariat mentioned in the provided text is: 3475836.
niah_single_2,11841,The special magic number for nauseating-strip mentioned in the text is: 4671545.
niah_single_2,7057,The special magic number for aromatic-bungalow is: 5180853.
niah_single_2,23932,The special magic number for oafish-harvest is: 9468772.
niah_single_2,26899,The special magic number for difficult-stucco mentioned in the text is: 8963715.
niah_single_2,31984,The special magic number for functional-sitar mentioned in the text is: 5652512.
niah_single_2,17178,The special magic number for tan-creche is: 5013879.
niah_single_2,15290,The special magic number for bored-spool is: 5793722.
niah_single_2,13343,The special magic number for dark-chess mentioned in the text is: 3530518.
niah_single_2,19813,The special magic number for muddled-change mentioned in the text is: 7838382.
niah_single_2,13301,The special magic number for muddy-disease is: 2044645.
niah_single_2,35010,The special magic number for maddening-rescue is: 1327691.
niah_single_2,21504,The special magic number for permissible-waterwheel mentioned in the text is: 1098919.
niah_single_3,27371,The special magic uuid for silky-mapping is: 366eb16f-508e-4ad7-b7c9-3acfe059a0ee.
niah_single_3,21042,The special magic uuid for sordid-bath is: 663f1c97-9562-49f0-a5d7-b8756dadd6c7
niah_single_3,3212,The special magic uuid for dark-boyhood mentioned in the text is: c17af08a-1745-46d8-be57-0ddf827050a8
niah_single_3,29541,The special magic uuid for lush-tornado is: 77d21e02-ff01-4f99-988c-24c961b1cd22.
niah_single_3,9925,The special magic uuid for tested-shout is: 6f4cc69a-4b22-4308-9c8e-aee95715bd6f.
niah_single_3,17583,The special magic uuid for quick-vane is: a013ac6e-deda-4e16-9b3d-bd5ce9a1fa6f
niah_single_3,21046,The special magic uuid for stale-spaghetti is: 1ca35cfb-04fc-4d82-bd15-438552fbe43b
niah_single_3,30389,The special magic uuid for yummy-dynasty is: fa5d3100-11b7-4948-90e6-e6607c69dee1
niah_single_3,12687,The special magic uuid for resolute-politician is: f6e07cc0-6c52-449f-9b49-bd26df57c59a
niah_single_3,22250,The special magic uuid for wide-spume mentioned in the text is: abf3ad39-fec2-4bbe-a624-5bfa4fcca39a
niah_single_3,13301,The special magic uuid for accidental-airfield is: 96a402f2-3ae8-4c93-8dcd-cd03969b6662
niah_single_3,27380,The special magic uuid for incandescent-ptarmigan is: 474a493b-3ced-4f2d-839f-bc501223b513
niah_single_3,11922,The special magic uuid for freezing-milk is: 683514f2-ceb8-4f9d-b914-c120c8dcd19f.
niah_single_3,5722,The special magic uuid mentioned in the text is: fbf24050-a748-4bcf-ac61-9e630dde29a6
niah_single_3,23884,The special magic uuid for eminent-weight mentioned in the text is: 23e2fcb4-72d8-467d-894a-05e430b187ef
niah_single_3,30391,The special magic uuid mentioned in the text is: ffd0f9d5-a6f2-47b8-8cf3-5b5819108be5
niah_single_3,2935,The special magic uuid for plucky-prefix is: 66aa9385-dd59-4a71-b6b8-24817b3a4e3e.
niah_single_3,31320,The special magic uuid for nasty-course is: fed4057d-bb02-4576-b512-c4c3b253d218
niah_single_3,3219,The special magic uuid for detailed-insulation is: f7fd5646-37bb-4eec-8bf5-0b52309d258c.
niah_single_3,10631,The special magic uuid for available-floodplain is: d9f195d0-1482-4f53-8201-0c62f5f59b22.
niah_single_3,35080,The special magic uuid for skillful-palace mentioned in the provided text is: 0a2c827e-9832-4856-9434-0a033f07f814.
niah_single_3,15173,3d1a85dd-506e-4a9a-b758-588dab73295b
niah_single_3,20216,The special magic uuid for curved-table mentioned in the text is: 750cab75-4ccc-4bc2-a53f-8a28abf3e3fc.
niah_single_3,5978,The special magic uuid for aboard-lode mentioned in the text is: 902059e4-ff9a-45c2-9f04-4aed75523327.
niah_single_3,30390,The special magic uuid for fretful-cherry is: 702cdd20-2862-48b8-88f4-ef125e9953d2.
niah_single_3,5723,The special magic uuid for unbecoming-bee is: ee87905e-4ca4-45ea-8dfa-6a56d12dbc9a
niah_single_3,19715,The special magic uuid for grieving-subsidiary is: b7b56ea7-35eb-432d-9ad6-20ab48212ddb
niah_single_3,16242,The special magic uuid for aromatic-specialist is: d450281c-6c6f-4633-a260-772317a0df49
niah_single_3,238,The special magic uuid for nutty-layer mentioned in the provided text is: 8f9797b0-6d7c-43c9-b4a6-9f3c8d3aed99.
niah_single_3,7524,6e068097-25e9-4977-8d72-48e2951f58d0
niah_single_3,20396,The special magic uuid for fabulous-square is: 1a50aec3-aabc-45fa-bfe1-2e47ae9bec36.
niah_single_3,19708,The special magic uuid for dynamic-yarn is: 2dea9493-0658-463a-a98c-206fe1a47e10
niah_single_3,26231,The special magic uuid for wary-gum is: 09e9db0a-df46-4290-a1ee-411a1bac27a7
niah_single_3,19710,The special magic uuid for fertile-refuse is: 6601ddd0-3170-4437-a8f7-ef5a060edf5b
niah_single_3,1148,The special magic uuid for uptight-kit mentioned in the text is: 54c63cd8-8945-4f27-97fa-2d8dfb2ca025.
niah_single_3,18241,The special magic uuid for clumsy-billboard is: ba81edd9-587e-4344-af3f-920c98b8e4cc
niah_single_3,29545,The special magic uuid for gaudy-bankruptcy is: 006ed6e3-6fa1-4735-b572-f3d00b5cea6a
niah_single_3,17583,The special magic uuid for ugly-manor is: e6697833-b841-40a0-9fe7-71d6d9178793
niah_single_3,10621,The special magic uuid for empty-drop mentioned in the text is: 610faa3f-f0bb-4c67-aa38-d0a16ba25efe
niah_single_3,18233,a79ac9aa-9b4e-4c24-9479-e1e6c9277d9b
niah_single_3,35079,The special magic uuid for trite-triangle mentioned in the provided text is: a9f25336-83f4-49a9-88a6-39d015b52908
niah_single_3,26235,The special magic uuid for erect-elixir is: 3eae0032-0bd4-4990-8640-be0f25b8fd4b
niah_single_3,244,The special magic uuid for productive-kitsch is: a7f36ae9-25c7-4c44-be75-c3b4664fa663
niah_single_3,31918,The special magic uuid for nauseating-strip is: f53d4330-cdda-44ba-ad06-e8cf3805f907
niah_single_3,7051,The special magic uuid for aromatic-bungalow is: d92c9227-eadf-4085-bfcb-75468eb22579.
niah_single_3,28347,The special magic uuid for oafish-harvest is: e45b712e-b822-4688-90a4-44329cd6c852
niah_single_3,16242,The special magic uuid for gigantic-networking mentioned in the text is: a33dc7af-d701-410d-bf4b-1a70c074718e
niah_single_3,4959,The special magic uuid for grieving-billing is: 8a476a87-e49d-481d-91d8-7c6455fa1ab8.
niah_single_3,23220,7746d0ba-8ae8-405b-94b4-a48268586eba
niah_single_3,20395,The special magic uuid for smelly-barrage is: f1578470-0182-47c4-ba1b-58066160a6b4
niah_single_3,1153,The special magic uuid for political-target mentioned in the text is: 7c5308bf-6f92-425e-85df-16b6382c043f.
niah_single_3,22252,06e745f9-88bc-439c-9f4c-3b79fb10987f
niah_single_3,25360,The special magic uuid for aromatic-conscience is: 362f5e5c-53cd-4268-a10c-f37342999aa4
niah_single_3,25058,473bd358-610e-4a64-a130-1617c2dff335
niah_single_3,1750,The special magic uuid for few-federation is: f510ab53-c7fe-439f-9190-f938a66fd7f7.
niah_single_3,9258,The special magic uuid for functional-style mentioned in the text is: 9f0fda8d-0537-4ff6-96d7-b3b833094d35.
niah_single_3,33926,The special magic uuid for warlike-citizen is: 2af43ab7-5e6f-4a07-8453-6f1d41992fdf.
niah_single_3,22255,The special magic uuid for smelly-constant is: 60141de9-f54a-40a2-a874-66d7ad66a1bd
niah_single_3,33925,The special magic uuid for wakeful-flight is: af2b99b4-d9ac-4158-8d34-85c5c5c14eb4.
niah_single_3,25454,The special magic uuid for shy-zen mentioned in the text is: 8861fe18-58e2-4888-8a83-81bec85aca46.
niah_single_3,25359,The special magic uuid for clear-manufacturer mentioned in the text is: a2b5b498-5cb8-4aed-b5f6-2c976efb63b1
niah_single_3,16239,The special magic uuid mentioned in the text is: 97ac6aa8-bb24-48a3-9363-57b66f81cf4f
niah_single_3,19715,The special magic uuid for overrated-shearling is: 6105716b-ab0e-464e-9c3e-b2d591e1aa96
niah_single_3,16239,The special magic uuid mentioned in the text is: 989d9d4a-e15c-4666-8797-b2c957207246
niah_single_3,27370,The special magic uuid for sedate-prize is: 79e13cea-b0cb-461f-bd85-de89c2171429.
niah_single_3,15171,The special magic uuid for absurd-extent is: 6786d506-38ba-4abc-8b53-05e517d2582e
niah_single_3,31913,"The special magic uuid for ultra-delay mentioned in the text is:

8db06746-7927-4973-9e78-1fd794e0d3ba"
niah_single_3,11923,The special magic uuid for green-bookcase is: 1ee34dc4-3b04-4a8b-805b-fdc94e7ed827.
niah_single_3,11773,The special magic uuid for courageous-swallow is: c31edbbc-f36c-462b-892e-6161be2d740a
niah_single_3,21048,3a3c563e-4bd6-4ee6-b1b1-b099d52721e7
niah_single_3,17179,The special magic uuid for historical-supply is: 2067bdac-88bd-43d1-b540-b30e039f3a25.
niah_single_3,8570,The special magic uuid for astonishing-hurt is: f1afdb65-b289-4224-8ac9-778d8da8eee4.
niah_single_3,15172,The special magic uuid for numerous-slate is: 0d270659-f72a-4a9b-af32-751e5738811d
niah_single_3,17586,The special magic uuid for demonic-pleat is: f2f9e5fa-9016-4161-8fa7-01cd2631d00b
niah_single_3,17582,The special magic uuid for red-freak mentioned in the text is: 715629ee-e893-4e3d-b354-ea6f61607459.
niah_single_3,9925,The special magic uuid for tall-proctor is: 14c8b3b4-a911-4192-83bf-d9313605bf54.
niah_single_3,25048,The special magic uuid for drunk-word mentioned in the text is: 00af5b3a-2812-459a-9337-739e8d4f5d27
niah_single_3,3507,743b65a2-dc0f-4fcf-b3f6-fe0d48603b32
niah_single_3,16237,The special magic uuid for concerned-wake mentioned in the text is: 26242b40-a5cb-43a2-b98d-1ca68b6870b5
niah_single_3,22257,The special magic uuid mentioned in the text is: 4dd8eb85-b04d-4376-b7fc-97031fd5a423
niah_single_3,1152,The special magic uuid for noiseless-futon is: 40181c6e-9a8c-4a3c-9283-aac7bc0a6a5d.
niah_single_3,34817,The special magic uuid for flaky-child is: dc4ad56b-d601-4237-ac9e-d156f63fce41
niah_single_3,10622,The special magic uuid for ratty-thong is: 473544f9-ea83-4f00-b135-f221a6c9537f
niah_single_3,9929,The special magic uuid for minor-binoculars is: 1ac70ec0-ab8d-4eb4-9230-dfbd5553b2fe.
niah_single_3,23924,The special magic uuid for modern-churn is: a99f1318-49c8-443f-bed7-0ed7b194990b
niah_single_3,30395,The special magic uuid for rambunctious-lashes is: a85c6e4a-004b-4fab-bcf5-6188d32e6dcd.
niah_single_3,16232,The special magic uuid mentioned in the text is: 341c6494-0d36-4dfc-828e-bd7071299889
niah_single_3,9930,The special magic uuid for tasteful-disposal is: b5b453ca-3d42-493c-8c9f-d3349bdf0377.
niah_single_3,14343,The special magic uuid for scientific-eye mentioned in the text is: 17dc8eff-6872-43f9-8d60-593603802b70.
niah_single_3,9257,"The special magic uuid for outstanding-run mentioned in the text is:

d50755d9-a5d0-4d53-9e12-42e3f27292b6"
niah_single_3,21807,The special magic uuid for pathetic-bitten is: 25074181-8d1f-4540-b4ef-f5453e652603
niah_single_3,16235,The special magic uuid for muddled-darn is: 81fb18b3-c9a7-491f-af2a-e71357021049.
niah_single_3,35997,The special magic uuid for half-spume is: 96418ced-d664-4264-8c6e-27ffb9de7a3a.
niah_single_3,21018,The special magic uuid for defective-shine is: 585a0afa-7bfd-4c12-89e0-6ab37250ee18.
niah_single_3,18241,The special magic uuid for flipped-out-teen is: 0b2c782a-6928-4e92-868a-152fdb23aa8c
niah_single_3,19708,The special magic uuid for alike-sermon is: 9716108e-f721-49bb-8096-27182051acef
niah_single_3,241,The special magic uuid mentioned in the text is: 74f93d17-e912-44bf-86a4-bae41986b4b2
niah_single_3,4957,The special magic uuid for good-signature mentioned in the text is: 65c17795-b155-46bc-9f8d-ed9756abf2f1
niah_single_3,16801,The special magic uuid for rural-collaboration mentioned in the text is: 3c19e71d-1184-45ad-9e11-d2cd0930aef6.
niah_single_3,1751,0769165f-e746-4cb9-8ca9-cf07b1aa0f6a
niah_multikey_1,23297,The special magic number for foregoing-glance is: 5672073.
niah_multikey_1,24082,The special magic number for careful-plot is: 2626229.
niah_multikey_1,27464,The special magic number for scattered-prize mentioned in the text is: 2642635.
niah_multikey_1,29572,1981186
niah_multikey_1,36833,The special magic number for efficient-stamina mentioned in the text is: 2149597.
niah_multikey_1,28269,The special magic number for orange-mangle is: 6304573.
niah_multikey_1,6051,3646552
niah_multikey_1,21157,The special magic number for stimulating-brown is: 4533779.
niah_multikey_1,31386,The special magic number for salty-spiritual is: 1604451.
niah_multikey_1,14026,The special magic number for inconclusive-sweets is: 7907400.
niah_multikey_1,6578,The special magic number for gullible-delight is: 6891254.
niah_multikey_1,30526,The special magic number for smiling-coil is: 4188992.
niah_multikey_1,25113,The special magic number for wonderful-diary mentioned in the text is: 6038571.
niah_multikey_1,25423,The special magic number for snobbish-gauge mentioned in the text is: 6406444.
niah_multikey_1,21693,The special magic number for perfect-prison is: 2221854.
niah_multikey_1,34125,The special magic number for tranquil-investment mentioned in the text is: 1093026.
niah_multikey_1,16313,The special magic number for functional-sitar is: 5652512.
niah_multikey_1,13388,The special magic number for flawless-aside is: 7426265.
niah_multikey_1,247,The special magic number for exotic-speaker mentioned in the text is: 8048838.
niah_multikey_1,23354,The special magic number for groovy-netbook mentioned in the text is: 8312114.
niah_multikey_1,34808,The special magic number for addicted-flow mentioned in the text is: 7610562.
niah_multikey_1,20098,The special magic number for glamorous-selling mentioned in the text is: 7360307.
niah_multikey_1,25497,The special magic number for accessible-cork is: 3556551.
niah_multikey_1,4042,7296605
niah_multikey_1,21147,The special magic number for neighborly-strait is: 7217147.
niah_multikey_1,25522,The special magic number for wee-subscription mentioned in the text is: 3566765.
niah_multikey_1,27726,The special magic number for broken-conclusion mentioned in the text is: 5679639.
niah_multikey_1,27401,The special magic number for wonderful-photograph mentioned in the text is: 7818732.
niah_multikey_1,19310,The special magic number for feigned-board is: 7784725.
niah_multikey_1,5727,The special magic number for wrathful-cut mentioned in the text is: 9801946.
niah_multikey_1,34128,The special magic number for early-vegetable mentioned in the text is: 6071208.
niah_multikey_1,14024,6097514
niah_multikey_1,23351,The special magic number for drunk-word is: 2259379.
niah_multikey_1,14204,The special magic number for flawless-entry mentioned in the text is: 5833597.
niah_multikey_1,30534,The special magic number for numberless-common is: 3086308.
niah_multikey_1,4965,The special magic number for sordid-workplace is: 8312936.
niah_multikey_1,1885,The special magic number for modern-churn mentioned in the text is: 9312590.
niah_multikey_1,27456,The special magic number for tacit-caribou is: 9363326.
niah_multikey_1,25366,The special magic number for psychotic-hostel is: 5896624.
niah_multikey_1,246,The special magic number for damp-standard mentioned in the text is: 2171218.
niah_multikey_1,32778,The special magic number for round-classroom mentioned in the text is: 9125900.
niah_multikey_1,29570,The special magic number for ugly-tolerance is: 3551903.
niah_multikey_1,24100,The special magic number for hypnotic-politician is: 9186400.
niah_multikey_1,21434,The special magic number for voracious-guilder mentioned in the text is: 6024207.
niah_multikey_1,29695,The special magic number for modern-pipeline is: 4020853.
niah_multikey_1,21761,The special magic number for victorious-staff mentioned in the text is: 5195951.
niah_multikey_1,24077,The special magic number for clever-townhouse is: 4979651.
niah_multikey_1,11993,7121355
niah_multikey_1,15198,The special magic number for cagey-processor is: 7619862.
niah_multikey_1,1224,The special magic number for tense-smoking is: 7232293.
niah_multikey_1,25185,The special magic number for stupid-occasion is: 4713925.
niah_multikey_1,25052,The special magic number for confused-panel is: 2630611.
niah_multikey_1,25496,The special magic number for vast-builder mentioned in the text is: 7162857.
niah_multikey_1,1223,The special magic number for grumpy-virginal is 3427461.
niah_multikey_1,28551,The special magic number for cruel-senator is: 8062546.
niah_multikey_1,8684,The special magic number for needless-detective is: 2811298.
niah_multikey_1,18307,The special magic number for momentous-stab is: 6686328.
niah_multikey_1,34051,The special magic number for uncovered-reinscription is: 3050700.
niah_multikey_1,20510,4794319
niah_multikey_1,23353,1514340
niah_multikey_1,28283,The special magic number for uninterested-pair is: 2368710.
niah_multikey_1,6589,The special magic number for hissing-solicitation is: 4543918.
niah_multikey_1,27790,The special magic number for curious-sequence mentioned in the text is: 7378822.
niah_multikey_1,4964,The special magic number for clear-underwire is: 5082173.
niah_multikey_1,27398,The special magic number for towering-shear mentioned in the text is: 2264218.
niah_multikey_1,35940,The special magic number for utopian-killer mentioned in the text is: 6422534.
niah_multikey_1,17794,The special magic number for alive-link mentioned in the text is: 1954456.
niah_multikey_1,9934,The special magic number for wet-description is: 8344365.
niah_multikey_1,21137,6614484
niah_multikey_1,17573,The special magic number for therapeutic-tsunami is: 6510922.
niah_multikey_1,35121,6649968
niah_multikey_1,7531,The special magic number for lowly-farmland is: 9437374.
niah_multikey_1,10695,2721170
niah_multikey_1,8741,6625238
niah_multikey_1,25432,The special magic number for foregoing-transparency is: 8043503.
niah_multikey_1,30470,The special magic number for bewildered-quartz is: 9825812.
niah_multikey_1,4046,The special magic number for lively-relationship mentioned in the text is: 5255545.
niah_multikey_1,11909,The special magic number for vague-switchboard is: 8795078.
niah_multikey_1,23889,The special magic number for erect-rations mentioned in the text is: 1703065.
niah_multikey_1,4963,The special magic number for lethal-frigate is: 9712003.
niah_multikey_1,21111,The special magic number for wrong-wrapper mentioned in the text is: 6914963.
niah_multikey_1,22100,The special magic number for straight-lawn is: 8351320.
niah_multikey_1,12621,The special magic number for puffy-diploma is: 9686324.
niah_multikey_1,26990,The special magic number for voracious-gear mentioned in the text is: 9240971.
niah_multikey_1,22357,2446455
niah_multikey_1,9930,The special magic number for creepy-monk is: 9692311.
niah_multikey_1,35115,The special magic number for drab-room mentioned in the text is: 6664316.
niah_multikey_1,7533,The special magic number for excellent-flower is: 6707484.
niah_multikey_1,27396,The special magic number for elite-sightseeing mentioned in the text is: 3673322.
niah_multikey_1,3003,8229768
niah_multikey_1,8641,The special magic number for scattered-bumper is: 5692934.
niah_multikey_1,1887,The special magic number for decisive-hutch is: 4339637.
niah_multikey_1,26301,The special magic number for spurious-gaffer is: 6643410.
niah_multikey_1,23373,The special magic number for nutritious-liquidity mentioned in the text is: 6262886.
niah_multikey_1,11925,The special magic number for unsuitable-well is: 5435261.
niah_multikey_1,34139,5993143
niah_multikey_1,13957,5548852
niah_multikey_1,32083,The special magic number for mindless-elephant is: 8980915.
niah_multikey_1,11993,The special magic number for omniscient-widow is: 9796605.
niah_multikey_1,17813,6655803
niah_multikey_2,19270,The special magic number for healthy-applewood is: 3429724.
niah_multikey_2,15206,The special magic number for zealous-semester is: 5500772.
niah_multikey_2,22286,7313125
niah_multikey_2,7007,The special magic number for slow-litter is: 6949960.
niah_multikey_2,5077,The special magic number for moldy-camper is: 3936396.
niah_multikey_2,24003,The special magic number for nondescript-morale is: 4846296.
niah_multikey_2,14570,The special magic number for stormy-revenge is: 7754169.
niah_multikey_2,12688,The special magic number for calm-soundness is: 2238590.
niah_multikey_2,26993,The special magic number for x-rated-classmate is 7549897.
niah_multikey_2,10744,The special magic number for youthful-export is: 2241156.
niah_multikey_2,29833,The special magic number for wretched-department is: 1771810.
niah_multikey_2,1263,The special magic number for greedy-meteorology is: 2024826.
niah_multikey_2,26069,The special magic number for deserted-frame is 3938111.
niah_multikey_2,23142,The special magic number for gentle-pollution is: 9962138.
niah_multikey_2,3909,The special magic number for brash-edition is: 8572560.
niah_multikey_2,1848,The special magic number for literate-niche is: 9655173.
niah_multikey_2,315,The special magic number for languid-well-being is: 6084824.
niah_multikey_2,27445,The special magic number for naive-sloth is: 9099709.
niah_multikey_2,18770,The special magic number for dispensable-numeric is: 4128952.
niah_multikey_2,15091,7047576
niah_multikey_2,4053,The special magic number for seemly-compass is: 8773281.
niah_multikey_2,4730,The special magic number for loving-position is: 7260583.
niah_multikey_2,20330,The special magic number for loose-eye is: 8099188.
niah_multikey_2,25566,The special magic number for acrid-enrollment is: 8541460.
niah_multikey_2,16157,The special magic number for hurried-steak is: 7603239.
niah_multikey_2,27236,The special magic number for harmonious-somewhere is 2553735.
niah_multikey_2,6957,The special magic number for racial-grill is: 1263807.
niah_multikey_2,16511,The special magic number for tense-bedroom is: 5669203.
niah_multikey_2,10689,The special magic number for statuesque-pince-nez is: 4196743.
niah_multikey_2,27287,The special magic number for humdrum-perpendicular is: 5171120.
niah_multikey_2,15001,The special magic number for excited-lyre is: 5283868.
niah_multikey_2,15991,The special magic number for detailed-fairy is: 1334256.
niah_multikey_2,843,The special magic number for amuck-grub is: 2608854.
niah_multikey_2,10113,The special magic number for slow-eicosanoid is: 7700848.
niah_multikey_2,14605,The special magic number for hospitable-bedrock is: 5723640.
niah_multikey_2,3667,The special magic number for satisfying-center is: 7693779.
niah_multikey_2,11101,The special magic number for deadpan-toad is: 8796136.
niah_multikey_2,21295,The special magic number for unequaled-shelter is: 5563774.
niah_multikey_2,11606,The special magic number for seemly-belief is: 6957414.
niah_multikey_2,17365,The special magic number for quixotic-aquarium is: 3734828.
niah_multikey_2,13913,The special magic number for aggressive-patio is: 6447660.
niah_multikey_2,18786,The special magic number for fallacious-keyboarding is: 4393250.
niah_multikey_2,7305,The special magic number for tested-clavier is: 8593207.
niah_multikey_2,19630,The special magic number for shy-job is: 8654746.
niah_multikey_2,18061,The special magic number for rabid-fibrosis is: 9087856.
niah_multikey_2,24749,The special magic number for giddy-dime is: 9487446.
niah_multikey_2,509,The special magic number for guiltless-bowl is: 8882339.
niah_multikey_2,9108,The special magic number for cruel-hotel is: 2593017.
niah_multikey_2,15634,1568456
niah_multikey_2,2289,The special magic number for moldy-inversion is: 9713283.
niah_multikey_2,26257,The special magic number for selective-target is 2364098.
niah_multikey_2,13901,The special magic number for abaft-handsaw is: 4302377.
niah_multikey_2,978,The special magic number for decorous-speakerphone is: 2951556.
niah_multikey_2,5599,The special magic number for few-evaporation is: 7013421.
niah_multikey_2,5566,The special magic number for recondite-earring is: 9077219.
niah_multikey_2,22602,The special magic number for vengeful-gap is 6469375.
niah_multikey_2,18178,The special magic number for direful-trombone is: 3402330.
niah_multikey_2,5769,The special magic number for mysterious-air is: 6583700.
niah_multikey_2,16319,The special magic number for eatable-filter is: 4746964.
niah_multikey_2,6451,The special magic number for x-rated-pen is: 5307450.
niah_multikey_2,7167,The special magic number for grumpy-binoculars is 7487851.
niah_multikey_2,15230,The special magic number for heady-perpendicular is: 9772191.
niah_multikey_2,29530,The special magic number for towering-overclocking is: 7982517.
niah_multikey_2,23743,The special magic number for zonked-quill is: 6841828.
niah_multikey_2,16292,The special magic number for oceanic-pier is: 3775142.
niah_multikey_2,12286,The special magic number for labored-communion is: 7247357.
niah_multikey_2,24040,The special magic number for energetic-service is: 7977286.
niah_multikey_2,9975,The special magic number for hospitable-fennel is: 8159771.
niah_multikey_2,2150,The special magic number for bewildered-certainty is: 8805383.
niah_multikey_2,8871,The special magic number for ordinary-realm is: 2187562.
niah_multikey_2,26157,1615130
niah_multikey_2,6004,The special magic number for demonic-platform is: 5910361.
niah_multikey_2,24852,The special magic number for uptight-cart is 8209183.
niah_multikey_2,8625,5194329
niah_multikey_2,25535,The special magic number for succinct-tire is: 2639389.
niah_multikey_2,21671,The special magic number for heavy-harm is: 4392197.
niah_multikey_2,12554,The special magic number for cooing-raven is: 4151863.
niah_multikey_2,17719,The special magic number for many-pomelo is: 6705279.
niah_multikey_2,4371,The special magic number for spotless-proprietor is: 8149426.
niah_multikey_2,24295,The special magic number for educated-lawyer is: 1455991.
niah_multikey_2,13340,The special magic number for chilly-memory is: 9275787.
niah_multikey_2,19664,The special magic number for easy-emergence is: 6098399.
niah_multikey_2,7641,The special magic number for bitter-doubt is: 9275481.
niah_multikey_2,25213,The special magic number for splendid-hanger is: 8853851.
niah_multikey_2,3047,The special magic number for glorious-chrysalis is: 2066954.
niah_multikey_2,3692,The special magic number for bawdy-banana is: 9741504.
niah_multikey_2,14736,The special magic number for ambitious-sensor is: 4289135.
niah_multikey_2,4259,The special magic number for nosy-season is: 9854139.
niah_multikey_2,11932,The special magic number for boring-length is: 8483658.
niah_multikey_2,24110,The special magic number for zany-wifi is: 8037808.
niah_multikey_2,21946,The special magic number for scrawny-waterfront is: 8822834.
niah_multikey_2,23160,The special magic number for earsplitting-legging is: 8206804.
niah_multikey_2,16725,The special magic number for abaft-instrumentation is: 8054034.
niah_multikey_2,19843,The special magic number for bad-lyre is: 8152605.
niah_multikey_2,15568,The special magic number for thoughtful-toothbrush is: 8385364.
niah_multikey_2,1456,The special magic number for big-fighter is: 3973356.
niah_multikey_2,22190,The special magic number for sore-townhouse is: 9002499.
niah_multikey_2,15039,The special magic number for flashy-subsidence is: 9310811.
niah_multikey_2,10570,The special magic number for clear-excuse is: 9433814.
niah_multikey_2,3734,The special magic number for abusive-marketing is: 3708519.
niah_multikey_3,9040,The special magic uuid for b043a39a-4f1a-44cb-a35b-275bdcd28b97 is: e8d91a20-8618-4db2-a60d-7a94b483d162.
niah_multikey_3,4480,The special magic uuid for 94010dfe-7921-4c7c-a119-ceee0fb91307 is: a8049463-0d36-45e4-92a6-f3e62b48c6e6.
niah_multikey_3,9952,The special magic uuid for bb4ccb14-1cc0-4764-b06b-efca56b405d7 is: 23b13ebd-0a42-4e3f-a671-d5827a9e8394.
niah_multikey_3,6988,The special magic uuid for 19b38619-d1fb-45b1-ab25-d7e7e0736c70 is: 42ceef41-b2cf-4a8b-a90c-42f8d30bef65.
niah_multikey_3,2884,The special magic uuid for 09cccf1a-5c38-4c2a-9243-e8381e5bc68b is: 325769cd-5571-476b-b347-4b1b8bc85d37.
niah_multikey_3,11890,The special magic uuid for 80ab4b7f-2e96-4660-bc89-617d32b1792b is: 912cf322-735e-4153-9c38-92e8f2cfcd63.
niah_multikey_3,3340,The special magic uuid for 1b9dff1b-f52a-4cbf-9c17-729f21a496a8 is: 27d19990-2049-4289-856a-3b28caef3c9e.
niah_multikey_3,14398,The special magic uuid for 66ca0baf-3310-480a-aee0-95d5c4a9d8ac is 57a911b3-5139-44a1-9081-34dc54270925.
niah_multikey_3,6418,The special magic uuid for dc4e557f-81b8-4934-af37-8cf92f2b5e31 is: 0abd99fd-513c-4464-9473-b7cd70b81530.
niah_multikey_3,7102,The special magic uuid for 864b789a-cd9b-49fd-a04c-57f62bb47157 is: dfcc8eb4-bfbe-4892-a3ce-37db7cb8b49d.
niah_multikey_3,3454,The special magic uuid for 60e0b673-21b6-4b84-899f-ad03ebd23573 is: 1f9d4db1-d983-4adf-b2e5-cecf9b6c5494.
niah_multikey_3,3112,The special magic uuid for 4e5a4392-343e-423f-bf5f-ca4f07acc717 is: e8b2f81a-5f88-4e99-a014-7ab96755e34c.
niah_multikey_3,8470,The special magic uuid for 482a68ff-8796-45b8-a122-32df995fa798 is: ce9fb278-5f94-4c43-b989-a88457522610.
niah_multikey_3,7330,The special magic uuid for a75908f0-8921-449f-accb-853bcd227ff2 is: 95ede22d-40d1-4f56-8c78-9409b96dc079.
niah_multikey_3,15652,The special magic uuid for 7bbfd692-6f12-4321-85b0-8ce0d09f5fc4 is: 82430329-f09f-4936-9401-e03445ae25d2.
niah_multikey_3,13372,The special magic uuid for 87407d86-fa3a-4705-bf3d-cbf9a0a51b74 is 05028ad9-f568-484d-a62b-2cda00dce949.
niah_multikey_3,8356,The special magic uuid for 67218261-2a64-446b-8eac-d7799538e035 is: 92a2319d-b4c7-4241-990c-b8bfc1978cb8.
niah_multikey_3,604,513c5c4d-dde6-40e0-8bee-23465d1c153e
niah_multikey_3,6304,The special magic uuid for 439cf4f8-e93b-4044-9292-5f7cb624013a is: d91e7e1a-6e48-4e95-a228-23f82a46cb32.
niah_multikey_3,12574,The special magic uuid for ec955752-83c2-439c-9def-6430845f6d5d is: 8e9a8e72-93fc-4973-b631-5c550ca3e980.
niah_multikey_3,9154,The special magic uuid for 3b1f38f0-0be2-4694-a52e-89572ae06f26 is: 6b48d839-3d82-4b77-97d9-9ccef4084628.
niah_multikey_3,4594,The special magic uuid for 2603e8cd-52ee-47f2-8fca-9026a73830e8 is: 125d5ccd-a8f5-414f-a373-55f3037825ba.
niah_multikey_3,6874,The special magic uuid for 71545572-7aac-4fd3-bc37-6bf5166e6aeb is: 299f3047-eefa-4cfa-a0ff-9567be07d0c9.
niah_multikey_3,11320,The special magic uuid for 0dc56a75-6835-4c7e-beb0-59ec4e6fc9d4 is: d336a508-250b-4aeb-ba76-81dafbb64c04.
niah_multikey_3,5164,The special magic uuid for 65fe3fdd-4273-409d-b4b5-65f8d8cf7b88 is: 63912604-0519-4e36-b8df-7714aa97ff51.
niah_multikey_3,5278,The special magic uuid for dcbd4d9b-377a-432c-ac89-cea74e1de367 is: 51a2427a-dff9-4d8f-a33c-e56fc7b7383e.
niah_multikey_3,11776,The special magic uuid for d0c31c50-29f3-48cf-8359-a4373d756daf is: e55126a3-cdcc-449e-af4d-2c5765108131.
niah_multikey_3,15082,The special magic uuid for df77c1cc-45d1-4fbd-92ec-8e7a50fcdd45 is: a0b01eca-8aca-473c-b6e7-552fcca8f708.
niah_multikey_3,5620,The special magic uuid for 5bdcb2a9-4a86-4f03-998b-6dd0acf7d36b is: d92bba25-38e4-4bdf-ae50-9b8d2e689243.
niah_multikey_3,10294,The special magic uuid for fcc584be-3d4a-4466-b3ac-ca685d5ffefd is: 97e058b9-a7f8-4f02-9418-bc473f59dfa0.
niah_multikey_3,4594,The special magic uuid for c6f64c51-5278-4b82-a928-9e9d253f7bb6 is: 1b186be4-578e-4ffe-a458-8c5ef608f37b.
niah_multikey_3,5050,The special magic uuid for 789f8cfe-c11f-4ed9-912c-d0581376ca78 is: c6e6921d-a6d8-4a72-b52b-a3e3c43b5ba7.
niah_multikey_3,946,The special magic uuid for 0c7f758b-8da4-42e5-a903-82b261ae9903 is: c42bba49-8518-4ad2-a0e0-c1c891567743.
niah_multikey_3,10294,The special magic uuid for 8014c6d0-692a-4cc2-986c-1d23085c4bf0 is: e4ac24e1-0e96-4fb8-a855-80e473afccd9.
niah_multikey_3,6988,32b88480-74e8-4fa4-9599-86e738f14f3d
niah_multikey_3,10408,The special magic uuid for 4d93e735-84dc-4f43-a977-7c3aaa63ab55 is: 683b729a-bafc-4b4e-908c-8cf2a9e128a6.
niah_multikey_3,11890,The special magic uuid for 3481d400-c6ce-42ab-9dc4-e66e2e790459 is 858d56ab-b595-4d4c-a100-9e1c33901997.
niah_multikey_3,1630,The special magic uuid for ac80ced3-0b8d-420e-bc06-516548828331 is: 43f9fd9b-4167-4905-b1b7-a9b35b010c96.
niah_multikey_3,3910,The special magic uuid for 6983e150-ad6b-4c9b-a13d-98d29411bd59 is: 28647c4b-5c47-481e-8f3f-f26a4d5116cd.
niah_multikey_3,3226,The special magic uuid for 4174d7e9-e76e-4aac-b3b8-9516a9ce2bf4 is: ed28e30d-f3f9-4bf6-abfd-154f58667341.
niah_multikey_3,12232,The special magic uuid for 8d4379db-c640-4b52-8def-eef209c39ca7 is 6cc31b4a-45ee-4e4b-bc70-1e2ad73d5f9a.
niah_multikey_3,2542,822597ce-6803-4617-971f-fabd820abe75
niah_multikey_3,8470,The special magic uuid for 34614571-d75a-413e-9e92-930d1ba7a611 is: 67e8e184-2969-439f-8b30-9c1b2c579797.
niah_multikey_3,13030,The special magic uuid for 5fb26626-3d1f-4fa8-9b72-4c58737d0c5e is: edb2b061-9d3d-4095-bc22-b51fdd024db8.
niah_multikey_3,4252,The special magic uuid for 96710d4f-56a8-4706-a2ed-22e3adde259d is: f2417077-cb0b-43b3-ab71-fe065b440dac.
niah_multikey_3,2998,The special magic uuid for 7a9ca4e5-cce7-4e40-a141-5bd30fcbcc69 is: dc600884-6a35-40ea-8e27-7b3d23c2e57d.
niah_multikey_3,1516,The special magic uuid for ac32f8ac-bad1-4444-85c8-bd559af14895 is: 01231ab5-5103-455f-9a76-e83e89159257.
niah_multikey_3,5506,The special magic uuid for aea2fe80-ff06-477e-b779-0e7a3e643cd0 is: 862fb417-d63c-4eaf-8458-c132a6ce504d.
niah_multikey_3,15538,The special magic uuid for 3588bdf7-064b-4b81-b82a-22a2a1f1c440 is a6c59759-5833-40f2-8e77-63a6af3d58ee.
niah_multikey_3,718,The special magic uuid for 80d86fab-8fd3-4e1b-bba4-585f2d2ccec8 is bfc8d3f7-5487-4092-a5fb-f0c5a966afd1.
niah_multikey_3,13942,The special magic uuid for b024c758-e674-4671-94cb-33d0764d95ed is: 967d1c4d-e269-4400-b123-4525a037fd67.
niah_multikey_3,1288,The special magic uuid for 95d77211-d237-4811-a827-0f6ceec59661 is: 92009a78-0527-49cf-8aac-ff6caba8e90a.
niah_multikey_3,6532,The special magic uuid for dc0397c7-fa3f-427b-8ce7-f36957a62e68 is: 910b0f23-ff12-4ca5-944c-1d53a99a568b.
niah_multikey_3,2656,The special magic uuid for becd6b86-2d3c-4506-b3b9-da1073d56807 is: 88e478d0-7c3b-48e0-9f45-da395d113387.
niah_multikey_3,2542,The special magic uuid for 5695a1ea-ab2c-4c98-ba5f-8a17d73a2d0b is: 45254f32-2334-4d39-bb70-78bd6340254d.
niah_multikey_3,13942,The special magic uuid for a76f99f1-6467-46d2-af74-562ffcbbe186 is: 60e4ba2c-741f-4027-9798-1bc25f3df920.
niah_multikey_3,6532,The special magic uuid for 176c496e-992f-4b73-aa87-9ac076706b08 is: e4061e17-b147-47a5-b423-731fb6a16e80.
niah_multikey_3,12004,The special magic uuid for 080a1cf5-a6f3-4448-8a76-c888e7b1a394 is: 2d37d86e-b35c-4d7e-9385-9066d90c4a26.
niah_multikey_3,4252,The special magic uuid for f2cf72cc-16e0-4fc6-b61f-af07ca370756 is: 23b66287-876c-4734-b5f8-3c4c6ca4a1ed.
niah_multikey_3,10180,The special magic uuid for 6ccad16b-c7f6-458f-84f1-d5a5b1c4ef50 is: 5c0ac927-f052-42b9-9f1a-31940cf5422e.
niah_multikey_3,6532,The special magic uuid for a396027b-944d-420f-8842-cdb2c32f9085 is: 8fb770b3-571c-4037-8499-7ff0be9ce24d.
niah_multikey_3,1972,The special magic uuid for faaed6f0-7325-4bc0-95c1-f578ab2e5015 is: e07788c7-30b0-4cdc-9a2e-d6c24640f319.
niah_multikey_3,13486,The special magic uuid for 3ccbc148-f334-4eed-88d0-dd1a834aa891 is: f78835a6-ba36-45a6-8f73-a59509c25b46.
niah_multikey_3,4138,The special magic uuid for c89f9fdf-99e3-46fd-b5d5-0d77b9503be2 is: e4b840ca-79e7-464d-8f9f-8a32b81c6527.
niah_multikey_3,10066,The special magic uuid for 197499ae-110e-4a1d-964c-d47edd432264 is: 0157c575-a423-4a70-95fd-62db5fc2252e.
niah_multikey_3,6532,The special magic uuid for 2fa02e23-1912-4cbc-81dc-76114669f768 is: 2e3081ce-232f-400e-b98c-efa549b88721.
niah_multikey_3,9496,The special magic uuid for 3a26318c-2def-4c1d-9ff2-d515f7009e39 is: a11d89ec-7683-4ecf-a8d2-a8a61d88cbe4.
niah_multikey_3,9268,The special magic uuid for 98211c98-2d2f-4ccb-8a10-9280edddbd10 is: 9de6a89a-c7ad-4a28-9675-1089e8a0a771.
niah_multikey_3,3568,The special magic uuid for eee16136-f71b-4634-9eac-84cab50b2226 is: 6c9c6e2a-0b9d-4e79-aee8-e38d8c57a101.
niah_multikey_3,15082,The special magic uuid for 3220ba19-1a90-41d5-8185-09453d932520 is: e67454c8-fa9b-4619-8392-10107d7198ea.
niah_multikey_3,5506,The special magic uuid for f8740339-650f-436f-a0de-78520e5c1326 is: 638fb75c-acd3-4927-a463-adb696be4edd.
niah_multikey_3,13258,The special magic uuid for fc6fb15b-ce7b-4f7d-95fc-f4e953e1a9fc is: dc003b46-3f50-404a-b555-5f6d2eec1a53.
niah_multikey_3,1744,The special magic uuid for 710d8270-1ac4-4534-9341-e6270eb0e076 is: 1913505c-5e99-49fe-a037-7d789fb4716c.
niah_multikey_3,9838,The special magic uuid for 0e505cee-3ebb-4527-9b4c-aa1de04150aa is: 9e1d5013-8538-4ae4-92ec-fd738dbd9e25.
niah_multikey_3,9610,The special magic uuid for 75a9e99b-7465-47a2-a436-66feb18ba37a is: 3f6f8d5a-7adb-4387-8b56-521adf5c107c.
niah_multikey_3,6304,The special magic uuid for 74359a2a-7908-4291-a67c-67af5d2714df is: ee2e6458-159e-4a56-a9df-0e420d1fcd4e.
niah_multikey_3,13258,The special magic uuid for 4d086f38-51c8-47b5-aebd-86eb051e7870 is: 9e90e810-5c93-4fad-8b90-ba28ec0c61f9.
niah_multikey_3,11320,The special magic uuid for 789d55f9-a13a-45bb-be8b-dab5bd7aff93 is: 98d8b699-58d6-4a81-bc95-1432b5547345.
niah_multikey_3,5050,The special magic uuid for 9df97618-52df-4e23-8cb5-450057c549b8 is: 8f491d8b-5de0-49a4-8326-8a962e38f870.
niah_multikey_3,9382,The special magic uuid for 701e1d87-48e3-43ac-a630-57d4104853ed is: 77fd7a78-6593-43c4-885c-89eba50f1cf5.
niah_multikey_3,7672,80ffaee8-a727-402b-b563-f9c0a3c327bf
niah_multikey_3,15424,The special magic uuid for d7b1eb03-cd19-4549-945b-af6fc8347704 is: ad64cf1c-1723-4805-bd41-2a493f773464.
niah_multikey_3,11320,The special magic uuid for dfd8ed46-6568-42ac-92e4-34df00ab61a5 is: bccbaf0c-2f18-4516-a06f-7cf7b2f9c8dc.
niah_multikey_3,12688,The special magic uuid for 34402eed-dd65-4c9c-8aa4-effe599fda98 is: 95839831-a087-4bee-9365-3a8a5cce5193.
niah_multikey_3,15082,The special magic uuid for f7398264-2e30-4cb7-9a8f-2b8990b0a4d0 is: bf55b865-9829-4d71-be7e-a016a1d3e422.
niah_multikey_3,8926,The special magic uuid for a83a3cd3-6832-4d72-9055-55788fd7fd91 is: 81a7a66e-bb76-47d9-a9f4-b3b4eb7def18.
niah_multikey_3,6076,The special magic uuid for ed3b08d2-db21-4812-9cde-641fd02535b2 is: cc64f820-16bb-494a-8a4b-0ea1a97a30bf.
niah_multikey_3,12004,The special magic uuid for bf21b644-9769-4724-9ff3-f365f627108d is 6553fc29-21d9-4b71-9287-ba9b99b6ea0d.
niah_multikey_3,6304,The special magic uuid for 7053b15b-bf18-4031-8f8e-a1f1508e9555 is: 1975f625-865f-495b-b701-6b664c2c64df.
niah_multikey_3,1402,The special magic uuid for c547af49-e2ec-4e0f-aa23-5272aec168fa is: 876bfc20-de0c-4d58-9115-d9251d83787d.
niah_multikey_3,10750,The special magic uuid for 96faf49d-dc8a-42a7-9feb-7f702cb6afa5 is: ba39fd6f-fbd3-4fcb-ae86-5d5086ece471.
niah_multikey_3,14398,The special magic uuid for 7efa8dc1-dc58-4723-b3a5-19a49ce86886 is: 556373c6-4dbf-4f14-9d86-a3dd24bea962.
niah_multikey_3,376,3143bd0e-52b8-4c8e-8923-656ae2fd3de4
niah_multikey_3,9268,The special magic uuid for c1ab3ce3-4135-46e4-929c-3a32aed2f8b2 is: c9612afa-2089-499d-b146-f07610775b9a.
niah_multikey_3,14170,The special magic uuid for ef5b3b69-1dd1-4f8c-8031-c7f8124c9123 is e17f9fa7-3339-4168-9fe5-2c65b45ddbb1.
niah_multikey_3,15424,The special magic uuid for 85d9505e-7b5a-49c2-a991-adf7b93827a2 is 19f6ce42-c9ae-4078-b394-786f60d04725.
niah_multikey_3,7558,The special magic uuid for 646f6049-2f0c-45b1-a545-fad16f3e4c80 is: 9c8442a1-670f-404d-afed-55ea6c20736b.
niah_multikey_3,14398,The special magic uuid for 279099a6-b35d-4195-9bd1-9a4361f30978 is acf181f1-c451-4f00-8769-1da7e0e4123a.
niah_multikey_3,6418,The special magic uuid for bc57f6ae-08f4-4150-83aa-83093c7a3687 is 7d7a9cc6-f594-415a-bd02-1f6f9631e292.
niah_multikey_3,13942,The special magic uuid for 7f2e7380-addb-40d0-936b-8f65511ac1ab is: b126a59d-770f-4d15-a2ca-d242fb4f31ae.
niah_multivalue,32086,"The special magic numbers for laughable-warfare mentioned in the text are:

1. 1971823
2. 5017343
3. 5041154
4. 6159230"
niah_multivalue,36837,"The special magic numbers for cultured-silly mentioned in the text are:

1. 5446912
2. 9852897
3. 8973915
4. 3770370"
niah_multivalue,31988,"The special magic numbers for wide-spume mentioned in the provided text are:

1. 7264956
2. 7693979
3. 8350099
4. 6229731"
niah_multivalue,14376,"The special magic numbers for beautiful-conditioner mentioned in the text are:

1. 4860684
2. 1352896
3. 4694634
4. 6672134"
niah_multivalue,24087,"The special magic numbers for worried-purse mentioned in the text are:

1. 8935169
2. 5076817
3. 7829332
4. 8930103"
niah_multivalue,25529,"The special magic numbers for embarrassed-discussion mentioned in the text are:

1. 3351868
2. 8526486
3. 8077999
4. 9997381"
niah_multivalue,29829,"The special magic numbers for obedient-breeze mentioned in the text are:

1. 1247595
2. 1848731
3. 2564689
4. 2642635"
niah_multivalue,33083,"The special magic numbers for nasty-course mentioned in the text are:

1. 4185957
2. 3597059
3. 5977931
4. 9164991"
niah_multivalue,32004,"The special magic numbers for hurried-tensor mentioned in the text are:

1. 8999183
2. 9436429
3. 1959074
4. 1841248"
niah_multivalue,35962,"The special magic numbers for efficient-stamina mentioned in the provided text are:

1. 4946066
2. 2140194
3. 7774229
4. 2149597"
niah_multivalue,35115,"The special magic numbers for mammoth-marten mentioned in the text are:

1. 8670955
2. 6033115
3. 6304573
4. 3195773"
niah_multivalue,31459,"The special magic numbers for different-burn mentioned in the text are:

1. 9874152
2. 6075395
3. 1131249
4. 8351517"
niah_multivalue,36837,"The special magic numbers for condemned-scam mentioned in the text are:

1. 5569244
2. 3607983
3. 5727085
4. 2795765"
niah_multivalue,30526,"The special magic numbers for dirty-stress mentioned in the text are:

1. 1162230
2. 8175395
3. 2876932
4. 8412769"
niah_multivalue,35106,"The special magic numbers for utter-payoff mentioned in the text are:

1. 6933742
2. 2724590
3. 7817881
4. 5186414"
niah_multivalue,17344,"The special magic numbers for modern-vulture mentioned in the text are:

1. 6573147
2. 1415846
3. 7907400
4. 4009172"
niah_multivalue,30534,"The special magic numbers for marked-stretch mentioned in the provided text are:

1. 2164686
2. 5674183
3. 5682940
4. 6507321"
niah_multivalue,32078,"The special magic numbers for yellow-carotene mentioned in the text are:

1. 9580255
2. 8321474
3. 6262632
4. 2940214"
niah_multivalue,23411,"The special magic numbers for ugly-manor mentioned in the text are:

1. 9508103
2. 6038571
3. 6188935
4. 3090865"
niah_multivalue,34117,"The special magic numbers for empty-drop mentioned in the provided text are:

1. 3919694
2. 7361002
3. 6049101
4. 8053918"
niah_multivalue,31067,"The special magic numbers for fabulous-way mentioned in the text are:

1. 8801207
2. 6406444
3. 8411939
4. 8212326"
niah_multivalue,35106,"The special magic numbers for defeated-dig mentioned in the provided text are:

1. 5107776
2. 1775337
3. 8971465
4. 1409790"
niah_multivalue,29560,"The special magic numbers for dusty-melon mentioned in the provided text are:

1. 1842524
2. 8793853
3. 5180853
4. 9689889"
niah_multivalue,17015,"The special magic numbers for receptive-shackle mentioned in the text are:

1. 5606980
2. 5013879
3. 9130188
4. 8379837"
niah_multivalue,33111,"The special magic numbers for miniature-chit-chat mentioned in the text are:

1. 7975534
2. 8816912
3. 2044645
4. 6551268"
niah_multivalue,22431,"The special magic numbers for political-target mentioned in the text are:

1. 8312114
2. 5579094
3. 9147720
4. 4681284"
niah_multivalue,25497,"The special magic numbers for damaging-stamp mentioned in the provided text are:

1. 1843636
2. 4048907
3. 5364698
4. 8746014"
niah_multivalue,35130,"The special magic numbers for jumpy-subcomponent mentioned in the provided text are:

1. 1675419
2. 1520596
3. 2151225
4. 4761823"
niah_multivalue,32074,"The special magic numbers for ""disgusted-mile"" mentioned in the text are:

1. 1430812
2. 2813596
3. 6233774
4. 6218367"
niah_multivalue,27469,"The special magic numbers for ubiquitous-cure mentioned in the text are:

1. 9488613
2. 2156902
3. 6724909
4. 7217147"
niah_multivalue,25109,"The special magic numbers for overrated-zombie mentioned in the text are:

1. 6407373
2. 5502929
3. 5118725
4. 8307727"
niah_multivalue,29580,"The special magic numbers for gifted-menopause mentioned in the text are:

1. 5635017
2. 5691890
3. 1170307
4. 6709938"
niah_multivalue,17878,"The special magic numbers for poor-evaluator mentioned in the text are:

1. 9234615
2. 8987516
3. 8519121
4. 5031966"
niah_multivalue,34136,"The special magic numbers for vivacious-plane mentioned in the text are:

1. 7191135
2. 6137284
3. 8939993
4. 5081983"
niah_multivalue,34040,"Here are the special magic numbers for romantic-sill mentioned in the text:

1. 4630331
2. 4213524
3. 9123504
4. 4106298"
niah_multivalue,32067,"The special magic numbers for grouchy-ease mentioned in the text are:

1. 5901239
2. 1914794
3. 3118618
4. 1763626"
niah_multivalue,28628,"The special magic numbers for panoramic-nexus mentioned in the text are:

1. 6716097
2. 8389840
3. 4093109
4. 9031491"
niah_multivalue,33095,"The special magic numbers for cooperative-lie mentioned in the text are:

1. 9767312
2. 4786401
3. 7381684
4. 7982241"
niah_multivalue,16648,"The special magic numbers for sincere-familiar mentioned in the text are:

1. 4486102
2. 2664863
3. 4540415
4. 2010496"
niah_multivalue,33091,"The special magic numbers for flawless-entry mentioned in the text are:

1. 8617381
2. 5743227
3. 2194198
4. 5833597"
niah_multivalue,19512,"The special magic numbers for concerned-wake mentioned in the text are:

1. 5456573
2. 3499627
3. 3386328
4. 4771676"
niah_multivalue,32864,"The special magic numbers for numberless-common mentioned in the provided text are:

1. 6101803
2. 8863447
3. 7752972
4. 3086308"
niah_multivalue,29604,"The special magic numbers for unequaled-manufacturer mentioned in the text are:

1. 3939212
2. 1674975
3. 8893693
4. 5521644"
niah_multivalue,31475,"The special magic numbers for impossible-trustee mentioned in the text are:

1. 5835492
2. 9312590
3. 7718473
4. 7906258"
niah_multivalue,31447,"The special magic numbers for elegant-ale mentioned in the text are:

1. 9363326
2. 8416216
3. 7069650
4. 9697969"
niah_multivalue,27456,"The special magic numbers for scrawny-beet mentioned in the text are:

1. 4769851
2. 2563790
3. 2903561
4. 7844947"
niah_multivalue,34144,"The special magic numbers for quiet-health-care mentioned in the text are:

1. 9094999
2. 7970771
3. 8922533
4. 5587308"
niah_multivalue,31083,"The special magic numbers for embarrassed-sail mentioned in the text are:

1. 2171218
2. 3290229
3. 5634662
4. 9526867"
niah_multivalue,32836,"The special magic numbers for half-spume mentioned in the provided text are:

1. 3493017
2. 9214801
3. 6008935
4. 8491822"
niah_multivalue,33111,"The special magic numbers for wealthy-dysfunction mentioned in the text are:

1. 3551903
2. 7477326
3. 9310235
4. 7395997"
niah_multivalue,30534,"The special magic numbers for good-signature mentioned in the text are:

1. 2347467
2. 7668663
3. 6680114
4. 6512415"
niah_multivalue,27006,"The special magic numbers for swanky-reference mentioned in the text are:

1. 5821419
2. 4938791
3. 4816586
4. 2147909"
niah_multivalue,35094,"The special magic numbers for deep-auto mentioned in the provided text are:

1. 7913081
2. 9911492
3. 4020853
4. 5096953"
niah_multivalue,27776,"The special magic numbers for swift-linen mentioned in the text are:

1. 3401116
2. 9349470
3. 4895475
4. 5040453"
niah_multivalue,27783,"The special magic numbers for blue-footstep mentioned in the text are:

1. 6018975
2. 6797629
3. 8118722
4. 8410995"
niah_multivalue,34036,"The special magic numbers for abnormal-aim mentioned in the text are:

1. 5801541
2. 9333700
3. 4860745"
niah_multivalue,30518,"The special magic numbers for cagey-jute mentioned in the text are:

1. 7970985
2. 6481437
3. 3946751
4. 5951131"
niah_multivalue,30535,"The special magic numbers for unusual-mantle mentioned in the text are:

1. 2515030
2. 7136687
3. 7619862
4. 7667458"
niah_multivalue,37894,"The special magic numbers for level-therapy mentioned in the text are:

1. 7232293
2. 7392547
3. 2817745
4. 5398338"
niah_multivalue,25194,"The special magic numbers for stupid-occasion mentioned in the text are:

1. 8789116
2. 2060605
3. 4713925
4. 6069909"
niah_multivalue,32872,"The special magic numbers for homeless-instructor mentioned in the provided text are:

1. 2630611
2. 2948178
3. 4939290
4. 9264869"
niah_multivalue,30558,"The special magic numbers for victorious-sideburns mentioned in the text are:

1. 8438733
2. 4645180
3. 8460758
4. 7216461"
niah_multivalue,33099,"The special magic numbers for aromatic-midwife mentioned in the text are:

1. 3112652
2. 5086407
3. 4442778
4. 6595355"
niah_multivalue,32884,"The special magic numbers for flipped-out-confidence mentioned in the text are:

1. 1047572
2. 3475548
3. 5651899
4. 6512314"
niah_multivalue,26300,"The special magic numbers for goofy-curio mentioned in the text are:

1. 8062546
2. 3126655
3. 9826250
4. 1879109"
niah_multivalue,27488,"Here are the special magic numbers for therapeutic-resource mentioned in the text:

1. 9035982
2. 2020480
3. 7738019
4. 1522621"
niah_multivalue,34048,"The special magic numbers for low-catastrophe mentioned in the text are:

1. 8612081
2. 5947563
3. 9481739
4. 9901266"
niah_multivalue,27775,"The special magic numbers for new-vehicle mentioned in the provided text are:

1. 7942639
2. 8575834
3. 4833486
4. 6686328"
niah_multivalue,24123,"The special magic numbers for little-transplantation mentioned in the text are:

1. 6530541
2. 2006313
3. 3050700
4. 3182975"
niah_multivalue,35118,"The special magic numbers for juvenile-author mentioned in the provided text are:

1. 5673599
2. 2927455
3. 4794319
4. 7166651"
niah_multivalue,25485,"The special magic numbers for bitter-bass mentioned in the text are:

1. 2539438
2. 1514340
3. 9900022
4. 3380261"
niah_multivalue,34056,"The special magic numbers for uninterested-pair mentioned in the provided text are:

1. 8434202
2. 5565128
3. 8113787
4. 2368710"
niah_multivalue,17709,"The special magic numbers for animated-codling mentioned in the text are:

1. 1919088
2. 7631419
3. 1128967
4. 4699685"
niah_multivalue,32884,"The special magic numbers for important-stepdaughter mentioned in the text are:

1. 9344741
2. 1129686"
niah_multivalue,22419,"The special magic numbers for smelly-cheese mentioned in the text are:

1. 8007741
2. 7785090
3. 5857259
4. 8202195"
niah_multivalue,35942,"The special magic numbers for sweet-mentor mentioned in the provided text are:

1. 2478574
2. 7070880
3. 8326807
4. 8719145"
niah_multivalue,21224,"The special magic numbers for reflective-black mentioned in the text are:

1. 6205543
2. 7639863
3. 6696087
4. 2319479"
niah_multivalue,16656,"The special magic numbers for righteous-elevator mentioned in the text are:

1. 6861544
2. 4253164
3. 6890476
4. 9555575"
niah_multivalue,35942,"The special magic numbers for drunk-notice mentioned in the text are:

1. 3972018
2. 2264218
3. 9289908
4. 3564729"
niah_multivalue,28620,"The special magic numbers for tan-shortwave mentioned in the provided text are:

1. 8377995
2. 3532644
3. 2145653
4. 6303930"
niah_multivalue,33099,"The special magic numbers for boorish-timeline mentioned in the text are:

1. 7450545
2. 8763013
3. 2514923
4. 9507186"
niah_multivalue,26978,"The special magic numbers for ill-probe mentioned in the text are:

1. 3531028
2. 9411547
3. 2038068
4. 8979730"
niah_multivalue,31459,"The special magic numbers for half-tinderbox mentioned in the text are:

1. 6676858
2. 7858012
3. 1878547
4. 7499771"
niah_multivalue,29572,"The special magic numbers for curious-laptop mentioned in the text are:

1. 7319630
2. 6193922
3. 6510922
4. 2421349"
niah_multivalue,29821,"The special magic numbers for abundant-meal mentioned in the text are:

1. 4024309
2. 6181912
3. 4593556
4. 7083379"
niah_multivalue,35134,"The special magic numbers for squeamish-rectangle mentioned in the provided text are:

1. 3722056
2. 3587931
3. 4034091
4. 7320310"
niah_multivalue,32848,"The special magic numbers for lazy-notebook mentioned in the provided text are:

1. 5780297
2. 8452417
3. 4985095
4. 8531761"
niah_multivalue,31463,"The special magic numbers for erratic-account mentioned in the provided text are:

1. 1875431
2. 5194357
3. 9062973
4. 3321942"
niah_multivalue,28262,"The special magic numbers for odd-yourself mentioned in the text are:

1. 7960815
2. 1447451
3. 1893502
4. 6865064"
niah_multivalue,21216,"The special magic numbers for brave-twilight mentioned in the text are:

1. 1472908
2. 4767135
3. 6346644
4. 7289990"
niah_multivalue,17713,"The special magic numbers for fanatical-reserve mentioned in the text are:

1. 8101036
2. 9854536
3. 2865405
4. 3508522"
niah_multivalue,36869,"The special magic numbers for foregoing-transparency mentioned in the provided text are:

1. 2053729
2. 8669093
3. 2859886
4. 8043503"
niah_multivalue,31463,"The special magic numbers for elderly-premium mentioned in the provided text are:

1. 7049927
2. 9782613
3. 2135470
4. 2436363"
niah_multivalue,30542,"The special magic numbers for frail-definition mentioned in the text are:

1. 3238241
2. 6578736
3. 1743829
4. 2739191"
niah_multivalue,30530,"The special magic numbers for erect-rations mentioned in the provided text are:

1. 6202210
2. 6294819
3. 9646701
4. 1703065"
niah_multivalue,22261,"The special magic numbers for threatening-champion mentioned in the provided text are:

1. 6989032
2. 5800144
3. 1802018
4. 4206183"
niah_multivalue,30534,"The special magic numbers for wry-excellence mentioned in the text are:

1. 8224389
2. 2324175
3. 4027557
4. 8121922"
niah_multivalue,28254,"The special magic numbers for sulky-leek mentioned in the provided text are:

1. 1962308
2. 5606274
3. 2258981
4. 8297090"
niah_multivalue,32086,"The special magic numbers for stimulating-hotel mentioned in the text are:

1. 7223751
2. 8548448
3. 7241348
4. 3574265"
niah_multivalue,32016,"The special magic numbers for marked-expedition mentioned in the text are:

1. 5187788
2. 5675638
3. 2903351
4. 6274512"
niah_multiquery,16998,"Here are the special magic numbers mentioned in the text for each of the categories:

* Loutish-revolution: 1036161
* Onerous-shine: 5785687
* Nasty-course: 9164991
* Madly-titanium: 5449368"
niah_multiquery,12626,"Here are the special magic numbers mentioned in the text for each of the mentioned categories:

* Swift-bronze: 2375453
* Sneaky-balaclava: 1666754
* Cowardly-duckling: 5130808
* Mute-mambo: 9770838"
niah_multiquery,31046,"The special magic numbers mentioned in the text are:

* 6304573 (orange-mangle)
* 4576135 (blue-eyed-drummer)
* 1156287 (bloody-reciprocity)
* 2677407 (ordinary-stem)"
niah_multiquery,16447,"The special magic numbers mentioned in the text are:

* 9874152 (subsequent-motorcar)
* 8351517 (different-burn)
* 6022741 (ablaze-poll)
* 6075395 (ruthless-thirst)"
niah_multiquery,3226,"The special magic numbers mentioned in the text are:

* 5428914 (evil-soundness)
* 6752576 (witty-offset)
* 9196204 (quarrelsome-casualty)
* 4533779 (habitual-law)"
niah_multiquery,32587,"The special magic numbers mentioned in the text are:

* 5394880 (curved-skating)
* 8175395 (scintillating-frog)
* 8412769 (dirty-stress)
* 1162230 (sharp-season)"
niah_multiquery,21433,"According to the text, the special magic numbers for the following are:

* hot-dramaturge: 7117837
* cuddly-party: 1701771
* aloof-filter: 7003042"
niah_multiquery,6060,"According to the text, the special magic numbers are:

* For early-steeple: 6573147
* For modern-vulture: 1415846
* For modern-dedication: 5163555
* For graceful-admission: 3670896"
niah_multiquery,34034,"Here are the special magic numbers mentioned in the text for each of the categories:

* Condemned-pizza: 5382463
* Eager-summit: 5453786
* Squealing-tenement: 8290770
* Alleged-evidence: 2818692"
niah_multiquery,37759,"The special magic numbers mentioned in the text are:

* 4305700 (round-activation)
* 9722815 (abaft-body)
* 8235969 (lazy-lay)
* 8315831 (ancient-thermostat)"
niah_multiquery,4972,"Here are the special magic numbers mentioned in the text for each of the specified categories:

* Overt-celebration: 8411939
* Nutty-throne: 4585314
* New-rear: 6406444
* Hapless-syrup: 4526280"
niah_multiquery,28540,"The special magic numbers mentioned in the text are:

* 5107776 (annoyed-cigarette)
* 1409790 (defeated-dig)
* 4340845 (few-storage)
* 6207974 (fluffy-legume)"
niah_multiquery,31820,"The special magic numbers mentioned in the text are:

* 7705062 (for productive-kitsch)
* 1093026 (for tranquil-investment)
* 3475836 (for fresh-secretariat)
* 8132769 (for clever-spit)"
niah_multiquery,3522,"According to the text, the special magic numbers for the following are:

- tan-creche: 5013879
- receptive-shackle: 9130188
- tender-rainmaker: 5652512
- grouchy-peninsula: 8379837"
niah_multiquery,27580,"The special magic numbers mentioned in the text are:

* 7960328 (beautiful-hydrocarb)
* 4879923 (delightful-military)
* 4589533 (weary-sailing)
* 3563646 (lucky-scenario)"
niah_multiquery,25068,"According to the text, the special magic numbers for the following are:

* Smelly-barrage: 7381734
* Kind-blind: 6009888
* Maddening-rescue: 1327691
* Permissible-waterwheel: 1098919"
niah_multiquery,37776,"The special magic numbers mentioned in the text are:

* 9147720 (nostalgic-billing)
* 7523941 (adjoining-theology)
* 3768991 (worthless-reject)
* 7783308 (inquisitive-roller)"
niah_multiquery,21076,"Here are the special magic numbers mentioned in the text:

* Glamorous-selling: 7360307
* Damaging-stamp: 8746014
* Easy-scrip: 1843636
* Therapeutic-advocacy: 8190929"
niah_multiquery,10005,"The special magic numbers mentioned in the text for the following categories are:

* Uncovered-astrologer: 2919136
* Overt-consent: 5299055
* Cruel-calcification: 8945036
* Short-mob: 4656838"
niah_multiquery,1896,"The special magic numbers mentioned in the text are:

* 5074336 (boiling-zoologist)
* 4327421 (maniacal-outfit)
* 7296605 (humorous-strait)
* 6059717 (chunky-arm)"
niah_multiquery,25516,"The special magic numbers mentioned in the text are:

* 2770648 (powerful-explosion)
* 9488613 (billowy-eaglet)
* 6724909 (threatening-unemployment)
* 8047416 (abrasive-perception)"
niah_multiquery,27586,"The special magic numbers mentioned in the text are:

* 5679639 (broken-conclusion)
* 5502929 (youthful-contention)
* 5118725 (illegal-physical)
* 8307727 (overrated-zombie)"
niah_multiquery,17217,"Here are the special magic numbers mentioned in the text for each of the specified categories:

**Political-asset:**

* 4558780

**Imminent-activity:**

* 4050766

**Knowing-symptom:**

* 5334434

**Itchy-volleyball:**

* 5691890"
niah_multiquery,14228,"The special magic numbers mentioned in the text for the respective individuals are:

* Vigorous-correspondent: 8987516
* Obsolete-fifth: 1289293
* Thoughtful-tomato: 9234615
* Poor-evaluator: 5031966"
niah_multiquery,34033,"The special magic numbers mentioned in the text are:

* 9990305 (courageous-swallow)
* 5638893 (plausible-thief)
* 4106298 (victorious-pie)
* 4630331 (eminent-toque)"
niah_multiquery,3294,"According to the text, the special magic numbers are:

* 1237370 (historical-supply)
* 9961299 (wet-resolution)
* 5602180 (cruel-mixture)
* 4010529 (large-fulfillment)"
niah_multiquery,16385,"The special magic numbers mentioned in the text are:

* 1861958 (for efficacious-apricot)
* 9031491 (for panoramic-nexus)
* 5770422 (for abrasive-clogs)
* 6716097 (for numerous-slate)"
niah_multiquery,36695,"The special magic numbers mentioned in the text are:

* 7982241 (cooperative-lie)
* 6097514 (shocking-clothing)
* 5163953 (bright-forage)
* 3503120 (demonic-pleat)"
niah_multiquery,3526,"According to the text, the special magic numbers for the following are:

* Healthy-device: 1547605
* Flawless-entry: 5833597
* Abandoned-enigma: 7853787
* Odd-criticism: 8883823"
niah_multiquery,24872,"The special magic numbers mentioned in the text for the respective categories are:

* Royal-textual: 9284509
* Grieving-reporter: 9396529
* Warlike-lack: 7752972
* Verdant-soap: 6101803"
niah_multiquery,11789,"The special magic numbers mentioned in the text are:

* 5521644 (unequaled-manufacturer)
* 1348050 (flaky-child)
* 1674975 (smelly-role)
* 2532210 (adamant-wrecker)"
niah_multiquery,10640,"Here are the special magic numbers mentioned in the text for each of the categories:

* Inexpensive-disco: 6386463
* Uncovered-tactics: 2754894
* Juicy-godparent: 7850944
* Callous-story: 8885465"
niah_multiquery,32592,"The special magic numbers mentioned in the text are:

* 2477398 (for onerous-mode)
* 9633492 (for melted-trail)
* 5234550 (for hushed-aluminum)
* 2944841 (for illustrious-stockings)"
niah_multiquery,7036,"According to the text, the special magic numbers for each of these categories are:

* Arrogant-sponge: 4415140
* Graceful-evidence: 3198037
* Tall-mine: 8416216
* Hard-digestion: 8350368"
niah_multiquery,6968,"According to the text, the special magic numbers for the following are:

* capricious-dust: 4769851
* scrawny-beet: 7844947
* comfortable-feed: 8741810
* scientific-eye: 1229419"
niah_multiquery,4052,"The special magic numbers mentioned in the text are:

* 4197911 (ludicrous-incentive)
* 9526867 (standing-fratricide)
* 3426689 (scientific-stool)
* 8663605 (fresh-interaction)"
niah_multiquery,32519,"The special magic numbers mentioned in the text are:

* 9125900 (round-classroom)
* 8491822 (defective-shine)
* 9214801 (sour-whip)
* 6008935 (half-spume)"
niah_multiquery,29751,"According to the text, the special magic numbers are:

* For wakeful-reduction: 5006492
* For amused-woman: 6338112
* For slimy-desert: 7425184
* For flipped-out-teen: 7891662"
niah_multiquery,21081,"The special magic numbers mentioned in the text are:

* 3589751 (misty-boutique)
* 3418526 (absorbed-windage)
* 2672884 (numerous-opera)
* 8665981 (reminiscent-mask)"
niah_multiquery,2951,"The special magic numbers mentioned in the text are:

* 6024207 (voracious-guilder)
* 3791137 (obedient-secretion)
* 2686231 (cheerful-sadness)
* 1771600 (adjoining-signal)"
niah_multiquery,29621,"Here are the special magic numbers mentioned in the text:

* For shy-wrench: 4020853
* For righteous-yin: 7913081
* For boundless-police: 7418028
* For doubtful-derivation: 3937176"
niah_multiquery,20447,"According to the text, the special magic numbers are:

* For foolish-graph: 7398231
* For erect-ham: 7454081
* For orange-bachelor: 6068760
* For plastic-pollution: 2789344"
niah_multiquery,7394,"Here are the special magic numbers mentioned in the text for each of the given names:

* cagey-jute: 5951131
* imperfect-burro: 7970985
* yummy-step-aunt: 3204724
* sneaky-sunlight: 7121355"
niah_multiquery,34048,"The special magic numbers mentioned in the text are:

* 9084065 (giant-stair)
* 3361510 (boiling-catacomb)
* 6682698 (helpful-backyard)
* 8857296 (condemned-impress)"
niah_multiquery,7528,"The special magic numbers mentioned in the text for the following are:

* tightfisted-archer: 7850067
* thundering-begonia: 2060605
* wary-chocolate: 6069909
* teeny-tree: 8789116"
niah_multiquery,29687,"The special magic numbers mentioned in the text are:

* Sparkling-jade: 3592464
* Macho-quicksand: 8610879
* Rotten-target: 3276065
* Likeable-thesis: 8031780"
niah_multiquery,3227,"The special magic numbers mentioned in the text are:

* 2666893 (for laughable-oasis)
* 8438733 (for fantastic-reporter)
* 7162857 (for vast-builder)
* 4961312 (for obnoxious-arm-rest)"
niah_multiquery,10838,"The special magic numbers mentioned in the text for the following are:

- Imported-gorilla: 3475548
- Squealing-clarinet: 1047572
- Curly-seminar: 5205279
- Grumpy-virginal: 3427461"
niah_multiquery,28611,"The special magic numbers mentioned in the text are:

* 3923366 (absorbing-lizard)
* 1879109 (goofy-curio)
* 2906718 (reminiscent-quantity)
* 8062546 (cruel-senator)"
niah_multiquery,25506,"The special magic numbers mentioned in the text are:

* 9035982 (bad-cutover)
* 9748499 (wry-locket)
* 1522621 (therapeutic-resource)
* 8684678 (historical-birdhouse)"
niah_multiquery,5731,"The special magic numbers mentioned in the text are:

* 8608449 (irate-crew)
* 7942639 (flagrant-overhead)
* 8575834 (new-vehicle)
* 7979148 (massive-communion)"
niah_multiquery,5732,"The special magic numbers mentioned in the text are:

* 9512969 (smoggy-sole)
* 2738129 (kaput-variation)
* 3595941 (faithful-casement)
* 6242022 (happy-salt)"
niah_multiquery,11849,"The special magic numbers mentioned in the text are:

* 4026879 (adjoining-skyline)
* 5487028 (strong-digger)
* 6183902 (grotesque-acorn)
* 1440466 (nervous-salesman)"
niah_multiquery,10639,"Here are the special magic numbers mentioned in the text for each of the mentioned categories:

* Fanatical-bootie: 7311494
* Mysterious-dugout: 8610913
* Deadpan-jump: 1514340
* Calm-lab: 9900022"
niah_multiquery,34039,"The special magic numbers mentioned in the text are:

* 9164342 (uppity-tachometer)
* 5752087 (colorful-chopsticks)
* 6174418 (repulsive-ruler)
* 8212753 (jobless-unibody)"
niah_multiquery,11851,"The special magic numbers mentioned in the text are:

* 5856117 (gentle-atom)
* 3013003 (important-stepdaughter)
* 9344741 (ablaze-milepost)
* 3302417 (faint-dock)"
niah_multiquery,33028,"The special magic numbers mentioned in the text are:

* 8719145 (draconian-nectar)
* 7070880 (versed-wealth)
* 8326807 (burly-action)
* 5082173 (clear-underwire)"
niah_multiquery,31948,"The special magic numbers mentioned in the text are:

* 8531380 (overjoyed-strip)
* 3564729 (drunk-notice)
* 2264218 (towering-shear)
* 9289908 (dysfunctional-brushing)"
niah_multiquery,1890,"The special magic numbers mentioned in the text are:

* For kind-eraser: 9511700
* For grouchy-reserve: 1942411
* For tasteless-vibration: 6080483
* For blue-sale: 6207779"
niah_multiquery,9938,"The special magic numbers mentioned in the text are:

* 5156449 (alluring-hare)
* 3895058 (quaint-beancurd)
* 8344365 (wet-description)
* 2414808 (jealous-shelter)"
niah_multiquery,5993,"According to the text, the special magic numbers for the following are:

* tasteless-feed: 6614484
* berserk-lout: 6531293
* minor-oat: 6676858
* upset-razor: 1878547"
niah_multiquery,21020,"The special magic numbers mentioned in the text for the respective categories are:

* Jumpy-priest: 6204824
* Tranquil-interconnection: 7575963
* Brave-site: 3372774
* Curious-laptop: 2421349"
niah_multiquery,12805,"According to the text, the special magic numbers are:

* For abundant-meal: 7083379
* For quickest-vacation: 7070468
* For fallacious-tulip: 6733317
* For huge-anywhere: 4024309"
niah_multiquery,17574,"The special magic numbers mentioned in the text are:

* 4985095 (unusual-necktie)
* 4925917 (obtainable-doll)
* 5780297 (obeisant-herring)
* 7111929 (moaning-competence)"
niah_multiquery,28605,"The special magic numbers mentioned in the text are:

* 7406756 (habitual-lock)
* 3718884 (mushy-spool)
* 3321942 (erratic-account)
* 9849306 (puzzled-armoire)"
niah_multiquery,1759,"The special magic numbers mentioned in the text are:

* 1472908 (for few-redhead)
* 7289990 (for brave-twilight)
* 2662338 (for icy-collagen)
* 7478792 (for fluttering-parallelogram)"
niah_multiquery,6964,"The special magic numbers mentioned in the text are:

* 4618086 (gentle-meat)
* 1318832 (boundless-yacht)
* 1088100 (obsolete-supervision)
* 9854536 (defiant-underestimate)"
niah_multiquery,30436,"The special magic numbers mentioned in the text are:

* 9825812 (for bewildered-quartz)
* 2436363 (for elderly-premium)
* 7988844 (for skinny-steeple)
* 7049927 (for redundant-kumquat)"
niah_multiquery,1899,"The special magic numbers mentioned in the text for the respective entities are:

* Bewildered-mineshaft: 6784825
* Frail-definition: 2739191
* Abstracted-blouse: 6991041
* Lively-relationship: 5255545"
niah_multiquery,2950,"The special magic numbers mentioned in the text are:

* 1614394 (gaping-exception)
* 8942330 (marked-migrant)
* 9646701 (hulking-macrame)
* 4206183 (threatening-champion)"
niah_multiquery,22171,"The special magic numbers mentioned in the text for the respective categories are:

* Voiceless-agency: 9347057
* Materialistic-seeker: 8377556
* Lyrical-dance: 6688090
* Elderly-bean: 9324908"
niah_multiquery,21089,"Here are the special magic numbers mentioned in the text for each of the given categories:

* Wrong-wrapper: 6914963
* Observant-attention: 1710601
* Sulky-leek: 8297090
* Grouchy-nightlight: 1962308"
niah_multiquery,34815,"The special magic numbers mentioned in the text are:

* 7423230 (late-underwriting)
* 7145971 (thirsty-yurt)
* 4959345 (bewildered-chuck)
* 3117788 (alcoholic-army)"
niah_multiquery,11919,"The special magic numbers mentioned in the text are:

* 5675638 (for tightfisted-hostel)
* 6274512 (for marked-expedition)
* 7156398 (for rhetorical-talk)
* 3310140 (for bored-boundary)"
niah_multiquery,10716,"According to the text, the special magic numbers for the following are:

* Unbecoming-assassination: 6828829
* Utter-investment: 6361793
* Whispering-paddock: 2089496
* Scattered-dueling: 5871470"
niah_multiquery,18898,"The special magic numbers mentioned in the text are:

* 3177199 (painstaking-care)
* 7189302 (secretive-dirt)
* 7054838 (adaptable-liar)
* 9288312 (foamy-smuggling)"
niah_multiquery,4973,"The special magic numbers mentioned in the text are:

* 3717354 (for disillusioned-pint)
* 9692311 (for creepy-monk)
* 6102363 (for deranged-dioxide)
* 4782763 (for illustrious-bore)"
niah_multiquery,1164,"The special magic numbers mentioned in the text are:

* For tired-gastropod: 4536777
* For slimy-plunger: 7989166
* For testy-hall: 5440189
* For brave-insect: 1762722"
niah_multiquery,13187,"According to the text, the special magic numbers for the following are:

* Blue-dictionary: 2005173
* Different-lycra: 8375356
* Fretful-taro: 7813102
* Hesitant-temporary: 8609207"
niah_multiquery,9938,"Here are the special magic numbers mentioned in the text:

* Harsh-vitamin: 7444964
* Funny-percentage: 3363534
* Super-chin: 8015136
* Changeable-rethinking: 1849015"
niah_multiquery,3016,"The special magic numbers mentioned in the text for the following individuals are:

* Handsomely-hugger: 1137194
* Daily-pint: 5437118
* Cloistered-vol: 8229768"
niah_multiquery,20945,"The special magic numbers mentioned in the text are:

* For tacit-tackle: 2993318
* For lying-supervisor: 9460003
* For curious-centre: 2622046
* For odd-archives: 5692934"
niah_multiquery,27514,"The special magic numbers mentioned in the text are:

* 1652868 (for animated-appeal)
* 9712957 (for peaceful-wasp)
* 6587495 (for dangerous-laptop)
* 1675365 (for pumped-mark)"
niah_multiquery,1230,"The special magic numbers mentioned in the text are:

* 9551583 for quick-kumquat
* 6643410 for spurious-gaffer
* 6020319 for majestic-arrangement
* 9218263 for ripe-icon"
niah_multiquery,28134,"Here are the special magic numbers mentioned in the text:

* Mushy-witch-hunt: 3540594
* Nutritious-liquidity: 6262886
* Slippery-corn: 2843740
* Embarrassed-whiskey: 1317716"
niah_multiquery,18259,"Here are the special magic numbers mentioned in the text for each of the given categories:

* Fierce-cast: 5993143
* Empty-skeleton: 5135904
* Gullible-boy: 6007984
* Stupid-notepad: 9123194"
niah_multiquery,13394,"The special magic numbers mentioned in the text are:

* 1851702 (frantic-tender)
* 2832517 (dangerous-shackle)
* 5014486 (super-luck)
* 5557052 (shivering-chin)"
niah_multiquery,34037,"The special magic numbers mentioned in the text are:

* For murky-switchboard: 3949245
* For alert-variable: 7660463
* For profuse-reminder: 4125790
* For harsh-archeology: 1628578"
niah_multiquery,5800,"The special magic numbers mentioned in the text are:

* 4240708 (silly-drinking)
* 5949685 (instinctive-watchmaker)
* 9644974 (neighborly-alphabet)
* 7802999 (dusty-baseline)"
niah_multiquery,260,"The special magic numbers mentioned in the text are:

* 8494978 (fluttering-equivalent)
* 7435310 (gleaming-mind)
* 6530194 (graceful-decimal)
* 1114590 (funny-sin)"
niah_multiquery,17747,"The special magic numbers mentioned in the text are:

* 6147356 (overt-peace)
* 9430894 (vast-nothing)
* 2983483 (barbarous-sprout)
* 7801762 (diligent-meeting)"
niah_multiquery,31745,"The special magic numbers mentioned in the text are:

* For rotten-step-son: 4664338
* For muddy-focus: 8899184
* For stingy-cuticle: 7268384
* For deranged-invoice: 8633275"
niah_multiquery,26938,"According to the text, the special magic numbers for the following are:

* disillusioned-limit: 6504900
* short-smile: 2882551
* barbarous-glove: 9480665
* evasive-aspic: 3514105"
niah_multiquery,24085,"According to the text, the special magic numbers for the following are:

* old-starboard: 3213658
* orange-adult: 1968662
* shaky-clothing: 8757420
* ragged-spec: 7969667"
niah_multiquery,11846,"According to the text, the special magic numbers for the following are:

* jobless-chairman: 2069713
* rural-forest: 2010921
* billowy-fritter: 8920040
* animated-alb: 8108462"
niah_multiquery,16229,"The special magic numbers mentioned in the text are:

* 8115687 (overconfident-pregnancy)
* 7363203 (rightful-usher)
* 6005700 (acoustic-cafe)"
niah_multiquery,13269,"The special magic numbers mentioned in the text are:

* 3351084 (auspicious-slipper)
* 5853035 (quack-dirt)
* 4931560 (null-vegetable)
* 4645172 (royal-packaging)
* 4 (mentioned in the context of a device being half the size of a MacBook Air, but not explicitly labeled as a magic number)"
niah_multiquery,3233,"The special magic numbers mentioned in the text are:

* 5616316 (hilarious-preparation)
* 7938388 (fearless-gumshoe)
* 3938247 (bad-graph)
* 9745141 (truculent-operator)"
niah_multiquery,21092,"Here are the special magic numbers mentioned in the text:

* Daily-strategy: 7516590
* Selfish-embryo: 9891787
* Evil-left: 6540893
* Freezing-god: 5278117"
niah_multiquery,17511,"The special magic numbers for scintillating-style, maniacal-nestmate, hallowed-bulldozer, and freezing-balloon are:

* 6395804 (scintillating-style)
* 5015307 (maniacal-nestmate)
* 7386444 (hallowed-bulldozer)
* 4431161 (freezing-balloon)"
vt,0,"To find the variables that are assigned the value 51090, we need to track the chain of variable assignments.

VAR LTVHU = 510"
vt,1,"To find the variables that are assigned the value 74820, we need to track the chain(s) of variable assignment in the text.

The first"
vt,2,"After carefully examining the text, I found the following chain(s) of variable assignment:

1. VAR CAIRY = 69735
2."
vt,3,"To find the variables that are assigned the value 74925, we need to track the chain of variable assignments.

VAR PJAWE = 749"
vt,4,"To find the variables that are assigned the value 15311, we need to track the chain of variable assignments.

VAR PTPZV ="
vt,5,"To find the variables that are assigned the value 63707, we need to track the chain of variable assignments.

VAR ZHQPT = 637"
vt,6,"To find the variables that are assigned the value 38693, we need to track the chain(s) of variable assignment in the text.

The first"
vt,7,"To find the variables that are assigned the value 35658, we need to track the chain of variable assignments.

VAR JTQTF = 356"
vt,8,"To find the variables that are assigned the value 28431, we need to track the chain of variable assignments.

The value 28431 is assigned"
vt,9,"To find the variables that are assigned the value 69150, we need to track the chain of variable assignments.

VAR QXMOQ ="
vt,10,"To find the variables that are assigned the value 94654, we need to track the chain of variable assignments.

VAR RLHZW = 946"
vt,11,"To find the variables that are assigned the value 77435, we need to track the chain(s) of variable assignment in the text.

VAR VM"
vt,12,"To find the variables that are assigned the value 76803, we need to track the chain of variable assignments.

VAR RTYKT = 768"
vt,13,"To find the variables that are assigned the value 21394, we need to track the chain of variable assignments.

VAR ZOUCW ="
vt,14,"To find the variables that are assigned the value 13890, we need to track the chain of variable assignments.

VAR CSWQT = 138"
vt,15,"To find the variables that are assigned the value 90038, we need to track the chain of variable assignments.

VAR TOUVZ = 900"
vt,16,"To find the variables that are assigned the value 20627, we need to track the chain(s) of variable assignment in the text.

The first"
vt,17,"To find the variables that are assigned the value 83969, we need to track the chain of variable assignments.

VAR NKIII = 83969"
vt,18,"To find the variables that are assigned the value 86552, we need to track the chain of variable assignments.

VAR JPYTB = 865"
vt,19,"To find the variables that are assigned the value 78148, we need to track the chain of variable assignments.

VAR SCOQI = 781"
vt,20,"To find the variables that are assigned the value 58555, we need to track the chain of variable assignments.

VAR IVMVJ ="
vt,21,"To find the variables that are assigned the value 90077, we need to track the chain(s) of variable assignment in the text.

The first"
vt,22,"To find all variables that are assigned the value 77121, we need to track the chain(s) of variable assignment.

VAR AUITQ ="
vt,23,"To find the variables that are assigned the value 99475, we need to track the chain of variable assignments.

VAR JUGCL = 994"
vt,24,"To find the variables that are assigned the value 76557, we need to track the chain of variable assignments.

The value 76557 is assigned"
vt,25,"To find the variables that are assigned the value 88953, we need to track the chain(s) of variable assignment in the text.

VAR OPC"
vt,26,"To find the variables that are assigned the value 50757, we need to track the chain of variable assignments.

VAR XIYBW = 507"
vt,27,"To find the variables that are assigned the value 55758, we need to track the chain(s) of variable assignment in the text.

VAR WE"
vt,28,"To find the variables that are assigned the value 81211, we need to track the chain of variable assignments.

The value 81211 is assigned"
vt,29,"To find all variables that are assigned the value 47065, we need to track the chain(s) of variable assignment.

VAR CAIDR ="
vt,30,"To find the variables that are assigned the value 21534, we need to track the chain(s) of variable assignment in the text.

The first"
vt,31,"To find the variables that are assigned the value 11016, we need to track the chain(s) of variable assignment in the text.

The first"
vt,32,"To find the variables that are assigned the value 65591, we need to track the chain of variable assignments.

The value 65591 is assigned"
vt,33,"To find the variables that are assigned the value 33247, we need to track the chain of variable assignments.

VAR LRSMX = 332"
vt,34,"To find the variables that are assigned the value 84065, we need to track the chain(s) of variable assignment in the text.

VAR VT"
vt,35,"To find the variables that are assigned the value 19268, we need to track the chain(s) of variable assignment in the text.

The value"
vt,36,"To find the variables that are assigned the value 22185, we need to track the chain(s) of variable assignment in the text.

The value"
vt,37,"To find the variables that are assigned the value 96779, we need to track the chain(s) of variable assignment in the text.

VAR TM"
vt,38,"To find the variables that are assigned the value 18571, we need to track the chain of variable assignments.

VAR GJUCY ="
vt,39,"To find the variables that are assigned the value 61214, we need to track the chain(s) of variable assignment in the text.

The value"
vt,40,"To find the variables that are assigned the value 58984, we need to track the chain of variable assignments.

VAR DELOK = 589"
vt,41,"To find the variables that are assigned the value 12568, we need to track the chain(s) of variable assignment in the text.

The first"
vt,42,"To find the variables that are assigned the value 77563, we need to track the chain(s) of variable assignment in the text.

The value"
vt,43,"To find the variables that are assigned the value 58190, we need to track the chain of variable assignments.

VAR VCWQR = 581"
vt,44,"To find the variables that are assigned the value 97538, we need to track the chain of variable assignments.

The value 97538 is assigned"
vt,45,"To find the variables that are assigned the value 43159, we need to track the chain of variable assignments.

VAR NOGOZ = 431"
vt,46,"To find the variables that are assigned the value 71858, we need to track the chain of variable assignments.

VAR KBHRS = 718"
vt,47,"To find the variables that are assigned the value 48660, we need to track the chain of variable assignments.

The value 48660 is assigned"
vt,48,"To find the variables that are assigned the value 36854, we need to track the chain of variable assignments.

VAR TDZDN = 368"
vt,49,"To find the variables that are assigned the value 62251, we need to track the chain of variable assignments.

VAR IKVKO = 622"
vt,50,"To find the variables that are assigned the value 18392, we need to track the chain(s) of variable assignment in the text.

The first"
vt,51,"To find the variables that are assigned the value 88603, we need to track the chain of variable assignments.

VAR RFGXI = 886"
vt,52,"To find the variables that are assigned the value 99135, we need to track the chain of variable assignments.

VAR GMBZS ="
vt,53,"To find the variables that are assigned the value 87373, we need to track the chain of variable assignments.

VAR RVSBV = 873"
vt,54,"To find the variables that are assigned the value 94651, we need to track the chain of variable assignments.

The value 94651 is assigned"
vt,55,"To find the variables that are assigned the value 20965, we need to track the chain(s) of variable assignment in the text.

The first"
vt,56,"To find the variables that are assigned the value 80592, we need to track the chain(s) of variable assignment in the text.

VAR DC"
vt,57,"To find the variables that are assigned the value 89309, we need to track the chain of variable assignments.

VAR XCSQX ="
vt,58,"To find the variables that are assigned the value 62992, we need to track the chain of variable assignments.

The value 62992 is assigned"
vt,59,"To find the variables that are assigned the value 16910, we need to track the chain(s) of variable assignment in the text.

VAR RV"
vt,60,"To find the variables that are assigned the value 97054, we need to track the chain(s) of variable assignment in the text.

VAR W"
vt,61,"To find the variables that are assigned the value 33419, we need to track the chain(s) of variable assignment.

The value 33419"
vt,62,"After analyzing the text, I found that the variable `EOZWQ` is assigned the value `60015`. 

The chain of variable assignment is"
vt,63,"To find the variables that are assigned the value 97939, we need to track the chain of variable assignments.

The value 97939 is assigned"
vt,64,"To find the variables that are assigned the value 90356, we need to track the chain(s) of variable assignment in the text.

The first"
vt,65,"To find the variables that are assigned the value 66044, we need to track the chain(s) of variable assignment in the text.

VAR A"
vt,66,"To find the variables that are assigned the value 43827, we need to track the chain of variable assignments.

The value 43827 is assigned"
vt,67,"To find the variables that are assigned the value 72623, we need to track the chain of variable assignments.

VAR GZHMC = 726"
vt,68,"To find the variables that are assigned the value 85450, we need to track the chain(s) of variable assignment in the text.

The first"
vt,69,"To find the variables that are assigned the value 53585, we need to track the chain of variable assignments.

The value 53585 is assigned"
vt,70,"To find the variables that are assigned the value 52557, we need to track the chain of variable assignments.

The value 52557 is assigned"
vt,71,"To find the variables that are assigned the value 12693, we need to track the chain of variable assignments.

The value 12693 is assigned"
vt,72,"To find all variables that are assigned the value 35939, we need to track the chain(s) of variable assignment.

VAR QROFQ"
vt,73,"To find the variables that are assigned the value 52941, we need to track the chain of variable assignments.

The value 52941 is assigned"
vt,74,"To find the variables that are assigned the value 28047, we need to track the chain of variable assignments.

VAR JULBX = 28047"
vt,75,"To find the variables that are assigned the value 85766, we need to track the chain of variable assignments.

The value 85766 is assigned"
vt,76,"To find the variables that are assigned the value 31976, we need to track the chain of variable assignments.

The value 31976 is assigned"
vt,77,"To find the variables that are assigned the value 33776, we need to track the chain of variable assignments.

The value 33776 is assigned"
vt,78,"To find the variables that are assigned the value 76842, we need to track the chain of variable assignments.

VAR JFMBJ ="
vt,79,"To find the variables that are assigned the value 16776, we need to track the chain(s) of variable assignment.

The value 16776"
vt,80,"To find the variables that are assigned the value 19474, we need to track the chain of variable assignments.

VAR CFWNK = 194"
vt,81,"To find the variables that are assigned the value 31959, we need to track the chain of variable assignments.

VAR RIJEQ = 319"
vt,82,"To find the variables that are assigned the value 13748, we need to track the chain of variable assignments.

VAR AJZPN = 137"
vt,83,"To find the variables that are assigned the value 76199, we need to track the chain of variable assignments.

The value 76199 is assigned"
vt,84,"To find all variables that are assigned the value 83530, we need to track the chain(s) of variable assignment.

VAR ETGGG ="
vt,85,"To find the variables that are assigned the value 78840, we need to track the chain of variable assignments.

VAR CJWEG = 788"
vt,86,"To find the variables that are assigned the value 61005, we need to track the chain of variable assignments.

The value 61005 is assigned"
vt,87,"To find the variables that are assigned the value 49353, we need to track the chain of variable assignments.

VAR DGGTT = 493"
vt,88,"To find the variables that are assigned the value 93211, we need to track the chain(s) of variable assignment in the text.

The first"
vt,89,"To find the variables that are assigned the value 75318, we need to track the chain(s) of variable assignment in the text.

VAR HQ"
vt,90,"To find the variables that are assigned the value 33664, we need to track the chain of variable assignments.

VAR KYYES = 336"
vt,91,"To find the variables that are assigned the value 95616, we need to track the chain(s) of variable assignment in the text.

The first"
vt,92,"To find the variables that are assigned the value 10854, we need to track the chain of variable assignments.

VAR VDWFM = 108"
vt,93,"To find the variables that are assigned the value 17392, we need to track the chain(s) of variable assignment in the text.

VAR TOR"
vt,94,"To find the variables that are assigned the value 56717, we need to track the chain of variable assignments.

VAR OOCLE = 567"
vt,95,"To find the variables that are assigned the value 60859, we need to track the chain of variable assignments.

VAR RZZTO = 608"
vt,96,"To find the variables that are assigned the value 97455, we need to track the chain of variable assignments.

VAR YGRES = 97455"
vt,97,"To find the variables that are assigned the value 80467, we need to track the chain of variable assignments.

VAR KZNSX ="
vt,98,"To find the variables that are assigned the value 22688, we need to track the chain of variable assignments.

VAR DQPRF ="
vt,99,"To find the variables that are assigned the value 47157, we need to track the chain of variable assignments.

The value 47157 is assigned"
cwe,0,Answer: The top 10 words that appear most often in the list are: 1. living 2. district 3. scholarship 4. pocketbook 5. self-confidence 6. derivation 7. unemployment 8. plight 9. question 10. brunch
cwe,1,Answer: The top 10 words that appear most often in the list are: 1. weak 2. airplane 3. gold 4. stretch 5. fanlight 6. abuse 7. audited 8. runway 9. absorbed 10. unblinking
cwe,2,The top 10 words that appear most often in the list are: 1. bill 2. guy 3. replacement 4. bidet 5. testament 6. masterpiece 7. bill 8. bill 9. bill 10. bill
cwe,3,The top 10 words that appear most often in the list are: 1. open 2. modify 3. wriggler 4. root 5. fly 6. forgery 7. pumpkin 8. surrounds 9. predecessor 10. zebrafish
cwe,4,The top 10 words that appear most often in the list are: 1. trust 2. evening-wear 3. shake 4. bad 5. irate 6. wafer 7. teaching 8. exile 9. parched 10. trust
cwe,5,The top 10 words that appear most often in the list are: 1. toque 2. termite 3. warren 4. ask 5. nose 6. consolidate 7. pinstripe 8. adaptation 9. surrounds 10. adaptation
cwe,6,The top 10 words that appear most often in the list are: 1. schoolhouse 2. racial 3. judge 4. sake 5. inflation 6. witch-hunt 7. youthful 8. artifact 9. artifact 10. schoolhouse
cwe,7,The top 10 words that appear most often in the list are: 1. criterion 2. legacy 3. margin 4. dresser 5. criminal 6. criterion 7. neon 8. suggest 9. criterion 10. estuary
cwe,8,The top 10 words that appear most often in the list are: 1. worth 2. smith 3. proctor 4. amusement 5. discrimination 6. toll 7. freeze 8. disregard 9. wail 10. peninsula
cwe,9,The top 10 words that appear most often in the list are: 1. space 2. rubber 3. bear 4. sorrow 5. disclaimer 6. handgun 7. transom 8. wanting 9. piety 10. fledgling
cwe,10,The top 10 words that appear most often in the list are: 1. airbus 2. kielbasa 3. kennel 4. pavement 5. impulse 6. seminar 7. wolf 8. hedge 9. founding 10. peninsula
cwe,11,The top 10 words that appear most often in the list are: 1. anatomy 2. destruction 3. legal 4. ethnicity 5. monument 6. gloom 7. shy 8. fascinated 9. hazel 10. stupidity
cwe,12,Answer: The top 10 words that appear most often in the list are: 1. bedroom 2. veteran 3. accurate 4. siege 5. bandwidth 6. excellence 7. perform 8. equable 9. perform 10. accuracy
cwe,13,The top 10 words that appear most often in the list are: 1. changeable 2. rocker 3. prostanoid 4. validity 5. weekend 6. vineyard 7. poncho 8. monster 9. placode 10. resonant
cwe,14,The top 10 words that appear most often in the list are: 1. chance 2. creation 3. casserole 4. moose 5. adoption 6. subsidy 7. redundant 8. mood 9. insurgence 10. chance
cwe,15,The top 10 words that appear most often in the list are: 1. important 2. spite 3. inspection 4. sticker 5. govern 6. impairment 7. prizefight 8. pinecone 9. sub 10. insectarium
cwe,16,Answer: The top 10 words that appear most often in the list are: 1. album 2. paintwork 3. inhabitant 4. wasteful 5. provider 6. redhead 7. museum 8. swanling 9. onion 10. disapprove
cwe,17,The top 10 words that appear most often in the list are: 1. choice 2. cantaloupe 3. id 4. cobbler 5. larva 6. sniffle 7. elderberry 8. aggression 9. unable 10. fillet
cwe,18,Answer: The top 10 words that appear most often in the list are: 1. test 2. coaster 3. trophy 4. patriot 5. broker 6. sunshine 7. eligibility 8. induction 9. corporation 10. heartwood
cwe,19,The top 10 words that appear most often in the list are: 1. underclothes 2. appliance 3. awe 4. trove 5. healthy 6. flee 7. afterthought 8. amusement 9. angel 10. revolution
cwe,20,The top 10 words that appear most often in the list are: 1. resource 2. change 3. booking 4. harvester 5. award 6. chasm 7. embossing 8. cart 9. shoestring 10. alb
cwe,21,Answer: The top 10 words that appear most often in the list are: 1. alphabet 2. update 3. respect 4. discreet 5. mere 6. skylight 7. saloon 8. dancer 9. low 10. respect
cwe,22,The top 10 words that appear most often in the list are: 1. loan 2. expense 3. graduation 4. gel 5. cement 6. supervise 7. dough 8. equivalent 9. applied 10. stitcher
cwe,23,The top 10 words that appear most often in the list are: 1. prompt 2. barium 3. silkworm 4. forever 5. puzzled 6. fright 7. canvas 8. intervention 9. gopher 10. malice
cwe,24,The top 10 words that appear most often in the list are: 1. bedrock 2. medication 3. concert 4. fund 5. linguistics 6. tooth 7. dugout 8. accessory 9. spell 10. medication
cwe,25,Answer: The top 10 words that appear most often in the list are: 1. someplace 2. basil 3. crepe 4. dragonfruit 5. pigeon 6. wholesaler 7. intend 8. catamaran 9. rehabilitate 10. bakery
cwe,26,The top 10 words that appear most often in the list are: 1. preference 2. diary 3. breakfast 4. villa 5. tolerant 6. kindness 7. odometer 8. ingrate 9. dawn 10. squealing
cwe,27,Answer: The top 10 words that appear most often in the list are: 1. sleepiness 2. omega 3. locality 4. cent 5. ferret 6. oatmeal 7. silly 8. juvenile 9. rampant 10. extremist
cwe,28,The top 10 words that appear most often in the list are: 1. bed 2. approach 3. assertion 4. hiring 5. iris 6. probation 7. tinkle 8. mode 9. dishwasher 10. grin
cwe,29,The top 10 words that appear most often in the list are: 1. ship 2. timer 3. artery 4. argument 5. accusation 6. hydrocarbon 7. recreation 8. registry 9. wary 10. glider
cwe,30,The top 10 words that appear most often in the list are: 1. health 2. status 3. linguist 4. aware 5. curtain 6. protein 7. moonlight 8. visa 9. stretch 10. curtain
cwe,31,The top 10 words that appear most often in the list are: 1. lane 2. grant 3. reliability 4. enrollment 5. causeway 6. kneejerk 7. responsibility 8. rediscovery 9. justify 10. elf
cwe,32,The top 10 words that appear most often in the list are: 1. aquarium 2. appoint 3. evil 4. shock 5. salty 6. traveler 7. gauge 8. heart-throb 9. fillet 10. appointment
cwe,33,The top 10 words that appear most often in the list are: 1. clothes 2. budget 3. proposition 4. arrogant 5. reception 6. forsake 7. mango 8. inverse 9. submitter 10. retrospective
cwe,34,The top 10 words that appear most often in the list are: 1. matrix 2. jet 3. atelier 4. son 5. sock 6. riddle 7. scrap 8. twig 9. bait 10. dragonfly
cwe,35,The top 10 words that appear most often in the list are: 1. wildebeest 2. toque 3. high 4. obtainable 5. youth 6. pricing 7. summer 8. pike 9. juggernaut 10. transformation
cwe,36,Answer: The top 10 words that appear most often in the list are: 1. rely 2. media 3. label 4. shutdown 5. remark 6. father 7. littleneck 8. registry 9. screeching 10. rely
cwe,37,The top 10 words that appear most often in the list are: 1. understand 2. believer 3. logic 4. warning 5. pantsuit 6. spite 7. wet 8. patriarch 9. poetry 10. logic
cwe,38,The top 10 words that appear most often in the list are: 1. task 2. deserve 3. yin 4. slave 5. behold 6. elated 7. goose 8. vaulting 9. livestock 10. examiner
cwe,39,The top 10 words that appear most often in the list are: 1. gherkin 2. papa 3. pottery 4. occasion 5. urge 6. verse 7. scissors 8. effectiveness 9. grocery 10. slide
cwe,40,Answer: The top 10 words that appear most often in the list are: 1. term 2. cost 3. clover 4. back-up 5. thorn 6. agonizing 7. discrepancy 8. browsing 9. ark 10. overwrought
cwe,41,Answer: The top 10 words that appear most often in the list are: 1. faculty 2. location 3. panel 4. jicama 5. hesitant 6. greedy 7. escape 8. stride 9. priesthood 10. parsimonious
cwe,42,The top 10 words that appear most often in the list are: 1. cereal 2. stamina 3. right 4. serial 5. jug 6. reamer 7. obstacle 8. chauffeur 9. invitation 10. crabby
cwe,43,The top 10 words that appear most often in the list are: 1. layer 2. cockpit 3. rest 4. crewmember 5. graduation 6. interview 7. fireman 8. swell 9. landing 10. layer
cwe,44,The top 10 words that appear most often in the list are: 1. regard 2. dynamics 3. formula 4. expensive 5. regard 6. steal 7. regard 8. tram 9. regard 10. snob
cwe,45,The top 10 words that appear most often in the list are: 1. sound 2. match 3. hashtag 4. wicked 5. cabbage 6. diagnose 7. lyre 8. inlay 9. bonfire 10. ambiguity
cwe,46,Answer: The top 10 words that appear most often in the list are: 1. pinto 2. cheddar 3. angle 4. abide 5. dish 6. winner 7. perspective 8. tornado 9. represent 10. abide
cwe,47,The top 10 words that appear most often in the list are: 1. neighbor 2. plate 3. pathology 4. proposition 5. bankruptcy 6. provider 7. glut 8. coffin 9. painful 10. semiconductor
cwe,48,Answer: The top 10 words that appear most often in the list are: 1. correspondent 2. efficacious 3. kind 4. siege 5. temporary 6. disposal 7. frantic 8. amazement 9. finer 10. crocodile
cwe,49,The top 10 words that appear most often in the list are: 1. waterfall 2. generation 3. limit 4. eggplant 5. modernist 6. holistic 7. pastoralist 8. ecology 9. tomography 10. fourths
cwe,50,The top 10 words that appear most often in the list are: 1. nation 2. democracy 3. vaccine 4. attachment 5. boulder 6. headline 7. buggy 8. ribbon 9. utter 10. pickup
cwe,51,Answer: The top 10 words that appear most often in the list are: 1. term 2. brother 3. external 4. farrow 5. knock 6. ziggurat 7. brood 8. darn 9. parade 10. whisper
cwe,52,The top 10 words that appear most often in the list are: 1. pool 2. window 3. pleasure 4. spasm 5. silk 6. divorce 7. overclocking 8. conspiracy 9. mammoth 10. foamy
cwe,53,Answer: The top 10 words that appear most often in the list are: 1. duster 2. definition 3. expand 4. medal 5. truth 6. mustard 7. carpet 8. cling 9. magenta 10. love
cwe,54,The top 10 words that appear most often in the list are: 1. circuit 2. difficulty 3. vintage 4. ligand 5. shoot 6. airspace 7. mansard 8. screw-up 9. partridge 10. understatement
cwe,55,Answer: The top 10 words that appear most often in the list are: 1. floor 2. angry 3. rubber 4. essence 5. genius 6. manhunt 7. weakness 8. contention 9. direct 10. chafe
cwe,56,Answer: The top 10 words that appear most often in the list are: 1. learned 2. wrong 3. signify 4. rib 5. callous 6. swan 7. secret 8. blogger 9. vacuum 10. shaggy
cwe,57,The top 10 words that appear most often in the list are: 1. core 2. diesel 3. cranky 4. hive 5. protest 6. stallion 7. thirsty 8. crowded 9. administrator 10. jumbo
cwe,58,The top 10 words that appear most often in the list are: 1. climate 2. coevolution 3. bartender 4. dragon 5. swordfight 6. icy 7. remains 8. hypothesize 9. climate 10. hypothesize
cwe,59,The top 10 words that appear most often in the list are: 1. track 2. schema 3. sensor 4. morbid 5. villa 6. formamide 7. track 8. track 9. track 10. track
cwe,60,Answer: The top 10 words that appear most often in the list are: 1. data 2. equation 3. almanac 4. unable 5. stripe 6. honor 7. branch 8. sleeping 9. lavish 10. indication
cwe,61,The top 10 words that appear most often in the list are: 1. working 2. creator 3. printer 4. curved 5. bomb 6. rider 7. pirate 8. precede 9. workable 10. coast
cwe,62,Answer: The top 10 words that appear most often in the list are: 1. addition 2. scripture 3. gyro 4. soil 5. fragile 6. elimination 7. total 8. melt 9. scrip 10. breakpoint
cwe,63,The top 10 words that appear most often in the list are: 1. club 2. pannier 3. great 4. recipient 5. spiffy 6. happen 7. pianist 8. curl 9. withdraw 10. dangerous
cwe,64,The top 10 words that appear most often in the list are: 1. song 2. harbor 3. cooperative 4. description 5. strand 6. backyard 7. shocking 8. clover 9. koala 10. organizing
cwe,65,Answer: The top 10 words that appear most often in the list are: 1. successful 2. saviour 3. exit 4. egghead 5. sunlamp 6. hurt 7. businessman 8. spelt 9. ping 10. duel
cwe,66,The top 10 words that appear most often in the list are: 1. oyster 2. pannier 3. tin 4. pair 5. loving 6. proposition 7. child 8. hacienda 9. undershirt 10. ecology
cwe,67,The top 10 words that appear most often in the list are: 1. statin 2. angle 3. brave 4. bait 5. guitar 6. noisy 7. valley 8. uptight 9. identify 10. bomb
cwe,68,Answer: The top 10 words that appear most often in the list are: 1. internet 2. remind 3. trust 4. robust 5. tankful 6. tolerance 7. bore 8. penalty 9. napkin 10. complexity
cwe,69,The top 10 words that appear most often in the list are: 1. program 2. general 3. petal 4. bend 5. proposal 6. ribbon 7. puritan 8. fry 9. patrolling 10. qualification
cwe,70,The top 10 words that appear most often in the list are: 1. answer 2. practice 3. bottom-line 4. robin 5. parsnip 6. bowler 7. archaeologist 8. colorlessness 9. reputation 10. philosophy
cwe,71,The top 10 words that appear most often in the list are: 1. timer 2. pupil 3. common 4. disappear 5. helmet 6. rethinking 7. catch 8. complexity 9. antler 10. sunlamp
cwe,72,The top 10 words that appear most often in the list are: 1. lollipop 2. glasses 3. playroom 4. ex-husband 5. legislature 6. moron 7. beating 8. unify 9. formation 10. sarong
cwe,73,Answer: The top 10 words that appear most often in the list are: 1. zen 2. attendance 3. great-grandfather 4. monument 5. dawn 6. misfit 7. bamboo 8. trot 9. fetus 10. zoologist
cwe,74,The top 10 words that appear most often in the list are: 1. text 2. lead 3. group 4. piece 5. wrap 6. ray 7. south 8. merciful 9. achiever 10. major-league
cwe,75,The top 10 words that appear most often in the list are: 1. cookie 2. sauerkraut 3. military 4. battalion 5. prepare 6. warning 7. church 8. kaput 9. sweltering 10. confirmation
cwe,76,The top 10 words that appear most often in the list are: 1. pattern 2. rug 3. comfortable 4. point 5. scheme 6. resident 7. emotion 8. kill 9. sister-in-law 10. scheme
cwe,77,Answer: The top 10 words that appear most often in the list are: 1. quota 2. success 3. edge 4. reboot 5. councilor 6. psychology 7. directive 8. financing 9. quota 10. unsuitable
cwe,78,The top 10 words that appear most often in the list are: 1. newsprint 2. object 3. omega 4. weigh 5. pair 6. sideboard 7. satire 8. cannon 9. accent 10. flaky
cwe,79,Answer: The top 10 words that appear most often in the list are: 1. lie 2. term 3. decency 4. raiment 5. camel 6. jumper 7. fast 8. dancer 9. pasture 10. quiver
cwe,80,Answer: The top 10 words that appear most often in the list are: 1. basis 2. norm 3. feeling 4. restaurant 5. thigh 6. diam 7. ex-wife 8. adhesive 9. basis 10. restaurant
cwe,81,The top 10 words that appear most often in the list are: 1. horse 2. councilman 3. utopian 4. shell 5. rhetoric 6. replace 7. sweet 8. civilization 9. hydroxyl 10. bookmark
cwe,82,The top 10 words that appear most often in the list are: 1. trigger 2. bleach 3. airline 4. compile 5. privilege 6. injure 7. hydrocarbon 8. lipstick 9. bottling 10. draconian
cwe,83,The top 10 words that appear most often in the list are: 1. know 2. sauerkraut 3. teaching 4. news 5. friendship 6. pedal 7. cobweb 8. endurable 9. scattered 10. teaching
cwe,84,The top 10 words that appear most often in the list are: 1. downtown 2. velvet 3. passing 4. unable 5. swivel 6. lush 7. reindeer 8. alternative 9. jaded 10. pouch
cwe,85,Answer: The top 10 words that appear most often in the list are: 1. book 2. clock 3. cadet 4. anywhere 5. antigen 6. decoder 7. innate 8. headrest 9. clock 10. book
cwe,86,The top 10 words that appear most often in the list are: 1. ice 2. cultivator 3. glacier 4. lacking 5. poster 6. blue-eyed 7. prefer 8. snowplow 9. country 10. cultivator
cwe,87,The top 10 words that appear most often in the list are: 1. oxygen 2. committee 3. tourism 4. imagine 5. framework 6. disability 7. monopoly 8. rent 9. misnomer 10. emergence
cwe,88,Answer: The top 10 words that appear most often in the list are: 1. minute 2. steel 3. influence 4. component 5. butter 6. medication 7. brawny 8. hectare 9. demon 10. influence
cwe,89,The top 10 words that appear most often in the list are: 1. training 2. look 3. current 4. analyst 5. initiative 6. topsail 7. possession 8. wrestle 9. fig 10. feast
cwe,90,The top 10 words that appear most often in the list are: 1. word 2. clothes 3. reply 4. pasta 5. waiter 6. intentionality 7. swath 8. mug 9. sourwood 10. luxuriant
cwe,91,The top 10 words that appear most often in the list are: 1. roster 2. unity 3. improve 4. handgun 5. eye 6. conflict 7. castanet 8. organising 9. hockey 10. correspondence
cwe,92,The top 10 words that appear most often in the list are: 1. guy 2. clerk 3. bedrock 4. analytics 5. murky 6. exhibition 7. melt 8. inversion 9. camel 10. analytics
cwe,93,The top 10 words that appear most often in the list are: 1. class 2. influence 3. politician 4. limb 5. frog 6. guideline 7. proliferation 8. trailer 9. confusion 10. veldt
cwe,94,Answer: The top 10 words that appear most often in the list are: 1. census 2. historian 3. advocate 4. manipulate 5. sickness 6. racist 7. decimal 8. voting 9. clammy 10. ethereal
cwe,95,Answer: The top 10 words that appear most often in the list are: 1. somebody 2. goal 3. bacterium 4. institution 5. tune-up 6. record 7. somebody 8. somebody 9. somebody 10. somebody
cwe,96,The top 10 words that appear most often in the list are: 1. experience 2. vehicle 3. news 4. dining 5. tensor 6. wasp 7. unpack 8. bottom-line 9. nebulous 10. float
cwe,97,The top 10 words that appear most often in the list are: 1. pot 2. tailor 3. hate 4. dentist 5. provision 6. battle 7. breakpoint 8. gauntlet 9. moon 10. embellishment
cwe,98,The top 10 words that appear most often in the list are: 1. buzzard 2. driveway 3. tacky 4. distinction 5. flash 6. toy 7. appreciation 8. bitten 9. crackers 10. misogyny
cwe,99,The top 10 words that appear most often in the list are: 1. maniacal 2. entity 3. bulb 4. mankind 5. mob 6. application 7. monk 8. rake 9. resonant 10. pyramid
fwe,0,"nwlwst (24 times)
rspvov (17 times)
hmcxdl (14 times)"
fwe,1,"nquuzu (34 times)
quiivw (24 times)
xldxvi (20 times)"
fwe,2,"qahtet, rykyzi, and isumqe"
fwe,3,"pahzqz, rjrmnp, gkcbhy"
fwe,4,"Based on the given text, the three most frequently appeared words are:

1. pixifh (34 times)
2. risqae (32 times)
3. pdlvgs (24 times)"
fwe,5,"pjlmwu, rmgiwo, xbhiai"
fwe,6,"The three most frequently appeared words in the coded text are:

1. oefoyd (appears 43 times)
2. qbrohj (appears 34 times)
3. vrtuuv (appears 24 times"
fwe,7,"pxnekv (14 times)
seyxtf (13 times)
hawigo (12 times)"
fwe,8,"ptcnsm, sjazjs, hxgibe"
fwe,9,"npifva (34 times)
pftxuo (26 times)
hickzo (24 times)"
fwe,10,"The three most frequently appeared words in the coded text are:

1. njrdiy (appears 73 times)
2. pfvslb (appears 64 times)
3. gihvoe (appears 44 times)"
fwe,11,"Based on the given text, the three most frequently appeared words are:

1. qbfoej (appears 43 times)
2. sxcyxs (appears 37 times)
3. iupssq (appears 34"
fwe,12,"Based on the given text, the three most frequently appeared words are:

1. oifuvf (appears 73 times)
2. qogovd (appears 64 times)
3. hofblz (appears"
fwe,13,"pcmmjo, lyuhvo, flmmmw"
fwe,14,"oybuay, rcooiq, wyxcvu"
fwe,15,"occhnz (24 times)
qoyswm (23 times)
fnnnpw (22 times)"
fwe,16,"pkwrtm, sbudci, hzyqpg"
fwe,17,"The three most frequently appeared words in the coded text are:

1. ooikxk (appears 73 times)
2. roydhb (appears 54 times)
3. gjhgik (appears 34 times)"
fwe,18,"poxqlz (34 times)
ryoyvj (32 times)
phrjsi (23 times)"
fwe,19,"oblmud (34 times)
qfiyfz (26 times)
frunwu (24 times)"
fwe,20,"nvmaet (34 times)
rfwfka (26 times)
ylkcno (24 times)"
fwe,21,"mxktza (34 times)
penhqc (32 times)
wzejlu (24 times)"
fwe,22,"mrcwrh, osazmp, gtfdur"
fwe,23,"ozkqiz
rcxsib
wftgfh"
fwe,24,"The three most frequently appeared words in the coded text are:

1. ngawip (appears 43 times)
2. qgnpts (appears 34 times)
3. gjuurv (appears 26 times)"
fwe,25,"The three most frequently appeared words in the coded text are:

1. najhau (appears 43 times)
2. ozkwve (appears 37 times)
3. xbozrm (appears 24 times)"
fwe,26,"After analyzing the text, the three most frequently appeared words are:

1. ouhzfc (34 times)
2. qqdmwy (26 times)
3. xhjtlw (20 times)"
fwe,27,"Based on the given text, the three most frequently appeared words are:

1. ohtocs (appears 43 times)
2. rklcsz (appears 37 times)
3. idkslm (appears 34 times"
fwe,28,"obksgx, rwifpi, wsdbth"
fwe,29,"oxnhhe (24 times)
qtrcyo (23 times)
gfzlku (22 times)"
fwe,30,"nrolwh (14 times)
qialvh (13 times)
xppqjf (12 times)"
fwe,31,"The three most frequently appeared coded words are:

1. oavclr (appears 73 times)
2. rvtsmx (appears 54 times)
3. fmohzr (appears 34 times)"
fwe,32,"qlqnui (34 times)
svumyb (32 times)
homben (24 times)"
fwe,33,"ntiqpi (34 times)
qzgsoo (26 times)
gmndyk (24 times)"
fwe,34,"mobexa, ovxotw, wvsftm"
fwe,35,"qhqqrk, sezfns, xdkvjm"
fwe,36,"olhzgl, rqhlky, ikwssm"
fwe,37,"mlparn, qnorit, fxsasw"
fwe,38,"qcjhvs (24 times)
svgbmq (22 times)
xtwnvw (17 times)"
fwe,39,"The three most frequently appeared words in the coded text are:

1. odaoic (appears 43 times)
2. pzohmq (appears 34 times)
3. wmlaia (appears 23 times)"
fwe,40,"poxvrt (34 times)
sbhhac (24 times)
xrmfbw (17 times)"
fwe,41,"pcxoqn, rbwdaa, wxeqza"
fwe,42,"niskbv, qaqiqj, gqighq"
fwe,43,"pfmolj (34 times)
rzkmta (32 times)
ixhdvf (29 times)"
fwe,44,"The three most frequently appeared words in the coded text are:

1. pqghcf (appears 43 times)
2. rltoky (appears 37 times)
3. gyrsst (appears 24 times)"
fwe,45,"maqkya, pmvmhl, frzhck"
fwe,46,"pcdwon
royrez
oyiwuiv"
fwe,47,"npbylv (14 times)
qyliql (13 times)
xfzezd (12 times)"
fwe,48,"Based on the given text, the three most frequently appeared words are:

1. orxkpf (appears 43 times)
2. rgxhiz (appears 37 times)
3. hnnujt (appears"
fwe,49,"Based on the given text, the three most frequently appeared words are:

1. ngnxjo (appears 73 times)
2. qhzxlk (appears 64 times)
3. wicles (appears 44 times"
fwe,50,"Based on the given text, the three most frequently appeared words are:

1. ourlsh (appears 43 times)
2. rnmjrs (appears 37 times)
3. gkeiab (appears 24"
fwe,51,"The three most frequently appeared words in the coded text are:

1. oeslla (appears 43 times)
2. redvpg (appears 34 times)
3. fmuxqd (appears 29 times)"
fwe,52,"npazqb (14 times)
psfdct (13 times)
etjvkg (12 times)"
fwe,53,"ownaxw (24 times)
qnhaey (23 times)
wvfamw (17 times)"
fwe,54,"powwcf (24 times)
ruszxl (23 times)
orsfgf (17 times)"
fwe,55,"The three most frequently appeared words in the coded text are:

1. nyipeb (appears 43 times)
2. qaerti (appears 34 times)
3. xbmmag (appears 24 times)"
fwe,56,"oxnbga (34 times)
qqtunk (32 times)
hbhdym (24 times)"
fwe,57,"The three most frequently appeared words in the coded text are:

1. ofnrmu (appears 73 times)
2. pxvjyz (appears 64 times)
3. xipjvw (appears 44 times)"
fwe,58,"ogcbud (34 times)
rbwoax (26 times)
ihvjqz (24 times)"
fwe,59,"rgurrb (34 times)
orgtsw (33 times)
hcpzhr (24 times)"
fwe,60,"Based on the given text, the three most frequently appeared words are:

1. pwckhl (34 times)
2. rsktnm (26 times)
3. hrsdbj (24 times)"
fwe,61,"nxmapa (14 times)
pnxxrc (13 times)
hacdrt (12 times)"
fwe,62,"pzzptm, nunwrx, fvhbae"
fwe,63,"oyfhjc, qzvvdu, wgfmxu"
fwe,64,"The three most frequently appeared words in the coded text are:

1. mspkkv (appears 73 times)
2. qayosl (appears 54 times)
3. guehuo (appears 44 times)"
fwe,65,"nrveev (24 times)
pgfrvs (23 times)
gbdhjj (17 times)"
fwe,66,"qdjcmh, rsqwzc, hklklu"
fwe,67,"Based on the given text, the three most frequently appeared words are:

1. ovfarp (appears 34 times)
2. rckbzg (appears 32 times)
3. gmrmhl (appears 24 times"
fwe,68,"nrchhy, qhtprn, gtyviq"
fwe,69,"ockjwk (14 times)
hrnklb (13 times)
qapewu (12 times)"
fwe,70,"pdodck (24 times)
rezmqb (23 times)
hhdovc (17 times)"
fwe,71,"pmpddc, sayzlw, hflxpb"
fwe,72,"oubtqm, qmmeom, wwrwfv"
fwe,73,"oidvdl (34 times)
qixrxg (26 times)
hjytzd (24 times)"
fwe,74,"ourhhw (24 times)
qypjlo (23 times)
hmyzou (17 times)"
fwe,75,"mpnjok, pvlpdj, hzgsxp"
fwe,76,"After analyzing the text, the three most frequently appeared words are:

1. ogjdzi (appears 73 times)
2. qnmqjr (appears 54 times)
3. frrvbp (appears 34 times"
fwe,77,"noqfvh, ptunvb, gftqyg"
fwe,78,"Based on the given text, the three most frequently appeared words are:

1. mqnkmq (appears 73 times)
2. qgvpzv (appears 54 times)
3. fzmlwh (appears 34"
fwe,79,"rmhqbt, pozmqp, and hmmpvd"
fwe,80,"lzzvib (34 times)
orplso (32 times)
wcjtuf (24 times)"
fwe,81,"ovagvx, qtdngb, inndan"
fwe,82,"After analyzing the text, I found the three most frequently appeared words to be:

1. ogjiwc (appears 43 times)
2. qeraav (appears 37 times)
3. guwnxx (appears 34"
fwe,83,"After analyzing the text, I found the three most frequently appeared words to be:

1. ogtbrr (appears 63 times)
2. qbifim (appears 56 times)
3. hurpef (appears"
fwe,84,"qcfikk, shpwaa, and gofckf"
fwe,85,"The three most frequently appeared words in the coded text are:

1. oremvt (appears 43 times)
2. rnkjec (appears 37 times)
3. gvkljf (appears 24 times)"
fwe,86,"pxermk, rdrixd, hqvnkh"
fwe,87,"ogvoqa (34 times)
rwdcdq (26 times)
gexxpc (24 times)"
fwe,88,"The three most frequently appeared coded words are:

1. nfxdol (appears 43 times)
2. qreepl (appears 37 times)
3. gosqec (appears 26 times)"
fwe,89,"ncoero (24 times)
pwcxok (23 times)
wzkhha (17 times)"
fwe,90,"After analyzing the text, I found the three most frequently appeared words to be:

1. mulpzr (appears 73 times)
2. pkmcnh (appears 64 times)
3. wdwjrc (appears"
fwe,91,"nbtydt (14 times)
pcamgu (13 times)
fvmvxi (12 times)"
fwe,92,"olzyps (34 times)
qybavj (32 times)
gbwgkz (24 times)"
fwe,93,"pkuljt, rlixql, wmflds"
fwe,94,"After analyzing the text, I found the three most frequently appeared words to be:

1. oinryg (appears 73 times)
2. qzmber (appears 64 times)
3. gketvd (appears"
fwe,95,"mtqzbe, qtanus, gqxtlv"
fwe,96,"oyqosl, rmtckz, gwtgee"
fwe,97,"The three most frequently appeared words in the coded text are:

1. oofbuy (appears 43 times)
2. rjvyjk (appears 37 times)
3. imtvjq (appears 34 times)"
fwe,98,"qaccry, rmcmsk, hdqvtr"
fwe,99,"onmwbp (14 times)
pqlton (13 times)
gagypz (12 times)"
qa_1,0,France
qa_1,1,The 10th and 11th centuries.
qa_1,2,"Denmark, Iceland, Norway."
qa_1,3,Rollo
qa_1,4,The 10th century.
qa_1,5,William II of Normandy
qa_1,6,Rollo
qa_1,7,Catholicism (Christianity)
qa_1,8,Norseman
qa_1,9,9th century
qa_1,10,911
qa_1,11,King Charles III of West Francia.
qa_1,12,The Epte.
qa_1,13,Rollo
qa_1,14,Catholicism (Christianity)
qa_1,15,Upper Normandy
qa_1,16,Fighting horsemen.
qa_1,17,The Seljuk Turks.
qa_1,18,The 1050s.
qa_1,19,The 1060s.
qa_1,20,Alexius Komnenos.
qa_1,21,Trim Castle
qa_1,22,Oursel
qa_1,23,The Armenians.
qa_1,24,They were descended from an Italo-Norman named Raoul.
qa_1,25,Robert Guiscard
qa_1,26,1085
qa_1,27,"30,000"
qa_1,28,Deabolis.
qa_1,29,Bohemond
qa_1,30,Deabolis
qa_1,31,1185
qa_1,32,Dyrrachium
qa_1,33,"The city of Dyrrachium was located in the Adriatic region, specifically in the area that is now part of Albania."
qa_1,34,Ethelred II of England
qa_1,35,Duke Richard II of Normandy.
qa_1,36,Normandy
qa_1,37,Sweyn Forkbeard.
qa_1,38,Harthacnut
qa_1,39,1041
qa_1,40,Robert of Jumièges.
qa_1,41,The Battle of Hastings.
qa_1,42,Duke William II of Normandy.
qa_1,43,1066
qa_1,44,Anglo-Saxons
qa_1,45,Middle English.
qa_1,46,1169
qa_1,47,Ireland
qa_1,48,Irish culture.
qa_1,49,Edgar Atheling
qa_1,50,Malcolm III of Scotland
qa_1,51,1072
qa_1,52,Duncan
qa_1,53,Sybilla of Normandy
qa_1,54,The Davidian Revolution was the introduction of Normans and Norman culture to Scotland.
qa_1,55,Hereford.
qa_1,56,The Welsh.
qa_1,57,Edward the Confessor.
qa_1,58,Wales
qa_1,59,1018
qa_1,60,William of Montreuil
qa_1,61,1097
qa_1,62,Tancred
qa_1,63,The conquest of Jerusalem.
qa_1,64,380 years
qa_1,65,A storm.
qa_1,66,Berengaria
qa_1,67,1191
qa_1,68,Isaac Komnenos
qa_1,69,Conrad of Montferrat
qa_1,70,Silver.
qa_1,71,Guy de Lusignan.
qa_1,72,Africa
qa_1,73,Jean de Bethencourt
qa_1,74,Maciot de Bethencourt
qa_1,75,Maciot de Bethencourt
qa_1,76,The Channel Islands.
qa_1,77,2
qa_1,78,"Rounded arches, particularly over windows and doorways, and massive proportions."
qa_1,79,"Rounded arches, particularly over windows and doorways."
qa_1,80,Early Gothic
qa_1,81,Anglo-Saxon
qa_1,82,The Kingdom of Sicily.
qa_1,83,The early 11th century.
qa_1,84,The Normans.
qa_1,85,The 16th century.
qa_1,86,Embroidery.
qa_1,87,The Bayeux Tapestry.
qa_1,88,"Odo, the Bishop of Bayeux and first Earl of Kent."
qa_1,89,Mosaics.
qa_1,90,The 11th century.
qa_1,91,William of Volpiano and John of Ravenna.
qa_1,92,Sant'Eufemia in southern Italy.
qa_1,93,Sant'Eufemia.
qa_1,94,Robert Guiscard
qa_1,95,Singing.
qa_1,96,Computational complexity theory.
qa_1,97,Difficulty
qa_1,98,A computational problem.
qa_1,99,Time complexity.
qa_2,0,No
qa_2,1,Village Accountant
qa_2,2,Animorphs
qa_2,3,Yes
qa_2,4,Greenwich Village
qa_2,5,YG Entertainment
qa_2,6,Eenasul Fateh
qa_2,7,"4,000"
qa_2,8,"Annie Morton was born on October 8, 1970, and Terry Richardson was born on August 14, 1965."
qa_2,9,Yes
qa_2,10,Kansas Song
qa_2,11,David Weissman
qa_2,12,1999
qa_2,13,Yes
qa_2,14,Alex Ferguson
qa_2,15,United States
qa_2,16,North Atlantic Conference
qa_2,17,Yes
qa_2,18,Nixon
qa_2,19,Robert Erskine Childers
qa_2,20,Pedro Rodríguez
qa_2,21,Sonic the Hedgehog.
qa_2,22,iSight iMac G5
qa_2,23,Wolf Alice
qa_2,24,Peter Schmeichel
qa_2,25,Lee Hazlewood
qa_2,26,1838
qa_2,27,Yes
qa_2,28,Henry J. Kaiser
qa_2,29,Arena of Khazan
qa_2,30,2000
qa_2,31,"Fujioka, Gunma in Japan."
qa_2,32,Charles Nungesser and François Coli
qa_2,33,No
qa_2,34,Letters to Cleo
qa_2,35,1924
qa_2,36,2000
qa_2,37,World War II
qa_2,38,No
qa_2,39,Columbia University
qa_2,40,The Scotch Collie.
qa_2,41,Kochi
qa_2,42,1962
qa_2,43,Ethiopian sovereignty.
qa_2,44,Nelson Rockefeller
qa_2,45,Yellowcraigs
qa_2,46,Phil Spector
qa_2,47,World Summit of Nobel Peace Laureates
qa_2,48,Yes
qa_2,49,English Electric Canberra
qa_2,50,"2009, Big 12 Conference"
qa_2,51,Carrefour
qa_2,52,Indianapolis Motor Speedway
qa_2,53,New York City
qa_2,54,"Max Martin, Savan Kotecha, Ilya Salmanzadeh, and Tove Lo."
qa_2,55,Marion
qa_2,56,Drifting
qa_2,57,Jerry Glanville
qa_2,58,Boston
qa_2,59,Yes
qa_2,60,Muggsy Bogues
qa_2,61,Steven Spielberg
qa_2,62,Virginia Woolf
qa_2,63,19800
qa_2,64,Halliburton
qa_2,65,Charmed
qa_2,66,IBHOF
qa_2,67,Usher
qa_2,68,Brian Doyle-Murray
qa_2,69,Carabao Cup
qa_2,70,Teen Titans
qa_2,71,Strasbourg
qa_2,72,Orange
qa_2,73,Tromeo and Juliet
qa_2,74,Bill Clinton
qa_2,75,John John Florence
qa_2,76,Ann
qa_2,77,The Ais native population.
qa_2,78,British
qa_2,79,1865
qa_2,80,Lempster
qa_2,81,Bob Seger
qa_2,82,requiring only men to register for the draft
qa_2,83,Mondelez International
qa_2,84,Monica Lewinsky
qa_2,85,"April 1, 1949"
qa_2,86,1866
qa_2,87,"The Canary Islands, Spain."
qa_2,88,There is no information in the given documents about the number of copies of Roald Dahl's variation on a popular anecdote sold.
qa_2,89,Film director
qa_2,90,The Conversation
qa_2,91,John Waters
qa_2,92,Las Vegas
qa_2,93,No
qa_2,94,March and April
qa_2,95,Fairfax County
qa_2,96,IT products and services.
qa_2,97,Lev Yilmaz
qa_2,98,Beijing
qa_2,99,No
